d_admdong_cd,d_gu_name,d_admdong_name,residential_filter,candidate_type,adjusted_mobility_score,mobility_score,residential_dominance_score,cnt_2030,avg_daily_2030,date_count,share_2030,young_single_households,young_single_ratio,young_homebound_ratio,origin_diversity,evening_2030_ratio,avg_move_time_2030,morning_2030_ratio,afternoon_2030_ratio,late_night_2030_ratio,weekday_2030_ratio,friday_2030_ratio,weekend_2030_ratio,avg_move_dist_2030,total_cnt,d_center_x,d_center_y,weighted_move_time_2030,weighted_move_dist_2030,evening_2030_cnt,morning_2030_cnt,afternoon_2030_cnt,late_night_2030_cnt,weekday_2030_cnt,friday_2030_cnt,weekend_2030_cnt,row_count,active_days,d_gu_cd,d_area_sqm,gu_name,admdong_name,living_admdong_cd,young_population,young_low_weekend_outing_group,young_very_low_outing_group,residential_match_note,residential_penalty,visit_pattern_type,commercial_zone_ratio,residential_zone_ratio,total_sales,sales_per_store,food_sales_ratio,daytime_influx_ratio,commercial_potential_score
11170650,용산구,이태원1동,혼재형 (상권+거주),야간 소비형,2.9262204687303015,4.39928171699837,2.1043732118115273,316097.71,10536.590333333334,30,0.5029616156994409,1121.33,0.3865322302654257,0.08333678042054464,626,0.19460213742136884,41.46899627966302,0.02095424860876088,0.33968914232248,0.10923672936447403,0.44035731862783817,0.17273940390140755,0.3869032774707542,10069.747875459141,628472.83,199403.0,448207.0,13108254.76,3183024243.71,61513.29,6623.59,107374.96,34529.479999999996,139195.94,54602.53,122299.24,124185,30,11170,582899.0,용산구,이태원1동,1103065,2901.0,149.36,92.4,매칭,2.1043732118115273,목적 방문형,0.0,0.0,0.0,0.0,0.0,1.0,3.4262204687303015
11740620,강동구,천호3동,방문성 검토,야간 소비형,2.6633090987007613,3.180726227752311,0.7391673272165001,431318.37,14377.279,30,0.3574015233357014,2086.82,0.24527738598965682,0.03904913023037142,642,0.21433320820534493,39.044309798351506,0.015403517360041957,0.3090526842156062,0.07183457082989533,0.5851877349902811,0.1414794598245375,0.2733328051851814,8183.275538136713,1206817.38,211781.0,448918.0,16840528.06,3529597066.37,92445.85,6643.82,133300.1,30983.57,252402.22,61022.69,117893.45999999999,170739,30,11740,561872.0,강동구,천호3동,1125063,8508.0,174.78,157.45,매칭,0.7391673272165001,목적 방문형,0.0,0.0,0.0,0.0,0.0,1.0,3.1633090987007613
11710562,송파구,방이2동,혼재형 (상권+거주),광역 목적지형,2.413192441511054,4.385580071082336,2.81769661367326,881963.25,29398.775,30,0.45276347927009697,4094.32,0.38860288534548215,0.05364939255884586,646,0.1915254858975133,39.43065446321034,0.018969985427397345,0.3175352260992734,0.062085976938381505,0.5583635372562292,0.15199780716486772,0.28963865557890306,8802.385793535048,1947955.81,210069.0,445980.0,34776388.16,7763380782.22,168918.44,16730.83,280054.4,54757.55,492456.12,134056.48,255450.65,252144,30,11710,769841.0,송파구,방이2동,1124058,10536.0,353.37,211.88,매칭,2.81769661367326,목적 방문형,0.0,0.0,0.0,0.0,0.0,1.0,2.913192441511054
11440655,마포구,서강동,혼재형 (상권+거주),관찰 필요,2.830087203868864,3.9517246783761646,1.6023392492961441,847365.3099999999,28245.51033333333,30,0.5159002786401734,3025.7000000000003,0.3004368980240294,0.04220534207129382,629,0.11474806538870468,39.545980115707124,0.015119783461515554,0.4272510518515326,0.04594078792297976,0.6304457755061982,0.1444071270748622,0.22514709741893968,8480.357817621776,1642498.26,193463.0,449693.0,33509891.7,7185961031.04,97233.53,12811.98,362037.72,38928.63,534217.88,122365.59,190781.84,223623,30,11440,1478577.0,마포구,서강동,1114076,10071.0,260.93,164.12,매칭,1.6023392492961441,생활 밀착형,0.0,0.0,0.0,0.0,0.0,1.0,2.830087203868864
11500591,강서구,화곡6동,방문성 검토,야간 소비형,2.286359151712812,2.814448308365691,0.7544130809326841,406329.73,13544.324333333332,30,0.35596729860913084,2013.5,0.24093574249132463,0.042415938733995455,624,0.19779175400234683,38.66770959634187,0.02521009230606877,0.2989591482759581,0.08679788210427034,0.6024275408053454,0.13902142971423725,0.2585510294804173,8496.750573899675,1141480.5,186854.0,450255.0,15711840.0,3452482366.57,80368.67,10243.61,121475.99,35268.56,244784.22,56488.54,105056.97,146648,30,11500,1037911.0,강서구,화곡6동,1116061,8357.0,190.53,163.94,매칭,0.7544130809326841,목적 방문형,0.0,0.0,0.0,0.0,0.0,1.0,2.786359151712812
11590510,동작구,노량진1동,혼재형 (상권+거주),관찰 필요,2.7113884583078307,3.874775614758599,1.6619816520725266,627263.42,20908.78066666667,30,0.44593822278569945,3250.19,0.2550168693605335,0.05359591996861514,639,0.17600825503263048,38.796886354380426,0.03669093281415964,0.3349201998739222,0.06595500180769348,0.6022982019260743,0.1419671499415668,0.2557346481323588,8533.971864563693,1406615.06,195487.0,445863.0,24335867.62,5353048377.95,110403.54000000001,23014.88,210083.19,41371.159999999996,377799.63,89050.8,160412.99,196698,30,11590,1613446.0,동작구,노량진1동,1120072,12745.0,283.37,399.71,매칭,1.6619816520725266,불명확,0.0,0.0,0.0,0.0,0.0,1.0,2.7113884583078307
11500530,강서구,등촌2동,방문성 검토,관찰 필요,2.1674614732800945,2.1674614732800945,-1.1653632981937005,217183.76,7239.458666666667,30,0.31401848943788074,861.73,0.14252894475686403,0.02986437313926563,612,0.21452828701372514,38.89632263480473,0.021872169447660357,0.29486974532534105,0.0770507886961714,0.5996517419166147,0.14429665459332686,0.25605160349005834,9768.358893040622,691627.3,187630.0,449601.0,8447649.6,2121528913.42,46592.06,4750.28,64040.92,16734.18,130234.62,31338.89,55610.25,115141,30,11500,910666.0,강서구,등촌2동,1116053,6046.0,96.21000000000001,84.35,매칭,0.0,목적 방문형,0.0,0.0,0.0,0.0,0.0,1.0,2.6674614732800945
11170560,용산구,원효로1동,방문성 검토,관찰 필요,2.662497137054987,3.027200337786196,0.5210045724731556,346045.53,11534.851,30,0.41947851619180115,1595.85,0.2683905146316852,0.036062899428187016,630,0.16327192551800912,39.613035342488025,0.030249429894384127,0.315128936934975,0.06725120824418682,0.620968951686791,0.14384188115361582,0.23518916715959312,8699.620873501817,824942.2,197044.0,448666.0,13707913.81,3010464915.97,56499.52,10467.68,109048.96,23271.98,214883.53,49775.840000000004,81386.16,140098,30,11170,589017.0,용산구,원효로1동,1103072,5946.0,143.11,71.32,매칭,0.5210045724731556,생활 밀착형,0.0,0.0,0.0,0.0,0.0,1.0,2.662497137054987
11200690,성동구,성수2가3동,방문성 검토,광역 목적지형,2.650809282933825,3.17405686129655,0.7474965405181784,1176805.98,39226.866,30,0.5052184446898305,1119.97,0.2946514075243357,0.05382267824256775,645,0.05144517535507425,47.9923103976749,0.03782612491483091,0.43942729624810367,0.02618644069092851,0.6048479376353951,0.15459567939992963,0.2405563829646753,10445.227510570603,2329301.3,205133.0,449563.0,56477637.87,12292006196.9,60540.99,44514.01,517120.67,30816.36,711788.67,181929.12,283088.19,365379,30,11200,1054501.0,성동구,성수2가3동,1104068,3801.0,118.21000000000001,86.37,매칭,0.7474965405181784,불명확,0.0,0.0,0.0,0.0,0.0,1.0,2.650809282933825
11710710,송파구,잠실6동,방문성 검토,광역 목적지형,2.639383018141251,2.639383018141251,-3.173074755875258,1548562.28,51618.742666666665,30,0.445554313277392,209.32,0.05383744855967078,0.03628086419753086,646,0.05345945789148371,44.41041746154375,0.03187612835306824,0.48913660095091555,0.01912778735641165,0.5660309445222959,0.141823330476576,0.2921457250011281,10337.08888328986,3475585.88,208793.0,446703.0,68772297.32000001,16007625929.67,82785.3,49362.17,757458.49,29620.57,876534.17,219622.26,452405.85,386943,30,11710,1508001.0,송파구,잠실6동,1124077,3888.0,17.52,123.54,매칭,0.0,불명확,0.0,0.0,0.0,0.0,0.0,1.0,2.639383018141251
11650531,서초구,서초4동,방문성 검토,광역 목적지형,2.6277445928181535,2.6277445928181535,-1.8296549099165325,1142807.92,38093.59733333333,30,0.42256203234570877,626.59,0.10268600458865947,0.02817928548017044,647,0.08286942043593819,48.171550412426264,0.034696399373921036,0.3908326781634485,0.03388257932269143,0.6128139538969944,0.1630693721478584,0.22411667395514726,11823.423200751007,2704473.7399999998,201752.0,444387.0,55050829.33,13511901675.33,94703.83,39651.32,446646.68,38721.28,700328.64,186356.97,256122.31,350344,30,11650,879773.0,서초구,서초4동,1122054,6102.0,53.71,118.24000000000001,매칭,0.0,불명확,0.0,0.0,0.0,0.0,0.0,1.0,2.6277445928181535
11560540,영등포구,여의동,방문성 검토,광역 목적지형,2.6197263947081266,2.6197263947081266,-0.027530506584676456,3327459.54,110915.318,30,0.42622743336873,1393.9,0.1506593169044531,0.0517639429312581,650,0.038869398243682324,44.589514645157784,0.08268141706690744,0.38186207367077407,0.03012522279985409,0.6674407707448788,0.1585976399280275,0.17396158932709366,9689.02083733526,7806770.0,193677.0,447670.0,148369805.89,32239824818.45,129336.34999999999,275119.07,1270630.6,100240.46,2220882.16,527727.23,578850.15,689742,30,11560,8437543.0,영등포구,여의동,1119054,9252.0,102.27,376.65,매칭,0.0,생활 밀착형,0.0,0.0,0.0,0.0,0.0,1.0,2.6197263947081266
11440680,마포구,합정동,혼재형 (상권+거주),관찰 필요,2.5596485792991306,3.8267903634174685,1.8102025487404827,677250.34,22575.011333333332,30,0.5102370412814973,2444.17,0.3530507005633396,0.045890509894554385,630,0.11861423354914817,40.25870358367041,0.01630413356455458,0.4294264658471784,0.039311268562818295,0.5433222964494931,0.14815821281093783,0.3085194907395691,8971.48921825569,1327324.92,191955.0,449720.0,27265220.69,6075944123.37,80331.53,11041.98,290829.22,26623.57,367965.21,100340.2,208944.93,201104,30,11440,1712389.0,마포구,합정동,1114068,6923.0,174.67,143.03,매칭,1.8102025487404827,불명확,0.0,0.0,0.0,0.0,0.0,1.0,2.5596485792991306
11440700,마포구,망원2동,방문성 검토,관찰 필요,1.9650122049479326,1.9650122049479326,-0.36660364179404864,224805.13,7493.504333333333,30,0.3330932587833895,1048.43,0.18300401466224472,0.042201082213300746,612,0.18289120003622691,41.35021131412793,0.013718370216907416,0.4012444466903402,0.059505759499349505,0.5562994492163057,0.13310523652196016,0.31059531426173415,8244.333028743606,674901.47,191180.0,451056.0,9295739.63,1853368358.29,41114.88,3083.96,90201.81,13377.2,125058.97,29922.74,69823.42,100200,30,11440,676411.0,마포구,망원2동,1114070,5729.0,80.02,161.75,매칭,0.0,목적 방문형,0.0,0.0,0.0,0.0,0.0,1.0,2.4650122049479326
11500590,강서구,화곡본동,방문성 검토,야간 소비형,1.9636576220078927,2.7408025444785036,1.1102070321008728,347644.41,11588.146999999999,30,0.330900799751502,2864.02,0.2435598265158602,0.04024832043541117,624,0.21944092240689275,40.46005365079795,0.016498237379971106,0.28828106282508614,0.09355401399953475,0.6040024057915961,0.13872367457310764,0.25727391963529633,9017.360314005913,1050600.09,186577.0,449247.0,14065711.48,3134834906.12,76287.41,5735.52,100219.3,32523.53,209978.06,48226.51,89439.84,144791,30,11500,972735.0,강서구,화곡본동,1116055,11759.0,276.49,196.79,매칭,1.1102070321008728,목적 방문형,0.0,0.0,0.0,0.0,0.0,1.0,2.4636576220078927
11560605,영등포구,문래동,방문성 검토,광역 목적지형,2.3873359625428856,2.3873359625428856,-0.4631396189398658,976944.4400000001,32564.81466666667,30,0.3965510147061291,1410.21,0.15770632968016104,0.03194363677029747,640,0.0958303831485033,42.66560103458903,0.04502758621565009,0.34257612439045154,0.033741847182220515,0.6106161165111907,0.15583337574447936,0.23355050774432984,9820.385055919864,2463603.43,190369.0,446344.0,41681921.71,9593970579.04,93620.95999999999,43989.45,334677.84,32963.91,596538.02,152240.55,228165.87,316785,30,11560,1786708.0,영등포구,문래동,1119076,8942.0,126.14,159.5,매칭,0.0,불명확,0.0,0.0,0.0,0.0,0.0,1.0,2.3873359625428856
11680580,강남구,삼성1동,방문성 검토,광역 목적지형,2.386124689739181,2.386124689739181,-1.0736342058696589,1740743.12,58024.77066666667,30,0.43925533351447493,636.04,0.1645640362225097,0.041120310478654595,645,0.036879358741914774,47.23270517938339,0.0582570850545714,0.41593301830772134,0.02848928680528118,0.628971596912013,0.1629550832290522,0.20807331985893474,11920.654159494825,3962941.34,205375.0,446204.0,82220006.58,20750796714.04,64197.49,101410.62,724032.54,49592.53,1094877.98,283662.94,362202.2,456312,30,11680,1944629.0,강남구,삼성1동,1123058,3865.0,47.7,111.22999999999999,매칭,0.0,생활 밀착형,0.0,0.0,0.0,0.0,0.0,1.0,2.386124689739181
11380551,은평구,갈현1동,방문성 검토,관찰 필요,1.8713576782202823,1.8713576782202823,-0.03907903748653413,274765.19,9158.839666666667,30,0.3132937266818593,1033.0,0.1949056603773585,0.05275660377358491,612,0.18554883171336223,40.14051226794777,0.01757904631223482,0.33510656863047317,0.06950381887894896,0.5708587030256634,0.14806351561491468,0.28107778135942185,8024.11750906292,877021.04,192473.0,458403.0,11029215.48,2204748171.96,50982.36,4830.11,92075.62,19097.23,156852.1,40682.7,77230.39,112434,30,11380,961071.0,은평구,갈현1동,1112055,5300.0,92.77,186.84,매칭,0.0,목적 방문형,0.0,0.0,0.0,0.0,0.0,1.0,2.3713576782202823
11560515,영등포구,영등포본동,방문성 검토,관찰 필요,1.854546160117557,1.854546160117557,-0.20376361324986642,295853.66,9861.788666666665,30,0.30763493355313215,1153.14,0.16116561844863733,0.05033682739343116,626,0.181680902646261,39.426718871755725,0.017988792161638293,0.3506174640530052,0.06181714973544692,0.5540926551322705,0.1390476967565654,0.3068596481111642,10042.766108081949,961703.72,192002.0,446026.0,11664539.08,2971189109.6,53750.96,5322.05,103731.46,18288.83,163930.34,41137.77,90785.55,152542,30,11560,846370.0,영등포구,영등포본동,1119073,7155.0,120.51,239.64999999999998,매칭,0.0,목적 방문형,0.0,0.0,0.0,0.0,0.0,1.0,2.354546160117557
11215847,광진구,자양4동,방문성 검토,광역 목적지형,2.3452223914785844,3.025716030122031,0.9721337694906385,541049.66,18034.988666666668,30,0.42469825897780933,2253.0,0.261156833198099,0.04068737684015301,634,0.14098192021782252,42.254195040063415,0.022855850237480973,0.37676012956001115,0.05194227457790103,0.5707898051354472,0.1458927633371029,0.28331743152744976,8474.408464317305,1273962.51,205623.0,448252.0,22861617.86,4585075818.32,76278.22,12366.15,203845.94,28103.35,308825.63,78935.23,153288.8,189760,30,11215,1180023.0,광진구,자양4동,1105067,8627.0,237.18,113.83,매칭,0.9721337694906385,불명확,0.0,0.0,0.0,0.0,0.0,1.0,2.3452223914785844
11200535,성동구,왕십리도선동,방문성 검토,관찰 필요,2.3405637776242934,2.3405637776242934,-0.06573635571892486,620697.08,20689.902666666665,30,0.35228134802127764,1526.27,0.2000353866317169,0.03294495412844037,633,0.148808465475623,36.62215807427352,0.023070851243572794,0.36053301555728284,0.07588766165937176,0.6180713787150408,0.14566332420961287,0.23626529707534633,6744.28481624241,1761935.69,202615.0,451924.0,22731266.58,4186157892.13,92364.98,14320.01,223781.79,47103.25,383635.1,90412.8,146649.18,256482,30,11200,710285.0,성동구,왕십리도선동,1104071,7630.0,130.22,121.15,매칭,0.0,생활 밀착형,0.0,0.0,0.0,0.0,0.0,1.0,2.3405637776242934
11200560,성동구,행당1동,방문성 검토,관찰 필요,2.33768884908723,2.33768884908723,-0.25027712719998274,738897.51,24629.917,30,0.38736905974701114,980.65,0.21360270093661513,0.041609671095621865,636,0.11165238599870231,37.55143776299909,0.030625532896977826,0.4084072363432379,0.046659556343612525,0.6302424134573142,0.14582758575001828,0.22393000079266745,7314.4591784996,1907476.84,203196.0,451063.0,27746663.86,5404635673.99,82499.67,22629.13,301771.08999999997,34476.63,465684.55,107751.64,165461.32,274545,30,11200,573566.0,성동구,행당1동,1104056,4591.0,121.85,69.17999999999999,매칭,0.0,생활 밀착형,0.0,0.0,0.0,0.0,0.0,1.0,2.33768884908723
11215740,광진구,중곡1동,방문성 검토,소규모 2030 집중형,1.8226748206192072,2.4486523297038234,0.8942535844065947,232218.44,7740.614666666666,30,0.3630513206709775,1620.92,0.28492177887150644,0.04584988574441906,609,0.19167280600110825,40.410930845974164,0.019706273110783105,0.3195422809661455,0.07021358855050443,0.5971343188766577,0.14351952411703392,0.25934615700630836,8596.48954381056,639629.79,206864.0,451399.0,9384163.32,1996263391.34,44509.96,4576.16,74203.61,16304.89,138665.6,33327.88,60224.96,119045,30,11215,614505.0,광진구,중곡1동,1105055,5689.0,155.21,105.63,매칭,0.8942535844065947,목적 방문형,0.0,0.0,0.0,0.0,0.0,1.0,2.3226748206192074
11200660,성동구,성수1가2동,혼재형 (상권+거주),광역 목적지형,2.3196876037185947,3.016722278335372,0.9957638208811109,737666.33,24588.877666666664,30,0.49354157291351797,1523.26,0.3010395256916996,0.04834584980237154,635,0.07063080946096592,43.798473925195964,0.030413683107916832,0.4206056280215474,0.03034986021389915,0.6178413077359787,0.15318434013383803,0.22897435213018333,9218.538573341148,1494638.69,203857.0,449945.0,32308659.52,6800205517.36,52101.97,22435.15,310266.61,22388.07,455760.73,112998.93000000001,168906.67,246612,30,11200,930086.0,성동구,성수1가2동,1104066,5060.0,127.94999999999999,116.67999999999999,매칭,0.9957638208811109,생활 밀착형,0.0,0.0,0.0,0.0,0.0,1.0,2.3196876037185947
11500510,강서구,염창동,방문성 검토,관찰 필요,2.2851764304548348,2.2851764304548348,-0.39565080539458314,497955.82,16598.527333333335,30,0.31541912770575475,1725.33,0.14740111063648012,0.02843229389149936,630,0.18504195813998117,38.220242149193076,0.02293842052092091,0.3227522875422964,0.05740356644491071,0.61199296756889,0.14253019474699583,0.2454768376841142,9214.006352029382,1578711.55,188673.0,450565.0,19031992.02,4588168088.51,92142.72,11422.32,160716.38,28584.44,304745.46,70973.74,122236.62,189710,30,11500,1732856.0,강서구,염창동,1116051,11705.0,172.84,159.96,매칭,0.0,불명확,0.0,0.0,0.0,0.0,0.0,1.0,2.2851764304548348
11230720,동대문구,휘경1동,혼재형 (상권+거주),야간 소비형,1.776941742793587,3.2616476744642577,2.121008473815244,313090.26,10436.342,30,0.4012989982286155,2576.81,0.3788869283928834,0.0490251433612704,624,0.20083007373017608,37.9881123737289,0.017997685395898293,0.33003824520124003,0.08439710005670568,0.6102862797456554,0.1354525049741247,0.25426121528021983,7492.874037154653,780191.98,205529.0,454712.0,11893707.98,2345945880.44,62877.94,5634.9,103331.76,26423.91,191074.69,42408.86,79606.71,125082,30,11230,521796.0,동대문구,휘경1동,1106072,6801.0,240.52,92.9,매칭,2.121008473815244,목적 방문형,0.0,0.0,0.0,0.0,0.0,1.0,2.276941742793587
11680545,강남구,압구정동,방문성 검토,광역 목적지형,2.187542352803131,2.187542352803131,-1.6798804634594113,1191565.5,39718.85,30,0.4004161020404291,565.51,0.10049937799893371,0.03931224453527635,647,0.06886991944630824,46.67753141560409,0.03334703799329537,0.423868020683714,0.0368389652100535,0.582572372227964,0.15503121733551367,0.2623964104365224,10922.106902255899,2975818.14,203033.0,447807.0,55619336.06,13014405772.04,82063.02,39735.18,505066.51,43896.04,694173.14,184729.85,312662.51,395889,30,11680,2345057.0,강남구,압구정동,1123077,5627.0,43.06,178.15,매칭,0.0,불명확,0.0,0.0,0.0,0.0,0.0,1.0,2.187542352803131
11530750,구로구,개봉2동,방문성 검토,관찰 필요,1.6645494929436906,1.6645494929436906,-2.409897947836139,235859.22,7861.974,30,0.2800550190125405,529.13,0.06208260002346592,0.02340255778481755,594,0.21077628425973766,41.7485189682218,0.018800070652315395,0.30366499982489553,0.07757517386854751,0.6081710522064815,0.13710326863626532,0.2547256791572532,9138.529767206048,842188.87,187308.0,443689.0,9846773.12,2155406502.84,49713.53,4434.17,71622.19,18296.82,143442.75,32337.07,60079.4,107917,30,11530,782524.0,구로구,개봉2동,1117064,8523.0,77.02,122.44,매칭,0.0,목적 방문형,0.0,0.0,0.0,0.0,0.0,1.0,2.1645494929436904
11170520,용산구,용산2가동,혼재형 (상권+거주),소규모 2030 집중형,2.155667665265624,2.8348248595445513,0.9702245632556106,232982.86,7766.095333333333,30,0.456150358688799,1290.21,0.3345980290456432,0.04570539419087137,623,0.13571075571825328,46.495406486125205,0.021971659202741353,0.454898484806994,0.057613551486147954,0.48035404836218426,0.13910164893675012,0.3805443027010657,10231.081686609907,510758.91,198681.0,448712.0,10832632.78,2383666672.24,31618.28,5119.0199999999995,105983.55,13422.97,111914.26,32408.3,88660.3,101218,30,11170,1966853.0,용산구,용산2가동,1103052,3856.0,107.62,68.62,매칭,0.9702245632556106,불명확,0.0,0.0,0.0,0.0,0.0,1.0,2.155667665265624
11710580,송파구,송파1동,혼재형 (상권+거주),광역 목적지형,2.149018882854369,3.3284013241867623,1.684832059046276,649905.76,21663.525333333335,30,0.44482563544034803,3007.46,0.3213441607009296,0.04015920504327385,640,0.13670335834536995,42.63860015642883,0.014243972849232787,0.4181212211444318,0.04281571531232466,0.5394162070513115,0.14020461982057214,0.32037917312811626,9340.118418214974,1461034.86,209758.0,445307.0,27711071.84,6070196759.08,88844.3,9257.24,271739.39,27826.18,350569.7,91119.79,208216.27,204437,30,11710,686925.0,송파구,송파1동,1124061,9359.0,197.26,178.59,매칭,1.684832059046276,불명확,0.0,0.0,0.0,0.0,0.0,1.0,2.149018882854369
11170590,용산구,용문동,방문성 검토,관찰 필요,1.6477279079906726,1.6477279079906726,-0.9164290157288519,125647.27,4188.242333333334,30,0.30954999863391003,680.01,0.1910677156504636,0.037316661983703286,588,0.21007810197547466,38.12624818668961,0.01756058846324317,0.3180225881549197,0.06356612443708486,0.5939471665401086,0.14153025370149308,0.26452257975839827,8131.519923194511,405902.99,196333.0,448720.0,4790459.0,1021703279.3,26395.739999999998,2206.44,39958.67,7986.91,74627.84,17782.89,33236.54,78068,30,11170,277531.0,용산구,용문동,1103059,3559.0,62.12,70.69,매칭,0.0,목적 방문형,0.0,0.0,0.0,0.0,0.0,1.0,2.1477279079906726
11440710,마포구,연남동,혼재형 (상권+거주),관찰 필요,2.1192260451462954,4.185287261731547,2.9515160236932174,544617.36,18153.912,30,0.5459357456916282,2959.79,0.44255233253588516,0.05896082535885167,632,0.12125979605203918,42.75306016686652,0.016498647784565664,0.4512812077822859,0.0495242935333534,0.518612609043531,0.14082779146077898,0.34055959949569,9145.883727044617,997585.09,193068.0,451501.0,23284058.76,4981007050.29,66040.19,8985.45,245775.58000000002,26971.79,282445.43,76697.26,185474.67,152236,30,11440,647438.0,마포구,연남동,1114071,6688.0,306.39,87.94,매칭,2.9515160236932174,불명확,0.0,0.0,0.0,0.0,0.0,1.0,2.1192260451462954
11680565,강남구,청담동,방문성 검토,광역 목적지형,2.069275391136059,2.35788609556056,0.412301006320716,1132141.9,37738.06333333333,30,0.4074754703698482,1638.42,0.2174990043807248,0.04420815080313288,645,0.07749435826021456,46.29854422842225,0.0452014716529792,0.3824011813360146,0.053930518780375504,0.616385878837273,0.15418509817541426,0.22942902298731283,10959.371203486067,2778429.58,204461.0,447213.0,52416521.83,12407563337.12,87734.61,51174.48,432932.4,61057.0,697836.28,174559.41,259746.21,390935,30,11680,2329217.0,강남구,청담동,1123078,7533.0,127.64,205.38,매칭,0.412301006320716,생활 밀착형,0.0,0.0,0.0,0.0,0.0,1.0,2.069275391136059
11260620,중랑구,묵1동,방문성 검토,관찰 필요,1.5629645999275614,1.5629645999275614,-0.3810018765530435,345246.43,11508.214333333333,30,0.2669961718346511,1380.38,0.14747649572649574,0.0389241452991453,616,0.1929643124767431,38.01709350043098,0.02107567050005412,0.3234657053513921,0.07577784366952034,0.6054116185937101,0.140092715803028,0.254495665603262,8164.784373150506,1293076.33,207287.0,457130.0,13125265.81,2818862656.55,66620.24,7276.3,111675.38,26162.03,209016.2,48366.51,87863.72,157084,30,11260,1238436.0,중랑구,묵1동,1107064,9360.0,146.0,218.32999999999998,매칭,0.0,목적 방문형,0.0,0.0,0.0,0.0,0.0,1.0,2.0629645999275614
11380631,은평구,신사1동,방문성 검토,관찰 필요,1.552468989372331,1.552468989372331,-0.7835129284268665,245581.56,8186.052,30,0.27623629127902666,1134.61,0.14940874374506188,0.031041611798788518,596,0.20388171652627338,40.09612745354333,0.017230161743414286,0.3106397727907584,0.09615192606480714,0.6051675052475439,0.13889434532462452,0.25593814942783166,7256.58633278492,889027.14,191920.0,455511.0,9846869.53,1782083791.8799999,50069.59,4231.41,76287.4,23613.14,148617.98,34109.89,62853.69,105929,30,11380,808314.0,은평구,신사1동,1112065,7594.0,109.82000000000001,125.91,매칭,0.0,목적 방문형,0.0,0.0,0.0,0.0,0.0,1.0,2.052468989372331
11440690,마포구,망원1동,혼재형 (상권+거주),관찰 필요,2.0363645948383122,2.9396553027565675,1.290415297026079,462296.32,15409.877333333334,30,0.4317444264834345,2113.73,0.30487956151738066,0.04451175537285447,632,0.1354238337869529,43.70015134448831,0.009873796962087001,0.4645929043951723,0.04691304918888387,0.5185974009051164,0.13725791717312394,0.3441446819217596,8906.88450020541,1070763.84,191142.0,450460.0,20202419.15,4117619927.11,62605.94,4564.62,214779.59,21687.73,239745.67,63453.83,159096.82,159250,30,11440,1101005.0,마포구,망원1동,1114069,6933.0,140.79,167.81,매칭,1.290415297026079,불명확,0.0,0.0,0.0,0.0,0.0,1.0,2.0363645948383122
11680510,강남구,신사동,방문성 검토,광역 목적지형,2.014290045811065,2.2914857201748173,0.39599382051964616,870546.56,29018.218666666668,30,0.41845487554755295,1132.66,0.26104171468080206,0.048294537911961276,641,0.07453813843110241,47.71472697565998,0.025706643421806178,0.4220475927215197,0.03103838581591776,0.6039742779524624,0.16025886082417,0.2357668612233675,11184.541049073814,2080383.36,201784.0,447399.0,41537891.43,9736663735.45,64888.92,22378.829999999998,367412.08,27020.36,525787.73,139512.8,205246.03,316724,30,11680,2059234.0,강남구,신사동,1123051,4339.0,98.13,111.41999999999999,매칭,0.39599382051964616,불명확,0.0,0.0,0.0,0.0,0.0,1.0,2.014290045811065
11530740,구로구,개봉1동,방문성 검토,관찰 필요,1.5003890912736395,1.5003890912736395,-1.6263684489706898,317171.68,10572.389333333333,30,0.26256475423317505,779.47,0.08396746741355166,0.03162124313260799,619,0.19438529316362674,40.72776421905007,0.01863262192891875,0.32080506052747204,0.07556424962026875,0.6065116847758918,0.13867272134763103,0.2548155938764773,8822.417728594179,1207975.08,186659.0,444515.0,12917693.4,2798221052.64,61653.51,5909.74,101750.28,23966.84,192368.33000000002,43983.06,80820.29000000001,154634,30,11530,1320319.0,구로구,개봉1동,1117072,9283.0,110.91,182.63,매칭,0.0,목적 방문형,0.0,0.0,0.0,0.0,0.0,1.0,2.0003890912736395
11440730,마포구,성산2동,혼재형 (상권+거주),광역 목적지형,1.4976561308234855,2.6847363609955277,1.6958289002457747,555335.13,18511.171,30,0.3423453017685575,3612.5699999999997,0.304472819216182,0.03696670880741677,637,0.18428054425442167,40.48923805702694,0.028943675866498847,0.32979973732257856,0.07388180178696781,0.5830081197996605,0.13245284878700184,0.28453903141333775,8853.383763998507,1622149.12,191339.0,452092.0,22485096.28,4916595023.52,102337.46,16073.44,183149.38,41029.16,323764.89,73555.72,158014.52,203220,30,11440,1978724.0,마포구,성산2동,1114073,11865.0,290.71,147.9,매칭,1.6958289002457747,목적 방문형,0.0,0.0,0.0,0.0,0.0,1.0,1.9976561308234855
11170660,용산구,이태원2동,혼재형 (상권+거주),소규모 2030 집중형,1.9805775336327105,2.67310035342703,0.9893183139918853,263681.08,8789.369333333334,30,0.45090978388653613,1202.65,0.35889286780065655,0.04307370934049538,619,0.12547817234365088,42.50377960375465,0.022920529603413335,0.446947463959113,0.0591739081165778,0.5136475851813106,0.1453858198699732,0.34096659494871606,9087.217114932933,584775.69,199298.0,449139.0,11207442.51,2396127223.06,33086.22,6043.71,117851.59,15603.04,135439.15,38335.49,89906.44,113713,30,11170,874243.0,용산구,이태원2동,1103066,3351.0,81.26,63.080000000000005,매칭,0.9893183139918853,불명확,0.0,0.0,0.0,0.0,0.0,1.0,1.9805775336327105
11200720,성동구,송정동,방문성 검토,소규모 2030 집중형,1.979356059828923,2.1170155264755763,0.19665638092379037,120404.12,4013.4706666666666,30,0.3794269399665649,907.57,0.2660715332746995,0.04883318674875403,571,0.19209691495606632,38.18578334362645,0.027249565878642693,0.310263303282313,0.09216902212316323,0.6303030992627162,0.14761147708234568,0.22208542365493805,7878.979043075936,317331.5,205918.0,450223.0,4597725.64,948661538.1800001,23129.260000000002,3280.96,37356.98,11097.53,75891.09,17773.03,26740.0,67809,30,11200,681916.0,성동구,송정동,1104069,3411.0,108.81,57.76,매칭,0.19665638092379037,생활 밀착형,0.0,0.0,0.0,0.0,0.0,1.0,1.979356059828923
11440585,마포구,도화동,방문성 검토,관찰 필요,1.9616681087889878,1.9616681087889878,-0.20335465973635192,435803.8,14526.793333333333,30,0.36060821978831353,1243.06,0.20166450356911095,0.0361404931862427,629,0.12937810546856177,41.5100584712662,0.030742182606025924,0.34001605768467374,0.04455904239476572,0.615235089735335,0.15173828222700214,0.23302662803766283,9523.478115725471,1208524.31,195502.0,448794.0,18090241.22,4150367952.05,56383.47,13397.56,148180.29,19419.0,268121.79,66128.12,101553.89,194998,30,11440,625018.0,마포구,도화동,1114075,6164.0,114.82,107.95,매칭,0.0,불명확,0.0,0.0,0.0,0.0,0.0,1.0,1.9616681087889878
11200570,성동구,행당2동,방문성 검토,관찰 필요,1.435225698264886,1.435225698264886,-2.5847048499604526,211549.15,7051.638333333333,30,0.25906427981885927,440.89,0.06937686860739575,0.022564909520062945,602,0.21346211979580157,38.53148552003163,0.017861381149487012,0.30616719566115014,0.07945727978580863,0.6073615044068955,0.13626006060530144,0.25637843498780305,7206.786568464114,816589.42,202620.0,450795.0,8151303.01,1524589572.79,45157.729999999996,3778.56,64769.409999999996,16809.12,128486.81,28825.7,54236.64,121689,30,11200,457669.0,성동구,행당2동,1104057,6355.0,40.7,102.7,매칭,0.0,목적 방문형,0.0,0.0,0.0,0.0,0.0,1.0,1.935225698264886
11200670,성동구,성수2가1동,방문성 검토,관찰 필요,1.92381552225596,2.1365853538986332,0.3039569023466759,411449.07,13714.969000000001,30,0.41554549672948443,1166.33,0.22585786212238573,0.05275755228505035,624,0.09926720699599588,45.3038847067998,0.031228239256926745,0.4140521693243832,0.05189344576717599,0.5888733446402005,0.15134082087000464,0.2597858344897948,9315.168405994938,990142.05,204888.0,448540.0,18640241.23,3832717377.54,40843.4,12848.83,170361.38,21351.51,242291.38999999998,62269.04,106888.64,167838,30,11200,1184964.0,성동구,성수2가1동,1104067,5164.0,130.23,142.21,매칭,0.3039569023466759,불명확,0.0,0.0,0.0,0.0,0.0,1.0,1.92381552225596
11560620,영등포구,양평2동,방문성 검토,관찰 필요,1.9219572662065212,2.543278241324953,0.887601393026331,484058.85,16135.295,30,0.3841489890864319,2214.58,0.26957760194765673,0.03581375532562386,628,0.14711826878074846,40.442552057461604,0.03802771088680643,0.31863476930542645,0.04974050159396941,0.6355417528261285,0.14759203348931643,0.21686621368455508,9490.614375276891,1260081.02,190331.0,449338.0,19576575.24,4594015880.29,71213.9,18407.65,154237.98,24077.329999999998,307639.61,71443.23,104976.01,191809,30,11560,2874596.0,영등포구,양평2동,1119062,8215.0,167.19,127.02,매칭,0.887601393026331,생활 밀착형,0.0,0.0,0.0,0.0,0.0,1.0,1.9219572662065212
11440610,마포구,염리동,방문성 검토,관찰 필요,1.9176256915234728,1.9746491520474694,0.08146208646285208,413605.03,13786.834333333334,30,0.39774875213135835,1322.41,0.22640130114706386,0.03813045711350796,629,0.10095065816776937,39.84732729193356,0.025303584920135038,0.46328894984666896,0.03384211744233381,0.5698867588723473,0.13783961960037092,0.2922736215272817,9137.91247990867,1039865.0599999999,195368.0,450041.0,16481055.0,3779486565.39,41753.7,10465.69,191618.64,13997.27,235708.03,57011.16,120885.84,155048,30,11440,491468.0,마포구,염리동,1114061,5841.0,111.38,111.34,매칭,0.08146208646285208,불명확,0.0,0.0,0.0,0.0,0.0,1.0,1.9176256915234728
11560690,영등포구,신길7동,방문성 검토,관찰 필요,1.4151882140956795,1.4151882140956795,-1.560806245827378,193106.61000000002,6436.887000000001,30,0.28010007425661504,621.16,0.1218916797488226,0.03415620094191523,614,0.1935775269422419,39.5709980098558,0.031234560018427126,0.3247041103357363,0.06775226389195066,0.6098055369518423,0.13622961948324813,0.25396484356490956,9248.41313044644,689420.06,192893.0,445171.0,7641421.28,1785929707.5,37381.1,6031.6,62702.51,13083.41,117757.48,26306.84,49042.29,105387,30,11560,642487.0,영등포구,신길7동,1119069,5096.0,88.6,85.46,매칭,0.0,목적 방문형,0.0,0.0,0.0,0.0,0.0,1.0,1.9151882140956795
11230600,동대문구,답십리1동,방문성 검토,관찰 필요,1.9117306845421598,1.9549860132297088,0.06179332669649859,355936.93,11864.564333333334,30,0.29953306050405415,1607.6399999999999,0.1932956594926055,0.03753997835758086,619,0.1911332718411658,38.0552631894645,0.023850180423818344,0.3082294382884069,0.08547053546817972,0.6165389469420889,0.1397004519873788,0.24376060107053235,7133.473432329712,1188305.99,204583.0,452416.0,13545273.55,2539066633.7400002,68031.39,8489.16,109710.24,30422.12,219448.98,49724.55,86763.4,162407,30,11230,788242.0,동대문구,답십리1동,1106091,8317.0,168.56,143.66,매칭,0.06179332669649859,생활 밀착형,0.0,0.0,0.0,0.0,0.0,1.0,1.9117306845421598
11620765,관악구,미성동,방문성 검토,관찰 필요,1.4084774328183907,1.6452058748192355,0.3381834885726356,293804.31,9793.477,30,0.2714270522459571,1863.97,0.20503464965350346,0.03885161148388516,630,0.19630123873948616,42.10818275606645,0.025565452052081876,0.3088696350302009,0.07613812744952585,0.6027954457169127,0.13640606565642283,0.2607984886266645,8931.98942098569,1082442.99,192523.0,441836.0,12371565.58,2624256988.76,57674.15,7511.24,90747.23,22369.71,177103.9,40076.69,76623.72,161542,30,11620,1359429.0,관악구,미성동,1121083,9091.0,137.89,215.31,매칭,0.3381834885726356,목적 방문형,0.0,0.0,0.0,0.0,0.0,1.0,1.9084774328183907
11470520,양천구,목2동,방문성 검토,관찰 필요,1.882455742745181,2.016091157611058,0.19090773552268128,257366.31,8578.877,30,0.2797309444705083,1852.3799999999999,0.1968104547386315,0.03545048873778155,608,0.22781388908284073,40.112787372986,0.017205631925950215,0.2943324244731177,0.07731353804621903,0.6129856701135435,0.13607795052895616,0.25093637935750024,9163.647796286934,920049.48,188890.0,449354.0,10323680.07,2358414219.47,58631.62,4428.15,75751.25,19897.9,157761.86,35021.88,64582.57,129714,30,11470,1021355.0,양천구,목2동,1115052,9412.0,152.59,181.07,매칭,0.19090773552268128,불명확,0.0,0.0,0.0,0.0,0.0,1.0,1.882455742745181
11170510,용산구,후암동,방문성 검토,관찰 필요,1.8742578584249021,1.8933989364343995,0.027344397156424866,208671.93,6955.731,30,0.3474271944718513,1235.88,0.23776067718353214,0.035929203539823006,611,0.16884743434346922,43.166016387541916,0.025544020223515446,0.37591505479438464,0.05785076124038341,0.5816698968567551,0.14205020291900305,0.276279900224242,9469.07082423592,600620.6,198287.0,450043.0,9007535.95,1975929284.2,35233.72,5330.32,78442.92,12071.83,121378.18000000001,29641.89,57651.86,104560,30,11170,865892.0,용산구,후암동,1103051,5198.0,97.52,89.24000000000001,매칭,0.027344397156424866,불명확,0.0,0.0,0.0,0.0,0.0,1.0,1.8742578584249021
11200645,성동구,옥수동,방문성 검토,관찰 필요,1.3727370050823908,1.3727370050823908,-1.7014747452537682,318821.77,10627.392333333333,30,0.27033069590384623,758.48,0.11087267943283147,0.022610729425522585,616,0.1796488050361178,37.2082896974068,0.022913115374775063,0.3367891408419193,0.07398299683236813,0.5998925669348112,0.1378557994957496,0.2622516335694391,7391.651004070393,1179376.87,201819.0,449038.0,11862812.78,2356619256.34,57275.95,7305.2,107375.71,23587.39,191258.81,43951.43,83611.53,164895,30,11200,1922027.0,성동구,옥수동,1104073,6841.0,67.71000000000001,86.97,매칭,0.0,목적 방문형,0.0,0.0,0.0,0.0,0.0,1.0,1.8727370050823908
11560650,영등포구,신길3동,방문성 검토,관찰 필요,1.3694789086417103,1.3694789086417103,-1.521271674623658,123612.77,4120.425666666667,30,0.31027881921988754,536.25,0.12159863945578231,0.042349206349206345,546,0.20586530016275828,39.00793138119953,0.016822048401633587,0.313554012259413,0.06822418104537258,0.6021288900815022,0.13624846364983165,0.26162264626866627,7947.2305258590995,398392.55,191669.0,445201.0,4821878.45,982379179.13,25447.58,2079.42,38759.28,8433.38,74430.82,16842.05,32339.9,68165,30,11560,520083.0,영등포구,신길3동,1119065,4410.0,58.0,128.76,매칭,0.0,목적 방문형,0.0,0.0,0.0,0.0,0.0,1.0,1.8694789086417103
11380552,은평구,갈현2동,방문성 검토,관찰 필요,1.3537020780690219,1.3537020780690219,-0.8073408967785173,260304.58000000002,8676.819333333335,30,0.2632320973443686,1044.38,0.1312364915807992,0.03865418446845941,592,0.20004488587945704,40.708405245885416,0.02333124526660268,0.31378790953274815,0.08030423437036721,0.5951124256054195,0.14083924301293507,0.2640483313816453,7753.651802476929,988878.5700000001,192271.0,457602.0,10596584.33,2018311075.91,52072.6,6073.23,81680.43000000001,20903.56,154910.49,36661.1,68732.99,107920,30,11380,985165.0,은평구,갈현2동,1112056,7958.0,92.54,215.07,매칭,0.0,목적 방문형,0.0,0.0,0.0,0.0,0.0,1.0,1.8537020780690219
11560550,영등포구,당산1동,방문성 검토,광역 목적지형,1.8424558581884347,2.6272422297822073,1.121123387991104,535498.72,17849.957333333332,30,0.3873572287719105,2256.36,0.2883527156549521,0.03927539936102237,639,0.14300527179598113,39.99483935274393,0.028710806255521956,0.33596459390229727,0.04523071502393134,0.6166292050147199,0.1481808397226421,0.23518995526263817,9519.47208835532,1382441.53,190876.0,447162.0,21417185.28,5097665118.39,76579.14,15374.6,179908.61,24220.99,330204.15,79350.65,125943.92,214938,30,11560,745305.0,영등포구,당산1동,1119055,7825.0,175.89000000000001,131.44,매칭,1.121123387991104,생활 밀착형,0.0,0.0,0.0,0.0,0.0,1.0,1.8424558581884347
11200650,성동구,성수1가1동,방문성 검토,관찰 필요,1.834786153744838,1.834786153744838,-0.1103385975767581,407690.54,13589.684666666666,30,0.4050561801715799,1108.66,0.21785419532324624,0.04060326193751228,620,0.0884528250275319,44.21108836619069,0.04736744688753386,0.3899213604514836,0.043988315254997086,0.6153897021991239,0.14896698363420452,0.23564331416667164,9416.025535495624,1006503.69,203735.0,449032.0,18024442.49,3838824535.22,36061.38,19311.26,158967.25,17933.62,250888.56,60732.43,96069.55,175701,30,11200,1885875.0,성동구,성수1가1동,1104065,5089.0,69.84,136.79,매칭,0.0,불명확,0.0,0.0,0.0,0.0,0.0,1.0,1.834786153744838
11620645,관악구,서원동,혼재형 (상권+거주),핵심 후보형,1.3276061752621113,4.93956200555383,5.159936900416741,531144.66,17704.822,30,0.49578057691293675,6162.51,0.5522457209427368,0.08513307644054127,643,0.21411089777312267,40.52025229812156,0.011462752915561647,0.3080167086684068,0.07370368742858113,0.5672340563491686,0.14429515303796897,0.2884707906128624,8310.28389271578,1071330.11,194103.0,442353.0,21522115.63,4413962912.7,113723.86,6088.38,163601.43,39147.32,301283.34,76641.6,153219.72,157875,30,11620,647532.0,관악구,서원동,1121064,11159.0,690.6700000000001,259.33,매칭,5.159936900416741,목적 방문형,0.0,0.0,0.0,0.0,0.0,1.0,1.8276061752621113
11470530,양천구,목3동,방문성 검토,관찰 필요,1.3222183538943937,1.3222183538943937,-0.7511258585466487,161333.65,5377.788333333333,30,0.2856644269144019,1058.96,0.15788877292381095,0.03312956612494409,582,0.20011522704655849,38.548047106105884,0.020594897592659686,0.3183446850672504,0.0722288251706944,0.608257793708876,0.13533246164082943,0.2564097446502946,8819.569458572345,564766.33,188118.0,449526.0,6219097.14,1422893332.18,32285.32,3322.65,51359.71,11652.94,98132.45,21833.68,41367.52,90072,30,11470,531850.0,양천구,목3동,1115053,6707.0,121.17,101.03,매칭,0.0,목적 방문형,0.0,0.0,0.0,0.0,0.0,1.0,1.8222183538943937
11410720,서대문구,북가좌2동,방문성 검토,야간 소비형,1.3156716720069692,1.4469720189948476,0.1875719242683979,313324.74,10444.158,30,0.2594403750749568,1695.71,0.18145639379347245,0.04337185660781167,610,0.1967470873828859,39.71994464912027,0.0193319557210835,0.337092564091811,0.08730242623037045,0.6041219407059909,0.13868968661715,0.2571883726768592,7199.515982938341,1207694.6,192345.0,453517.0,12445241.33,2255786473.48,61645.73,6057.18,105619.44,27354.01,189286.35,43454.91,80583.48,144476,30,11410,824866.0,서대문구,북가좌2동,1113072,9345.0,136.71,268.6,매칭,0.1875719242683979,목적 방문형,0.0,0.0,0.0,0.0,0.0,1.0,1.8156716720069692
11140670,중구,황학동,혼재형 (상권+거주),소규모 2030 집중형,1.3151562103113474,2.6393886974177074,1.8917606958662285,221021.74,7367.391333333333,30,0.37774276224621556,1916.46,0.38298561151079136,0.051940447641886496,598,0.19840536953514168,38.570202460626724,0.017616638073702614,0.30811141021693156,0.0868512753541801,0.5839406566973909,0.14657291178686765,0.2694864315157414,7210.007953199536,585111.78,201842.0,452111.0,8524853.26,1593568503.23,43851.9,3893.66,68099.31999999999,19196.02,129063.58,32395.8,59562.36,101169,30,11140,328640.0,중구,황학동,1102067,5004.0,208.87,51.04,매칭,1.8917606958662285,목적 방문형,0.0,0.0,0.0,0.0,0.0,1.0,1.8151562103113474
11530510,구로구,신도림동,방문성 검토,광역 목적지형,1.811516710986821,1.811516710986821,-1.3924418468613609,529390.46,17646.348666666665,30,0.3092655550291598,1046.95,0.10002388458966276,0.02353778542084647,641,0.15088492527802636,41.43702149449388,0.02546088571373198,0.3620414315739653,0.0504349473921385,0.5697563382611769,0.1359803877085356,0.2942632740302876,10389.99801335672,1711766.64,189583.0,445624.0,21936363.87,5500365827.69,79877.04,13478.75,191661.28,26699.78,301623.57,71986.72,155780.17,223881,30,11530,1392788.0,구로구,신도림동,1117051,10467.0,88.93,157.44,매칭,0.0,불명확,0.0,0.0,0.0,0.0,0.0,1.0,1.811516710986821
11260655,중랑구,망우본동,방문성 검토,관찰 필요,1.3057573914412475,1.3229180109935283,0.024515170788972737,428546.55,14284.885,30,0.2577214661446316,1655.33,0.17077581760033012,0.0407943877024657,621,0.17415930661441562,39.732954401336336,0.023858061627144125,0.340050199914105,0.07815753037797178,0.5987385267714791,0.1387616584476062,0.2624998147809147,8310.968186373218,1662828.31,209488.0,455845.0,17027420.53,3561636743.43,74635.37,10224.29,145727.34,33494.14,256587.33,59465.83,112493.39,178785,30,11260,2948109.0,중랑구,망우본동,1107073,9693.0,154.27,241.15,매칭,0.024515170788972737,목적 방문형,0.0,0.0,0.0,0.0,0.0,1.0,1.8057573914412475
11545620,금천구,독산2동,방문성 검토,관찰 필요,1.3029784878505488,1.3029784878505488,-0.8690576445060743,129497.01000000001,4316.567,30,0.29521231396150993,865.0,0.14586846543001686,0.0406424957841484,557,0.20797684826854304,41.44252311308191,0.017320091019862156,0.299059569020165,0.08462805434658298,0.6056986952826169,0.14063367177357994,0.25366763294380307,8820.201483339268,438657.21,191395.0,440507.0,5366682.83,1142189719.69,26932.38,2242.9,38727.32,10959.08,78436.17,18211.64,32849.2,63333,30,11545,617174.0,금천구,독산2동,1118053,5930.0,107.68,133.32999999999998,매칭,0.0,목적 방문형,0.0,0.0,0.0,0.0,0.0,1.0,1.8029784878505488
11590540,동작구,상도2동,방문성 검토,관찰 필요,1.7970602230245265,2.1929499927706315,0.565556813923007,409305.18,13643.506,30,0.3268924071497948,1896.5,0.2229864785420341,0.04235038212815991,627,0.17708515196411634,36.066062540425214,0.023171952038329932,0.3440103787594382,0.055896653934357735,0.6347292257576608,0.1410542617613586,0.22421651248098057,7396.279604304055,1252109.78,194856.0,444917.0,14762026.22,3027335554.77,72481.87,9484.4,140805.23,22878.79,259797.96,57734.24,91772.98,165507,30,11590,772865.0,동작구,상도2동,1120054,8505.0,178.21,181.98000000000002,매칭,0.565556813923007,생활 밀착형,0.0,0.0,0.0,0.0,0.0,1.0,1.7970602230245265
11560585,영등포구,도림동,방문성 검토,관찰 필요,1.29675628417582,2.041320390526327,1.063663009072153,205652.32,6855.077333333334,30,0.3135286776636213,1847.92,0.26319897450505625,0.052619285002136446,605,0.21043788856843434,39.53346716438696,0.018815348156539152,0.3019097961063605,0.07711009532982657,0.6022795171967911,0.13656057952567713,0.2611599032775317,8205.194426496137,655928.26,191208.0,445520.0,8130149.24,1687417269.86,43277.04,3869.42,62088.45,15857.869999999999,123860.18,28084.0,53708.14,104829,30,11560,585885.0,영등포구,도림동,1119075,7021.0,208.93,160.51,매칭,1.063663009072153,목적 방문형,0.0,0.0,0.0,0.0,0.0,1.0,1.79675628417582
11590640,동작구,사당3동,방문성 검토,관찰 필요,1.7819738865726167,1.7819738865726167,-0.8694400542249752,210479.98,7015.999333333334,30,0.2991273136021181,1070.01,0.15179599943254363,0.029574407717406725,596,0.2065093316713542,41.029094881137866,0.028368541274091722,0.31108697368747373,0.06705388322442828,0.6450122239654337,0.13841525450544037,0.21657252152912596,8796.028177169153,703646.81,197433.0,443256.0,8635803.07,1851387834.81,43466.08,5971.01,65477.58,14113.5,135762.16,29133.64,45584.18,104277,30,11590,907684.0,동작구,사당3동,1120065,7049.0,100.04,108.42999999999999,매칭,0.0,생활 밀착형,0.0,0.0,0.0,0.0,0.0,1.0,1.7819738865726167
11350700,노원구,상계8동,방문성 검토,관찰 필요,1.2767145718880664,1.2767145718880664,-1.7243593739187044,236469.03,7882.301,30,0.2705347648895437,723.56,0.09918574366004111,0.02692940370116518,601,0.18884671705212308,40.78000848567781,0.019501623531842625,0.34354587575379325,0.06248429234052341,0.601156269808355,0.13878286725327202,0.26006086293837294,9801.07838569812,874080.01,204721.0,462988.0,9643209.05,2317651498.82,44656.4,4611.53,81237.96,14775.6,142154.84,32817.85,61496.340000000004,122957,30,11350,666348.0,노원구,상계8동,1111072,7295.0,86.50999999999999,109.94,매칭,0.0,목적 방문형,0.0,0.0,0.0,0.0,0.0,1.0,1.7767145718880664
11215830,광진구,자양2동,방문성 검토,관찰 필요,1.7605670772762614,1.7605670772762614,-0.17349594200850704,368512.34,12283.744666666667,30,0.29964572003435186,1333.14,0.17875301689460982,0.040371413247519444,628,0.17300861621078956,38.915005885555956,0.0245409963747754,0.35077425087040504,0.067473941306823,0.5931341675016907,0.14063553475576965,0.2662302977425396,7800.379057428579,1229826.81,207314.0,447737.0,14340659.879999999,2874535939.34,63755.81,9043.66,129264.64,24864.98,218577.26,51825.93,98109.15,167136,30,11215,1657523.0,광진구,자양2동,1105065,7458.0,142.03,159.06,매칭,0.0,불명확,0.0,0.0,0.0,0.0,0.0,1.0,1.7605670772762614
11380510,은평구,녹번동,방문성 검토,관찰 필요,1.750489704743885,1.750489704743885,-0.4309772051664965,404625.63,13487.521,30,0.2768398833815731,1506.32,0.16112097550540164,0.02937854315969623,627,0.18838591613684977,38.72675739794337,0.02160065836659927,0.316249492154019,0.07870423334280628,0.6176300052965008,0.14130842378917025,0.2410615709143289,7699.362573028307,1461587.2,194223.0,456194.0,15669838.61,3115359431.71,76225.77,8740.18,127962.65,31845.75,249908.93,57177.01,97539.69,170265,30,11380,1794215.0,은평구,녹번동,1112051,9349.0,117.42,157.24,매칭,0.0,생활 밀착형,0.0,0.0,0.0,0.0,0.0,1.0,1.750489704743885
11410620,서대문구,홍제1동,방문성 검토,관찰 필요,1.2495603524312604,1.2495603524312604,-0.9688125254900019,259556.85,8651.895,30,0.25513275866822743,897.18,0.13697404580152672,0.03741832061068703,610,0.19336164697637528,39.63609694754733,0.023257602332591106,0.3320949148519871,0.07534407202121615,0.6054314497960659,0.13577017905711217,0.25879837114682197,7506.634800815313,1017340.35,195082.0,453762.0,10287820.47,1948398483.0,50188.34,6036.67,86197.51,19556.07,157143.88,35240.08,67172.89,138490,30,11410,1235632.0,서대문구,홍제1동,1113062,6550.0,69.65,175.44,매칭,0.0,목적 방문형,0.0,0.0,0.0,0.0,0.0,1.0,1.7495603524312604
11260565,중랑구,면목본동,방문성 검토,관찰 필요,1.2472638680094863,1.8684462528197185,0.8874034068717602,296629.26,9887.642,30,0.2749873563255153,2325.9700000000003,0.21788946135831383,0.04749695550351288,623,0.21105736500842837,41.306638731458925,0.01524428170032855,0.3088015996803552,0.07668768077700763,0.6070726468454258,0.13828480710230676,0.2546425460522674,8915.624679675902,1078701.45,207894.0,454310.0,12252757.68,2644635151.17,62605.79,4521.9,91599.59,22747.81,180075.51,41019.32,75534.43,161122,30,11260,849019.0,중랑구,면목본동,1107071,10675.0,208.41,298.62,매칭,0.8874034068717602,목적 방문형,0.0,0.0,0.0,0.0,0.0,1.0,1.7472638680094863
11215840,광진구,자양3동,방문성 검토,광역 목적지형,1.7418712162465313,1.7418712162465313,-1.9025800528875205,543887.83,18129.59433333333,30,0.3246111933015653,708.04,0.09041501723917762,0.023124760566977393,639,0.13269951269179897,39.824163853785805,0.02204279878812512,0.4186390418038955,0.04524458655381203,0.5540622043335665,0.13858221464525142,0.30735558102118227,8033.394425041649,1675505.47,206277.0,447988.0,21659878.06,4369265461.37,72173.65,11988.81,227692.68,24607.98,301347.69,75373.18000000001,167166.96,224149,30,11215,1196419.0,광진구,자양3동,1105066,7831.0,49.11,131.98,매칭,0.0,불명확,0.0,0.0,0.0,0.0,0.0,1.0,1.7418712162465313
11170580,용산구,효창동,방문성 검토,소규모 2030 집중형,1.7269714741745807,1.7269714741745807,-1.0277531794955135,207292.32,6909.744000000001,30,0.36208870142879596,577.03,0.1858389694041868,0.04157165861513687,617,0.14294793941232362,41.56333114511912,0.03369637620921026,0.3724680682815456,0.059934106579539466,0.6591266381697113,0.1301864439550872,0.21068691787520155,9417.286384174773,572490.44,196548.0,449256.0,8615759.34,1952131142.68,29632.01,6985.0,77209.77,12423.880000000001,136631.89,26986.65,43673.78,108449,30,11170,446197.0,용산구,효창동,1103058,3105.0,73.33,55.75,매칭,0.0,생활 밀착형,0.0,0.0,0.0,0.0,0.0,1.0,1.7269714741745807
11350640,노원구,상계2동,방문성 검토,관찰 필요,1.7245634880903995,1.7245634880903995,-0.6308849217929084,543552.38,18118.412666666667,30,0.32658693381959714,840.5,0.15231968104385646,0.04970822761870243,622,0.13546234495376508,38.49210506630474,0.013301919494860827,0.41492954184102737,0.044037926942753894,0.5398606110417546,0.1504917152602662,0.30964767369797924,7948.2845151004585,1664342.09,205921.0,461893.0,20922475.32,4320308965.1,73630.88,7230.29,225535.94,23936.920000000002,293442.52,81800.13,168309.73,199007,30,11350,623125.0,노원구,상계2동,1111066,5518.0,87.73,186.56,매칭,0.0,불명확,0.0,0.0,0.0,0.0,0.0,1.0,1.7245634880903995
11710620,송파구,가락본동,방문성 검토,광역 목적지형,1.7223469140513177,1.7223469140513177,-0.3555838407337819,678118.41,22603.947,30,0.33355126462840945,1363.67,0.16762999385371852,0.0350719114935464,640,0.11533804251089423,41.175634930778536,0.04722527736711941,0.32170465627087164,0.05575262290843865,0.6586876619379792,0.15442326657965236,0.18688907148236839,9663.918513110417,2033026.05,210758.0,444180.0,27921956.09,6553281056.4800005,78212.85,32024.329999999998,218153.85,37806.88,446668.23,104717.26,126732.92,268012,30,11710,1014738.0,송파구,가락본동,1124065,8135.0,131.81,153.5,매칭,0.0,생활 밀착형,0.0,0.0,0.0,0.0,0.0,1.0,1.7223469140513177
11440555,마포구,아현동,방문성 검토,관찰 필요,1.7168716446242245,1.7168716446242245,-1.0841778691891846,433165.22,14438.840666666665,30,0.31268671122468383,1087.88,0.12136099955377065,0.028424810352521198,617,0.1566716275143235,39.099574083995016,0.03246301722931495,0.3174392902551133,0.06745961737186564,0.632908893285569,0.1467382815268502,0.22035282518758084,8102.376270975773,1385301.02,195823.0,450258.0,16936575.61,3509667599.94,67864.7,14061.85,137503.66,29221.16,274154.12,63561.92,95449.18,192447,30,11440,744328.0,마포구,아현동,1114078,8964.0,80.81,173.99,매칭,0.0,생활 밀착형,0.0,0.0,0.0,0.0,0.0,1.0,1.7168716446242245
11590560,동작구,상도4동,방문성 검토,관찰 필요,1.7110883406082449,2.26017495423023,0.7844094480314074,239653.82,7988.460666666667,30,0.29250885711611324,2095.62,0.2316370067425666,0.04433182270365867,608,0.2369305859593642,41.40668256404175,0.014407698571214095,0.29365256936025474,0.07460064688307493,0.6115973448701966,0.1374909859563265,0.25091166917347696,8492.419749203247,819304.49,194754.0,444220.0,9923269.65,2035240833.94,56781.32,3452.86,70374.96,17878.329999999998,146571.64,32950.24,60131.94,117575,30,11590,939562.0,동작구,상도4동,1120056,9047.0,215.17,185.9,매칭,0.7844094480314074,불명확,0.0,0.0,0.0,0.0,0.0,1.0,1.7110883406082449
11470540,양천구,목4동,방문성 검토,관찰 필요,1.205500412223906,1.205500412223906,-1.1333626728954511,214148.57,7138.285666666667,30,0.2477270128416919,755.97,0.11931344696969698,0.043199179292929296,589,0.21087967106201083,38.91037988252735,0.016215144467226654,0.3261743937865193,0.06857781025574908,0.6065240127449836,0.13982283421271502,0.2536531530423014,8272.381104015778,864453.85,188241.0,448436.0,8332602.21,1771518583.92,45159.58,3472.45,69849.78,14685.84,129886.25,29942.86,54319.46,119811,30,11470,577493.0,양천구,목4동,1115054,6336.0,65.38,208.33,매칭,0.0,목적 방문형,0.0,0.0,0.0,0.0,0.0,1.0,1.705500412223906
11170625,용산구,한강로동,혼재형 (상권+거주),광역 목적지형,1.7028276186637628,3.684927812846186,2.8315717059748904,2149114.87,71637.16233333334,30,0.49674023841572845,3502.66,0.38080669710806697,0.06324527071102413,654,0.0695990298554865,47.90232245240571,0.028794728873659508,0.46671157228557075,0.024353519083882193,0.528048293667988,0.1467673619512018,0.3251843443808101,13241.065950872136,4326436.04,197224.0,447737.0,102947593.49,28456571729.67,149576.31,61883.18,1003016.78,52338.51,1134836.44,315419.92,698858.51,543851,30,11170,2869816.0,용산구,한강로동,1103073,9198.0,327.85,253.88,매칭,2.8315717059748904,불명확,0.0,0.0,0.0,0.0,0.0,1.0,1.7028276186637628
11470640,양천구,신정3동,방문성 검토,관찰 필요,1.2004983023492661,1.2004983023492661,-1.656694217475675,399269.82,13308.994,30,0.23072859583617075,971.6899999999999,0.0766498382898162,0.02256921984696695,616,0.19253032948996746,39.36727058408772,0.025689845528520036,0.335830642045522,0.06500987227133771,0.5915493187038279,0.13994566381200563,0.26850501748416644,8469.848224691763,1730473.93,185951.0,445826.0,15718163.04,3381754776.1,76871.55,10257.18,134087.04,25956.48,236187.79,55876.08,107205.95,193310,30,11470,2756536.0,양천구,신정3동,1115066,12677.0,79.58,206.53,매칭,0.0,목적 방문형,0.0,0.0,0.0,0.0,0.0,1.0,1.7004983023492661
11740580,강동구,암사2동,방문성 검토,관찰 필요,1.1947784138819104,1.1947784138819104,-1.7502220404620086,164967.3,5498.91,30,0.27439737295436545,571.98,0.12821788836583725,0.028554135843981168,584,0.19905993490831214,37.92689526954736,0.016816544854646953,0.33045918797240426,0.060568306567422764,0.6025962721096848,0.14051518088736376,0.2568885470029515,8737.877049997182,601198.54,210929.0,450841.0,6256697.51,1441463984.67,32838.38,2774.18,54514.96,9991.79,99408.68,23180.41,42378.21,94339,30,11740,2174329.0,강동구,암사2동,1125058,4461.0,51.31,76.07,매칭,0.0,목적 방문형,0.0,0.0,0.0,0.0,0.0,1.0,1.6947784138819104
11200520,성동구,왕십리2동,방문성 검토,관찰 필요,1.6904524203340434,1.6904524203340434,-0.1997728223885621,195087.56,6502.9186666666665,30,0.3067253965075538,981.1800000000001,0.19670809943865278,0.048139534883720934,588,0.19926278231169636,37.48703730776068,0.02346177275475689,0.3046320329189621,0.09362103867617187,0.6269386423204022,0.13505146099525772,0.23800989668434008,6707.903902227287,636033.28,202450.0,451325.0,7313254.64,1308628605.0,38873.69,4577.1,59429.92,18264.3,122307.93,26346.86,46432.77,103588,30,11200,372425.0,성동구,왕십리2동,1104052,4988.0,135.04,105.08,매칭,0.0,생활 밀착형,0.0,0.0,0.0,0.0,0.0,1.0,1.6904524203340434
11215870,광진구,구의3동,방문성 검토,광역 목적지형,1.6853447143638534,1.6853447143638534,-0.008074339822324639,578144.73,19271.490999999998,30,0.32092758760155415,1645.72,0.19402499410516388,0.03350978542796511,647,0.12695952447754735,43.45291648684577,0.03125174210270843,0.3553476998743896,0.04854362332421503,0.6129464502772516,0.15111219642181986,0.23594135330092866,11636.476585542863,1801480.31,208328.0,448610.0,25122074.669999998,6727567613.7,73400.98,18068.03,205442.4,28065.24,354371.76,87364.72,136408.25,253361,30,11215,1027561.0,광진구,구의3동,1105062,8482.0,144.88,139.35,매칭,0.0,불명확,0.0,0.0,0.0,0.0,0.0,1.0,1.6853447143638534
11620585,관악구,낙성대동,혼재형 (상권+거주),관찰 필요,1.6827893935760558,4.544871508386279,4.088688735443177,730720.12,24357.337333333333,30,0.5012917563094614,6385.6,0.49248804565787446,0.05677464136973624,637,0.17178196762941192,36.30853106932378,0.01547871707706639,0.34342165095987776,0.047308222469637215,0.5936991032900532,0.14932691329205497,0.2569739834178919,7490.214899857964,1457674.32,196448.0,440919.0,26531374.18,5473250730.45,125524.54,11310.61,250945.11,34569.07,433827.88,109116.18,187776.06,198756,30,11620,2262818.0,관악구,낙성대동,1121058,12966.0,568.69,167.45,매칭,4.088688735443177,불명확,0.0,0.0,0.0,0.0,0.0,1.0,1.6827893935760558
11260610,중랑구,중화2동,방문성 검토,관찰 필요,1.1755769253451547,1.5138166234833235,0.48319956876881276,231940.65,7731.355,30,0.26516172888072315,1611.52,0.21771413131586057,0.04772088624696028,608,0.20842137848626363,40.73579715328037,0.016147104873595896,0.3084472256156909,0.09118181741751608,0.5993800138095672,0.13913818039226844,0.2614818057981643,8405.364959915392,874713.9,206626.0,455515.0,9448287.27,1949545812.29,48341.39,3745.17,71541.45,21148.77,139020.59,32271.8,60648.26,127563,30,11260,1016955.0,중랑구,중화2동,1107062,7402.0,170.43,182.8,매칭,0.48319956876881276,목적 방문형,0.0,0.0,0.0,0.0,0.0,1.0,1.6755769253451547
11500535,강서구,등촌3동,방문성 검토,광역 목적지형,1.6749120690227381,1.6749120690227381,-1.0920983695702213,840397.88,28013.262666666666,30,0.346622355426437,941.71,0.10818035611717404,0.038065479609419875,645,0.09145051627212578,44.203213518339666,0.0529747528634889,0.36648765701312813,0.0724952328532766,0.6065893931098446,0.14645605721899252,0.24695454967116293,22288.317636248677,2424534.56,186411.0,451308.0,37148286.93,18731054890.27,76854.82,44519.87,307995.45,60924.84,509776.44,123081.36,207540.08000000002,277562,30,11500,1060362.0,강서구,등촌3동,1116054,8705.0,90.42,240.94,매칭,0.0,불명확,0.0,0.0,0.0,0.0,0.0,1.0,1.6749120690227381
11440565,마포구,공덕동,방문성 검토,광역 목적지형,1.6737180142757855,2.427076027856395,1.0762257336865853,573013.63,19100.454333333335,30,0.34341793983192315,2862.62,0.2416732798649219,0.03941831996623047,636,0.16434333333397322,39.44922175760462,0.02992646091158425,0.3154427932194213,0.07213680065516069,0.6350829211514567,0.14578035429977468,0.2191367245487686,8064.814823462402,1668560.56,196284.0,449979.0,22604941.76,4621248817.27,94170.97,17148.27,180753.02,41335.37,363911.17,83534.13,125568.33,227381,30,11440,1019197.0,마포구,공덕동,1114077,11845.0,271.45,195.45999999999998,매칭,1.0762257336865853,생활 밀착형,0.0,0.0,0.0,0.0,0.0,1.0,1.6737180142757855
11590670,동작구,신대방1동,방문성 검토,관찰 필요,1.6736608428758746,1.6736608428758746,-0.09715365449901106,297722.97000000003,9924.099,30,0.3133412714014153,1292.34,0.18225074037512337,0.04386687350162177,613,0.16824116728380076,38.29913627423507,0.032925877368481175,0.30724800978574135,0.06167082103204868,0.6064293594813998,0.1324728488366215,0.26109779168197866,7981.95166997024,950155.62,192100.0,443396.0,11402532.6,2376410357.58,50089.26,9802.79,91474.79,18360.82,180547.95,39440.21,77734.81,148759,30,11590,675281.0,동작구,신대방1동,1120069,7091.0,156.65,154.41,매칭,0.0,불명확,0.0,0.0,0.0,0.0,0.0,1.0,1.6736608428758746
11740600,강동구,천호1동,방문성 검토,관찰 필요,1.1729317033490283,1.1729317033490283,-0.5834105049454692,217676.3,7255.876666666666,30,0.24266362863762647,1163.3799999999999,0.1522549404528203,0.037161366313309775,593,0.2108272237262394,40.22892965380246,0.01802782388344528,0.3169119467760156,0.07942890429504729,0.6109212165035882,0.13527343123711677,0.2538053522592951,8096.408597353043,897028.95,212244.0,449655.0,8756884.56,1762396266.76,45892.090000000004,3924.23,68984.22,17289.79,132983.07,29445.82,55247.41,116021,30,11740,668998.0,강동구,천호1동,1125061,7641.0,109.11,174.84,매칭,0.0,목적 방문형,0.0,0.0,0.0,0.0,0.0,1.0,1.6729317033490283
11410660,서대문구,홍은1동,방문성 검토,관찰 필요,1.170824030598583,1.170824030598583,-1.381870419591877,182264.48,6075.482666666667,30,0.248590552400021,731.07,0.12692187500000002,0.032713541666666665,586,0.21470820864273718,42.622807362136605,0.019467150154544647,0.29804841843018454,0.09763800385022905,0.6123281398547868,0.1328817880477864,0.25479007209742677,7627.712065126458,733191.5,195310.0,455665.0,7768623.82,1390260973.14,39133.68,3548.17,54323.64,17795.94,111605.67,24219.63,46439.18,99668,30,11410,1615140.0,서대문구,홍은1동,1113066,5760.0,52.809999999999995,135.62,매칭,0.0,목적 방문형,0.0,0.0,0.0,0.0,0.0,1.0,1.670824030598583
11215750,광진구,중곡2동,방문성 검토,관찰 필요,1.657000035693665,2.290247885735171,0.90463978577358,277668.57,9255.619,30,0.34766789978157925,1895.1599999999999,0.26494617642947016,0.0446707675101356,616,0.1844602721870898,39.94128428003212,0.01503601938094758,0.33586710948235876,0.0641202927648599,0.605484228913629,0.14238954016293598,0.25212623092343506,8083.862551098238,798660.36,207473.0,451046.0,11090439.29,2244634554.64,51218.82,4175.03,93259.74,17804.19,168123.94,39537.1,70007.53,130262,30,11215,545542.0,광진구,중곡2동,1105056,7153.0,154.39,165.14000000000001,매칭,0.90463978577358,불명확,0.0,0.0,0.0,0.0,0.0,1.0,1.657000035693665
11590630,동작구,사당2동,방문성 검토,관찰 필요,1.6432713322025245,1.6432713322025245,-0.764297446107324,435883.97,14529.465666666665,30,0.2855644096589729,1210.84,0.1420340175953079,0.030896187683284455,634,0.16840486242244695,41.03710996759069,0.020104891675644783,0.3436489531835732,0.05269909329310734,0.5871222105277237,0.14965007774890185,0.2632277117233745,9161.799696212733,1526394.59,197774.0,444193.0,17887418.41,3993481623.93,73404.98,8763.4,149791.07,22970.69,255917.16,65230.07,114736.74,223961,30,11590,2763201.0,동작구,사당2동,1120073,8525.0,108.99,154.4,매칭,0.0,불명확,0.0,0.0,0.0,0.0,0.0,1.0,1.6432713322025245
11590605,동작구,흑석동,혼재형 (상권+거주),관찰 필요,1.6414021789352016,2.554156380995906,1.3039345743724349,781854.92,26061.83066666667,30,0.40440650262736627,3101.6,0.23012316367413563,0.04805089775931147,636,0.1105213100149066,34.45562896758391,0.02529943790594807,0.4436351951331328,0.0385287081137764,0.7095014890997935,0.14347888224582636,0.14701962865438,6995.1542711018565,1933339.14,196661.0,445107.0,26939303.03,5469195783.02,86411.63,19780.489999999998,346858.36,30123.86,554727.23,112179.67,114948.02,225769,30,11590,1708306.0,동작구,흑석동,1120071,13478.0,357.81,289.82,매칭,1.3039345743724349,생활 밀착형,0.0,0.0,0.0,0.0,0.0,1.0,1.6414021789352016
11440660,마포구,서교동,혼재형 (상권+거주),광역 목적지형,1.6386870786616585,5.301480957343606,5.232562683831354,3021462.92,100715.43066666667,30,0.5799923509942637,6924.87,0.5421915126839962,0.08554181020983401,655,0.10086130065762978,41.632004406660066,0.01583361810708569,0.45412753567732017,0.03747895737869919,0.5308365458941326,0.1492630132955595,0.3199004408103079,10118.338757504924,5209487.53,193014.0,450583.0,125789557.6,30572185367.8,304748.68,47840.69,1372129.51,113241.28,1603902.94,450992.66,966567.32,539168,30,11440,1678981.0,마포구,서교동,1114066,12772.0,785.6,306.94,매칭,5.232562683831354,불명확,0.0,0.0,0.0,0.0,0.0,1.0,1.6386870786616585
11590651,동작구,사당5동,방문성 검토,관찰 필요,1.6346496663031467,1.6346496663031467,-0.28369098933001674,156721.2,5224.04,30,0.2869913644864421,998.33,0.2293429818515966,0.03525384792097404,600,0.21578905725581476,38.6286241427452,0.019374468801923412,0.3139000339456308,0.07107136749846223,0.6272750591496237,0.13449495026837466,0.23822999058200167,8302.952703782257,546083.33,196901.0,442929.0,6053924.33,1301248711.28,33818.72,3036.39,49194.79,11138.39,98307.3,21078.21,37335.69,107250,30,11590,682199.0,동작구,사당5동,1120067,4353.0,86.69,66.77,매칭,0.0,생활 밀착형,0.0,0.0,0.0,0.0,0.0,1.0,1.6346496663031467
11710641,송파구,문정1동,방문성 검토,관찰 필요,1.632275542906227,1.632275542906227,-0.7420619422997752,301031.28,10034.376,30,0.3114734491871403,973.54,0.15387071281808123,0.03831199620673305,615,0.16580250397898846,39.70890805766098,0.028966989742727062,0.3257006049338128,0.059502653677717475,0.6215899557016134,0.146472718715477,0.2319373255829095,8917.288866459325,966474.93,211223.0,443229.0,11953623.42,2684382881.6,49911.74,8719.97,98046.06999999999,17912.16,187118.02,44092.87,69820.39,144317,30,11710,612546.0,송파구,문정1동,1124068,6327.0,98.31,144.09,매칭,0.0,생활 밀착형,0.0,0.0,0.0,0.0,0.0,1.0,1.632275542906227
11620625,관악구,인헌동,혼재형 (상권+거주),야간 소비형,1.1253545113910115,3.7065849752458653,3.68747209122122,385886.44,12862.881333333333,30,0.39740347485784755,5381.96,0.4870552036199095,0.049809954751131216,641,0.2222384388526324,39.98109081003209,0.01334405531326781,0.2950399345465469,0.060604902312711484,0.6064682138092233,0.13819933657166084,0.25533244961911594,8827.890347351931,971019.29,197130.0,441142.0,15428160.8,3406563178.85,85758.8,5149.29,113851.91,23386.61,234027.86000000002,53329.25,98529.33,160325,30,11620,1089078.0,관악구,인헌동,1121062,11050.0,349.63,200.77,매칭,3.68747209122122,목적 방문형,0.0,0.0,0.0,0.0,0.0,1.0,1.6253545113910115
11215770,광진구,중곡4동,방문성 검토,관찰 필요,1.115285190646323,1.115285190646323,-0.6620976011001805,309311.56,10310.385333333334,30,0.24782799658800156,1231.25,0.14553782505910165,0.033296690307328604,625,0.17849232663661196,41.41756189131761,0.024907345848955664,0.3457145280958785,0.0743701593306115,0.5804472357903468,0.13271527905390929,0.2868374851557439,7785.155606373069,1248089.66,208349.0,451598.0,12810930.68,2408038625.45,55209.74,7704.13,106933.5,23003.55,179539.04,41050.37,88722.15,183552,30,11215,2313468.0,광진구,중곡4동,1105058,8460.0,95.59,186.1,매칭,0.0,목적 방문형,0.0,0.0,0.0,0.0,0.0,1.0,1.615285190646323
11500540,강서구,화곡1동,혼재형 (상권+거주),광역 목적지형,1.5958293582098761,3.1754452456456663,2.256594124908272,545983.85,18199.461666666666,30,0.3375570491378649,5443.48,0.289100855063997,0.04525306707738063,637,0.22361304276674118,41.10173788107469,0.017746367406288665,0.2841373421576481,0.08766165885675922,0.6141518654810028,0.13808663021809164,0.2477615043009056,9395.444777423361,1617456.52,185940.0,448265.0,22440885.09,5129761112.04,122089.11,9689.23,155134.4,47861.85,335317.0,75393.07,135273.78,187769,30,11500,1197746.0,강서구,화곡1동,1116073,18829.0,453.75,398.32,매칭,2.256594124908272,불명확,0.0,0.0,0.0,0.0,0.0,1.0,1.5958293582098761
11500593,강서구,화곡8동,방문성 검토,광역 목적지형,1.5889629952299025,1.5889629952299025,-0.05791510839775127,517174.77,17239.159,30,0.330558458398534,1483.3300000000002,0.18599749216300943,0.03829592476489028,634,0.12038212923650547,39.328707411616385,0.03018445776076818,0.38483232660402206,0.05191382402509697,0.5929939505749672,0.14684571716443165,0.26016033226060115,9016.18611267522,1564548.59,186634.0,448318.0,20339815.21,4662943979.1,62258.6,15610.64,199025.57,26848.52,306681.51,75944.9,134548.36,218304,30,11500,593322.0,강서구,화곡8동,1116063,7975.0,130.17,175.24,매칭,0.0,불명확,0.0,0.0,0.0,0.0,0.0,1.0,1.5889629952299025
11380625,은평구,역촌동,방문성 검토,야간 소비형,1.5887933492564819,1.65054910017491,0.08822250131204021,464093.85,15469.795,30,0.25400890029206863,1999.01,0.15676050815558343,0.038706869510664994,624,0.19649463141991647,39.727835005786005,0.021598907203790787,0.32153496539546905,0.08634387204226043,0.6075523732969097,0.14060647431548598,0.25184115238760435,7193.634740861144,1827077.12,192461.0,456114.0,18437443.9,3338521642.38,91191.95,10023.92,149222.4,40071.66,281961.32,65254.6,116877.93,179705,30,11380,1157542.0,은평구,역촌동,1112074,12752.0,176.66000000000003,316.93,매칭,0.08822250131204021,불명확,0.0,0.0,0.0,0.0,0.0,1.0,1.5887933492564819
11740650,강동구,성내2동,혼재형 (상권+거주),관찰 필요,1.583045344646961,2.4756046115781145,1.2750846670445053,458900.71,15296.690333333334,30,0.3509678081031221,2436.44,0.29662040418797175,0.0397918188458729,634,0.17025637201563712,38.88177351043976,0.016418715063657233,0.3346660762411982,0.05609095701769561,0.5915222488978061,0.14546205430800052,0.26301569679419323,8117.769612058347,1307529.35,211287.0,448330.0,17842873.47,3725250238.59,78130.77,7534.56,153578.5,25740.18,271449.98,66752.64,120698.09,174003,30,11740,625147.0,강동구,성내2동,1125066,8214.0,215.26999999999998,111.58,매칭,1.2750846670445053,불명확,0.0,0.0,0.0,0.0,0.0,1.0,1.583045344646961
11500550,강서구,화곡2동,방문성 검토,관찰 필요,1.060464581695235,1.060464581695235,-1.5263578997875693,129674.2,4322.473333333333,30,0.2614115066646688,732.33,0.13324781659388646,0.025163755458515284,567,0.21553655237510622,40.69836266581942,0.017712235741573885,0.3098240050835093,0.0919422676214698,0.6090684962775942,0.13719128400252323,0.2537402197198826,8721.530205854364,496053.91,187129.0,448095.0,5277527.62,1130957452.22,27949.53,2296.82,40176.18,11922.539999999999,78980.47,17790.17,32903.56,82325,30,11500,454621.0,강서구,화곡2동,1116057,5496.0,76.44,61.86,매칭,0.0,목적 방문형,0.0,0.0,0.0,0.0,0.0,1.0,1.560464581695235
11560660,영등포구,신길4동,방문성 검토,관찰 필요,1.0538178832395673,1.0538178832395673,-0.6000579124189485,95130.12,3171.004,30,0.3024905404653006,728.08,0.19985726049958827,0.04456491902278343,540,0.20207343373476247,39.34318257981805,0.014269192554366589,0.3304893339775037,0.07318239480828996,0.6042142068148343,0.13836406387377626,0.2574217293113895,7963.829217181688,314489.57,192302.0,445311.0,3742721.68,757600029.09,19223.27,1357.43,31439.49,6961.85,57478.97,13162.59,24488.56,57912,30,11560,292127.0,영등포구,신길4동,1119066,3643.0,83.68,78.67,매칭,0.0,목적 방문형,0.0,0.0,0.0,0.0,0.0,1.0,1.5538178832395673
11290760,성북구,장위1동,방문성 검토,관찰 필요,1.048697763523187,1.048697763523187,-1.252508573035657,217255.65,7241.855,30,0.25568821155825655,741.61,0.12286447978793903,0.03833664678595096,600,0.1887048276995328,40.265339428456755,0.022733632013712878,0.34718342192711676,0.09121613177839104,0.5921759457118837,0.13290710736406625,0.2749169469240501,7038.575152498911,849689.74,203943.0,457280.0,8747872.49,1529170219.83,40997.19,4939.01,75427.56,19817.22,128653.56999999999,28874.82,59727.26,125170,30,11290,708546.0,성북구,장위1동,1108076,6036.0,66.0,165.4,매칭,0.0,목적 방문형,0.0,0.0,0.0,0.0,0.0,1.0,1.548697763523187
11305635,강북구,수유3동,혼재형 (상권+거주),관찰 필요,1.0482020115138149,2.4774504170936513,2.0417834365426235,433401.32,14446.710666666668,30,0.33501665937539993,2453.41,0.32112696335078533,0.06354842931937173,615,0.19227290309129655,38.44660184699022,0.014296726184405714,0.33826306758825747,0.0798745144569472,0.5769687780369473,0.14727770095393342,0.2757535210091192,7133.649652751404,1293670.95,202069.0,460098.0,16662807.99,3091733175.92,83331.33,6196.22,146603.66,34617.72,250059.03,63830.35,119511.94,165805,30,11305,745645.0,강북구,수유3동,1109065,7640.0,313.36,172.15,매칭,2.0417834365426235,목적 방문형,0.0,0.0,0.0,0.0,0.0,1.0,1.5482020115138149
11380640,은평구,증산동,방문성 검토,관찰 필요,1.0463251032845267,1.0463251032845267,-1.6364056945551808,130736.36,4357.8786666666665,30,0.27366810988015644,650.5,0.13017810686411846,0.02685811486892135,559,0.20688169687453437,39.3776267749844,0.021197163512889604,0.3043801280684272,0.10057408665806514,0.6091163162260292,0.1337592694182399,0.2571244143557309,7885.314014861665,477718.65,191692.0,453846.0,5148087.59,1030897251.76,27046.96,2771.24,39793.55,13148.69,79633.65,17487.2,33615.51,72064,30,11380,807409.0,은평구,증산동,1112067,4997.0,82.05,52.16,매칭,0.0,목적 방문형,0.0,0.0,0.0,0.0,0.0,1.0,1.5463251032845267
11320515,도봉구,창5동,방문성 검토,관찰 필요,1.043613719689036,1.043613719689036,-1.6669243630257093,247332.48,8244.416000000001,30,0.26364270707233206,653.45,0.09492300987797793,0.03490122022080186,592,0.17967098377051005,38.43000328949922,0.01690263244034912,0.3521145302064654,0.06493215124839244,0.6017550545726951,0.1412300155644742,0.25701492986283075,8214.788974298886,938135.11,203776.0,461749.0,9504988.02,2031784129.69,44438.47,4180.57,87089.36,16059.83,148833.57,34930.770000000004,63568.14,124396,30,11320,701480.0,도봉구,창5동,1110063,6884.0,71.24,169.02,매칭,0.0,목적 방문형,0.0,0.0,0.0,0.0,0.0,1.0,1.543613719689036
11320511,도봉구,창1동,방문성 검토,관찰 필요,1.0394222430894038,1.0394222430894038,-1.156288120917137,219186.9,7306.23,30,0.24396011534616086,788.84,0.1233526192337764,0.03930570758405004,600,0.1975979860110253,39.59322842742883,0.017766755221229006,0.3206840828534917,0.07681827700469326,0.604096960174171,0.14153304782356974,0.25436999200225924,8528.945188284519,898453.83,203843.0,460830.0,8678317.0,1869433056.09,43310.89,3894.24,70289.75,16837.56,132410.14,31022.19,55754.57,127357,30,11320,1122171.0,도봉구,창1동,1110059,6395.0,126.75,124.61,매칭,0.0,목적 방문형,0.0,0.0,0.0,0.0,0.0,1.0,1.5394222430894038
11200615,성동구,금호2·3가동,방문성 검토,관찰 필요,1.5312507712622032,1.5312507712622032,-1.160790050526711,228391.04,7613.034666666667,30,0.2719419699744284,808.85,0.12759899037703107,0.036871746332229054,598,0.20797321996519652,35.95055869967578,0.025932716099545762,0.3163529532507055,0.08624313808457634,0.6137706190225325,0.13599592173143044,0.25023345924603696,6682.403232193347,839852.12,201765.0,450209.0,8210785.49,1526201023.9,47499.22,5922.8,72252.18000000001,19697.16,140179.71,31060.25,57151.08,124212,30,11200,631196.0,성동구,금호2·3가동,1104072,6339.0,80.91,152.82,매칭,0.0,불명확,0.0,0.0,0.0,0.0,0.0,1.0,1.5312507712622032
11650610,서초구,방배2동,방문성 검토,관찰 필요,1.5292494370328824,1.5292494370328824,-0.7464518684224275,376453.64,12548.454666666667,30,0.3444802381984838,1072.18,0.16602353669866832,0.0305806751316197,627,0.11846045637917062,45.048972351549054,0.031120325998176032,0.3635658297791993,0.04067002778881351,0.5788437056950757,0.1644501564654814,0.25670613783944285,10675.494694087696,1092816.36,199420.0,440664.0,16958849.62,4018828836.39,44594.87,11715.36,136865.68,15310.38,217907.82,61907.86,96637.96,181186,30,11650,1904030.0,서초구,방배2동,1122063,6458.0,98.84,98.65,매칭,0.0,불명확,0.0,0.0,0.0,0.0,0.0,1.0,1.5292494370328824
11380520,은평구,불광1동,방문성 검토,야간 소비형,1.5223096730131547,1.5223096730131547,-0.38646456000919827,333570.26,11119.008666666667,30,0.2549929467447986,1543.38,0.147086629181359,0.033843514724101784,619,0.2004519227823248,40.05631485252912,0.021029962323379787,0.3102950784641293,0.0843410920386008,0.6113348354256761,0.1388166918717514,0.24984847270257246,8431.83224023029,1308154.85,194584.0,457477.0,13361595.36,2812608472.65,66864.8,7014.97,103505.21,28133.68,203923.12,46305.12,83342.02,140647,30,11380,3124927.0,은평구,불광1동,1112052,10493.0,144.9,210.22,매칭,0.0,불명확,0.0,0.0,0.0,0.0,0.0,1.0,1.5223096730131547
11380650,은평구,수색동,방문성 검토,관찰 필요,1.5203699679065457,1.5203699679065457,-1.2750370636465302,237511.65,7917.054999999999,30,0.28798618519823854,809.39,0.15995849802371542,0.02358893280632411,604,0.19016957694496248,39.400964121128375,0.023990738980593163,0.33430200160707907,0.08377833255758191,0.6094559151098483,0.13762512280976533,0.2529189620803864,8226.60183717304,824732.79,190685.0,454009.0,9358188.0,1953913776.24,45167.49,5698.08,79400.62,19898.329999999998,144752.88,32687.57,60071.2,108653,30,11380,1290258.0,은평구,수색동,1112068,5060.0,51.42,67.94,매칭,0.0,불명확,0.0,0.0,0.0,0.0,0.0,1.0,1.5203699679065457
11170685,용산구,한남동,혼재형 (상권+거주),광역 목적지형,1.5196328805059145,2.7082050008449143,1.697960171912857,778895.21,25963.173666666666,30,0.4452549295080054,2297.77,0.35869029035279426,0.0426397127692788,634,0.08781070819526544,42.03800450897625,0.03940286139389662,0.4322338944670105,0.052489294419977246,0.5585168510665254,0.15265495085019204,0.2888281980832826,9476.65142005431,1749324.17,200457.0,448669.0,32743200.35,7381318397.92,68395.34,30690.7,336664.91,40883.66,435026.1,118902.21,224966.9,284561,30,11170,3031897.0,용산구,한남동,1103074,6406.0,157.06,116.09,매칭,1.697960171912857,불명확,0.0,0.0,0.0,0.0,0.0,1.0,1.5196328805059145
11530520,구로구,구로1동,방문성 검토,관찰 필요,1.516572698048871,1.516572698048871,-1.258873838373955,170736.89,5691.229666666667,30,0.2765548426794775,831.02,0.1306635220125786,0.03092610062893082,595,0.2148222917730316,41.01709021407148,0.02205803326978721,0.30479874618777464,0.06318370915623449,0.6159096021955185,0.13874863247186942,0.24534176533261204,9709.709472569168,617370.82,188981.0,443750.0,7003130.42,1657805598.15,36678.090000000004,3766.12,52040.39,10787.79,105158.49,23689.51,41888.89,92169,30,11530,1008892.0,구로구,구로1동,1117052,6360.0,82.0,114.69,매칭,0.0,불명확,0.0,0.0,0.0,0.0,0.0,1.0,1.516572698048871
11680700,강남구,세곡동,방문성 검토,관찰 필요,1.5088702814020358,1.7875323047479919,0.3980886047799372,493827.2,16460.906666666666,30,0.27771778449247675,2459.77,0.21041659538066723,0.02745594525235244,648,0.1760484639161229,41.73189646094828,0.03648952508083799,0.33324142534068596,0.06089091487872681,0.629680361875571,0.14179042790676577,0.22852921021766318,10822.375611327201,1778161.96,209227.0,441253.0,20608345.58,5344383445.49,86937.52,18019.52,164563.68,30069.59,310953.29,70019.97,112853.94,211364,30,11680,6367772.0,강남구,세곡동,1123076,11690.0,138.73000000000002,182.23,매칭,0.3980886047799372,생활 밀착형,0.0,0.0,0.0,0.0,0.0,1.0,1.5088702814020358
11350600,노원구,공릉2동,방문성 검토,관찰 필요,1.5018984840755865,2.2157644939803673,1.0198085855782586,881098.72,29369.957333333332,30,0.365388128577611,3234.0099999999998,0.20865926833989287,0.04059552229176076,635,0.11538655963545152,35.66864501857408,0.024946773274168416,0.4105326358889729,0.04561745362653575,0.6912412606841604,0.13026887611413168,0.17848986320170798,7778.41241816808,2411404.89,208325.0,459117.0,31427597.47,6853549225.28,101666.95,21980.57,361719.78,40193.48,609051.79,114779.74,157267.19,247829,30,11350,6983449.0,노원구,공릉2동,1111056,15499.0,357.36,271.83,매칭,1.0198085855782586,생활 밀착형,0.0,0.0,0.0,0.0,0.0,1.0,1.5018984840755865
11440720,마포구,성산1동,혼재형 (상권+거주),관찰 필요,1.4973174213710578,2.4158908169512614,1.3122477079717196,320624.74,10687.491333333333,30,0.36955598922717914,1981.55,0.30275783040488924,0.04882811306340719,618,0.1689325658400534,39.22471731283119,0.0206460050462731,0.3531359432837279,0.0681512599433219,0.6106323548207789,0.14093531896509295,0.24843232621412809,7980.690957784481,867594.49,192211.0,451389.0,12576414.79,2558806963.36,54163.96,6619.62,113224.12,21850.98,195783.84,45187.35,79653.55,137124,30,11440,859254.0,마포구,성산1동,1114072,6545.0,171.3,148.28,매칭,1.3122477079717196,불명확,0.0,0.0,0.0,0.0,0.0,1.0,1.4973174213710578
11440740,마포구,상암동,방문성 검토,광역 목적지형,1.4893377858731927,2.0924545536349295,0.8615953825167671,1016489.62,33882.98733333333,30,0.3928970826021115,2105.4,0.26118347599553404,0.03927800521027168,640,0.07660736368365473,43.28476424579722,0.06099161150312582,0.34826781605502277,0.04870778709968529,0.6878568223844725,0.15289858050886934,0.15924459710665811,9923.69993327625,2587165.1,189390.0,452361.0,43998513.56,10087337974.17,77870.59,61997.34,354010.62,49510.96,699199.32,155419.82,161870.48,318214,30,11440,8402415.0,마포구,상암동,1114074,8061.0,209.04000000000002,107.58,매칭,0.8615953825167671,생활 밀착형,0.0,0.0,0.0,0.0,0.0,1.0,1.4893377858731927
11290810,성북구,석관동,방문성 검토,관찰 필요,1.4784576291969,1.7430349718770115,0.37796763240015935,388639.7,12954.656666666668,30,0.28255640017749944,2003.6000000000001,0.1959127798963528,0.03967536912095434,620,0.18687408929144397,37.92376604860492,0.024087271578276743,0.32415975516654627,0.08979581859496083,0.6288090743174205,0.13736188042549435,0.23382904525708514,7134.282669783864,1375441.15,205418.0,456523.0,14738681.06,2772665476.5,72626.69,9361.27,125981.35,34898.22,244380.17,53384.28,90875.25,165583,30,11290,1705061.0,성북구,석관동,1108085,10227.0,196.93,208.82999999999998,매칭,0.37796763240015935,생활 밀착형,0.0,0.0,0.0,0.0,0.0,1.0,1.4784576291969
11230650,동대문구,장안1동,방문성 검토,관찰 필요,1.4773669455942327,1.8769448863263292,0.5708256296172807,496749.69,16558.323,30,0.301291874251641,2134.79,0.19585229357798165,0.04457706422018348,628,0.1688425412001767,39.90096009924032,0.02997549933045756,0.301962604143749,0.08182726797474196,0.6300873383534472,0.1464376354215742,0.2234750262249786,7724.266780438252,1648732.45,206054.0,451858.0,19820789.56,3837027128.66,83872.48,14890.32,149999.83000000002,40647.67,312995.69,72742.85,111011.15,225838,30,11230,1342167.0,동대문구,장안1동,1106087,10900.0,230.6,255.29,매칭,0.5708256296172807,생활 밀착형,0.0,0.0,0.0,0.0,0.0,1.0,1.4773669455942327
11170570,용산구,원효로2동,방문성 검토,관찰 필요,1.4766880418268151,1.4766880418268151,-1.369228943296756,170291.44999999998,5676.381666666666,30,0.30716275105885826,641.04,0.16196058615462353,0.029656392117230923,604,0.1831967488678968,41.75270408467366,0.046519129410196466,0.28042652757962894,0.07406889776321712,0.6402063051315848,0.14637223419026615,0.21342146067814916,9182.906328943704,554401.37,195798.0,448262.0,7110128.52,1563770433.97,31196.84,7921.81,47754.24,12613.3,109021.66,24925.94,36343.85,110158,30,11170,708975.0,용산구,원효로2동,1103057,3958.0,62.37,55.01,매칭,0.0,생활 밀착형,0.0,0.0,0.0,0.0,0.0,1.0,1.4766880418268151
11620775,관악구,난곡동,방문성 검토,관찰 필요,1.4713788470745752,1.5209522274863336,0.07081911487394071,167237.78,5574.592666666666,30,0.27676735738228225,1236.06,0.15912203913491246,0.0587705973223481,586,0.218895993477072,44.290494289029674,0.01613804010074757,0.29235864049379273,0.08096926424160857,0.6220746891043399,0.13575891763212833,0.24216639326353173,8284.957149813876,604253.99,193024.0,441248.0,7407043.94,1385557841.1299999,36607.68,2698.89,48893.409999999996,13541.12,104034.39,22704.02,40499.37,85357,30,11620,972373.0,관악구,난곡동,1121081,7768.0,115.0,341.53000000000003,매칭,0.07081911487394071,생활 밀착형,0.0,0.0,0.0,0.0,0.0,1.0,1.4713788470745752
11500640,강서구,방화2동,방문성 검토,광역 목적지형,1.4545834770555772,1.593945112533914,0.199088050683338,600262.07,20008.735666666664,30,0.350302550272672,1591.47,0.23088205425794284,0.03338749455969824,633,0.09894958047240933,40.58487960100494,0.04299305468359845,0.4224629918728665,0.06641783979454174,0.5658211087700411,0.13682625323968914,0.29735263799026984,14081.604471160406,1713553.24,182690.0,453702.0,24361563.84,8452653048.78,59395.68,25807.1,253588.51,39868.11,339640.95,82131.61,178489.51,191878,30,11500,6157541.0,강서구,방화2동,1116071,6893.0,133.57999999999998,96.56,매칭,0.199088050683338,불명확,0.0,0.0,0.0,0.0,0.0,1.0,1.4545834770555772
11305534,강북구,삼양동,방문성 검토,관찰 필요,0.9358222754059699,0.9358222754059699,-1.3998293984443944,189635.32,6321.177333333334,30,0.22545822388083336,693.06,0.10515248065543922,0.04021392808375057,589,0.21505266002135046,41.232258790187394,0.02109174598909106,0.3171721386079344,0.10278639021464989,0.6032187991140047,0.1363266610882403,0.26045453979775496,7508.113695275753,841110.68,201318.0,458245.0,7819092.59,1423803543.2,40781.58,3999.74,60147.04,19491.93,114391.59,25852.35,49391.38,110332,30,11305,924092.0,강북구,삼양동,1109069,6591.0,79.54,185.51,매칭,0.0,목적 방문형,0.0,0.0,0.0,0.0,0.0,1.0,1.43582227540597
11590530,동작구,상도1동,혼재형 (상권+거주),관찰 필요,1.4303306379113292,3.50879676893604,2.9692373300353014,863745.43,28791.514333333336,30,0.4253057936522857,6504.63,0.34813904945407836,0.049958788268036826,637,0.15638442220180543,35.47806581158988,0.016680863943905323,0.4052254725098806,0.050637280940519704,0.6903359014009486,0.13598147778333253,0.1736826208157188,7440.731168603693,2030880.94,195873.0,444326.0,30644017.21,6426897542.74,135076.33,14408.02,350011.65,43737.72,596274.48,117453.38,150017.57,241945,30,11590,1488648.0,동작구,상도1동,1120053,18684.0,627.33,306.1,매칭,2.9692373300353014,생활 밀착형,0.0,0.0,0.0,0.0,0.0,1.0,1.4303306379113292
11290640,성북구,정릉3동,혼재형 (상권+거주),관찰 필요,1.4220004763642988,2.8108001733734143,1.9839995671558792,413918.07,13797.269,30,0.47446413455330055,2363.01,0.3246784830997527,0.06195658147842814,603,0.10422434565371837,37.203138316720505,0.020033384867686497,0.4353245075770671,0.047254303248949726,0.741306316972342,0.13514297648324464,0.1235507065444135,7070.17917441971,872390.64,199522.0,456946.0,15399051.21,2926474918.43,43140.34,8292.18,180188.68,19559.41,306840.08,55938.12,51139.87,122143,30,11290,3327126.0,성북구,정릉3동,1108064,7278.0,331.88,119.04,매칭,1.9839995671558792,생활 밀착형,0.0,0.0,0.0,0.0,0.0,1.0,1.4220004763642988
11200620,성동구,금호4가동,방문성 검토,관찰 필요,0.9206610836827115,0.9206610836827115,-1.8649836437652956,146533.01,4884.433666666667,30,0.2680013933664607,518.56,0.13124778537079218,0.02751202227284232,568,0.1952375099644783,36.14159198667931,0.019577568221658723,0.3299575297061051,0.08194180956222764,0.5943336590164905,0.1434132827818114,0.26225305820169803,6829.971563608772,546762.12,202135.0,449542.0,5295936.26,1000816291.43,28608.74,2868.7599999999998,48349.67,12007.18,87089.5,21014.78,38428.73,84673,30,11200,832333.0,성동구,금호4가동,1104062,3951.0,45.81,62.89,매칭,0.0,목적 방문형,0.0,0.0,0.0,0.0,0.0,1.0,1.4206610836827114
11380530,은평구,불광2동,방문성 검토,관찰 필요,1.4169118066178137,1.533160896315139,0.16607012813903643,257235.87,8574.529,30,0.25635551184610395,1571.0,0.20611388087116242,0.03929283652584624,612,0.21202027539938345,40.42927131429998,0.019182783489720932,0.3103389507847409,0.0850363520453038,0.6089864916584146,0.13793045270086168,0.2530830556407238,7984.426868266856,1003434.13,193706.0,458300.0,10399858.78,2053880991.91,54539.22,4934.5,79830.31,21874.4,156653.17,35480.66,65102.04,112879,30,11380,1396089.0,은평구,불광2동,1112072,7622.0,121.42,178.07,매칭,0.16607012813903643,불명확,0.0,0.0,0.0,0.0,0.0,1.0,1.4169118066178137
11290610,성북구,보문동,혼재형 (상권+거주),소규모 2030 집중형,1.4113850961662195,2.1380749745917513,1.0381283977507596,258382.07,8612.735666666667,30,0.3666157034530374,1586.24,0.3028909681115142,0.047739163643307235,612,0.16176582995871192,38.20036494792382,0.016840835743749557,0.3753406728260982,0.06485345519524632,0.6249563292065893,0.14078066639840758,0.2342630043950031,6583.21419013324,704776.33,201690.0,453697.0,9870289.37,1700984509.7,41797.39,4351.37,96981.3,16756.97,161477.51,36375.2,60529.36,119884,30,11290,553006.0,성북구,보문동,1108061,5237.0,150.9,99.11,매칭,1.0381283977507596,생활 밀착형,0.0,0.0,0.0,0.0,0.0,1.0,1.4113850961662195
11380600,은평구,응암3동,방문성 검토,관찰 필요,0.9006045404589,1.2220897686156926,0.4592646116525609,306739.78,10224.659333333335,30,0.2555711514003537,1539.56,0.2245565927654609,0.046960326721120195,609,0.18523896704887768,39.28377897382595,0.017965488532331864,0.3383683068430185,0.08570727278998504,0.5892158493430489,0.1394015148605766,0.2713826357963744,7062.485539436716,1200212.85,192718.0,454377.0,12049897.72,2166345260.62,56820.159999999996,5510.73,103791.02,26289.829999999998,180735.94,42759.99,83243.85,140948,30,11380,752773.0,은평구,응암3동,1112073,6856.0,183.21,138.75,매칭,0.4592646116525609,목적 방문형,0.0,0.0,0.0,0.0,0.0,1.0,1.4006045404589
11650540,서초구,잠원동,방문성 검토,광역 목적지형,1.3981750211909145,1.3981750211909145,-0.5717038372609142,557301.39,18576.713,30,0.30034462964770164,1358.96,0.16948865053629333,0.02608880019955101,633,0.12991537666898695,42.9004475477802,0.039911743266960086,0.3420876987225889,0.08268827393378653,0.6116220524768474,0.15105153425151155,0.23732641327164103,9876.574871794237,1855539.72,201126.0,446400.0,23908479.05,5504228904.49,72402.02,22242.87,190645.95,46082.29,340857.82,84181.23,132262.34,243485,30,11650,1756867.0,서초구,잠원동,1122055,8018.0,109.9,99.28,매칭,0.0,불명확,0.0,0.0,0.0,0.0,0.0,1.0,1.3981750211909145
11140680,중구,중림동,방문성 검토,관찰 필요,1.3981550668567082,1.3981550668567082,-1.6103920624842287,214909.23,7163.6410000000005,30,0.3533676397084772,507.51,0.17434215046375814,0.027076605977327375,622,0.12404167098825862,44.38789380986568,0.033121890576779785,0.3686579678313491,0.04996904972392297,0.6052212368915006,0.14934393464626902,0.2454348284622303,12189.398696975462,608174.62,196999.0,450869.0,9539368.08,2619614288.13,26657.7,7118.2,79228.0,10738.81,130067.63,32095.39,52746.21,117193,30,11140,484384.0,중구,중림동,1102068,2911.0,54.26,24.56,매칭,0.0,불명확,0.0,0.0,0.0,0.0,0.0,1.0,1.3981550668567082
11230610,동대문구,답십리2동,방문성 검토,관찰 필요,1.3964158593456462,1.3964158593456462,-1.153969884612102,283137.91,9437.930333333332,30,0.273573083703701,890.75,0.1179488877118644,0.03544491525423729,611,0.1846665817375003,38.51854221852525,0.022474984010442123,0.31780583532597245,0.08601094780984998,0.6181521577241282,0.13939860614214467,0.24244923613372724,7046.9070030219555,1034962.6,205392.0,452362.0,10906059.540000001,1995246520.8,52286.11,6363.52,89982.88,24352.96,175022.31,39469.03,68646.57,133984,30,11230,875745.0,동대문구,답십리2동,1106086,7552.0,95.39,172.29,매칭,0.0,생활 밀착형,0.0,0.0,0.0,0.0,0.0,1.0,1.3964158593456462
11650651,서초구,양재1동,방문성 검토,광역 목적지형,1.392791593252352,1.5303596915945679,0.19652585477459403,922315.68,30743.856000000003,30,0.3338301670667252,2093.21,0.17811521443158612,0.035253573859768544,642,0.0895520067489257,45.403673664097305,0.07253843933348286,0.3293407849251787,0.04179518014916541,0.6585245411852914,0.1553665335061852,0.1861089253085234,10899.183953600355,2762829.04,201990.0,441119.0,41876520.15,10052488259.61,82595.22,66903.34,303756.17,38548.35,607367.51,143296.99,171651.18,339494,30,11650,5765358.0,서초구,양재1동,1122066,11752.0,141.71,272.59,매칭,0.19652585477459403,생활 밀착형,0.0,0.0,0.0,0.0,0.0,1.0,1.392791593252352
11620565,관악구,성현동,방문성 검토,관찰 필요,1.3779043010020908,1.3779043010020908,-1.5879553786884126,209659.74,6988.657999999999,30,0.2372170475202817,802.38,0.10378734963135429,0.026547665243823567,603,0.22779060968023712,40.896086392170474,0.015746036888150294,0.30309739008547854,0.07267556470307557,0.6085738730764428,0.13869315110282976,0.25273297582072746,8168.480176547009,883830.83,195671.0,443345.0,8574262.84,1712601430.01,47758.52,3301.31,63547.32,15237.14,127593.44,29078.37,52987.93,115731,30,11620,678223.0,관악구,성현동,1121079,7731.0,75.98,129.26,매칭,0.0,불명확,0.0,0.0,0.0,0.0,0.0,1.0,1.3779043010020908
11710600,송파구,석촌동,혼재형 (상권+거주),광역 목적지형,1.3625091552789657,2.777210500334604,2.0210019215080552,551037.74,18367.924666666666,30,0.35752377462723217,3817.2,0.3230808294540838,0.042515446466356334,638,0.17799417876532375,41.08636842187978,0.022915290702230307,0.33319521817144504,0.057904182751620605,0.600629604788957,0.14181328124639883,0.25755711396464426,8831.812977328922,1541261.81,209064.0,444812.0,22640139.6,4866662263.13,98081.51,12627.19,183603.14,31907.39,330969.58,78144.47,141923.69,207054,30,11710,946914.0,송파구,석촌동,1124063,11815.0,290.79,211.53,매칭,2.0210019215080552,불명확,0.0,0.0,0.0,0.0,0.0,1.0,1.3625091552789657
11140635,중구,약수동,방문성 검토,관찰 필요,0.8555038961269639,0.8555038961269639,-1.9085141799888121,157797.84,5259.928,30,0.27658317024109447,595.58,0.1339586144849303,0.01888888888888889,582,0.17559834786078188,38.83417795832947,0.024735636432032276,0.3281044911641376,0.07570033911744294,0.5999348280052502,0.1427723598751415,0.25729281211960825,7600.3701250917,570525.82,200909.0,450070.0,6127949.4,1199321988.94,27709.04,3903.23,51774.18,11945.35,94668.42,22529.17,40600.25,96330,30,11140,486369.0,중구,약수동,1102071,4446.0,59.11,24.87,매칭,0.0,목적 방문형,0.0,0.0,0.0,0.0,0.0,1.0,1.3555038961269639
11560560,영등포구,당산2동,혼재형 (상권+거주),광역 목적지형,1.3516707862490962,3.3341906462106192,2.8321712285164615,845657.75,28188.591666666667,30,0.4220058075331615,5430.75,0.38705366688047893,0.04206756467821253,636,0.14793236389071113,40.22296669072092,0.03206237984574729,0.31309318693052834,0.04429800353630058,0.632091836206787,0.15028214428354733,0.2176260195096657,9548.276079761581,2003900.74,191371.0,448294.0,34014863.51,8074573665.99,125100.15000000001,27113.8,264769.68,37460.95,534533.36,127087.26000000001,184037.13,266303,30,11560,1581310.0,영등포구,당산2동,1119056,14031.0,436.47,153.78,매칭,2.8321712285164615,생활 밀착형,0.0,0.0,0.0,0.0,0.0,1.0,1.3516707862490962
11530720,구로구,고척1동,방문성 검토,관찰 필요,1.350561016470314,1.350561016470314,-1.8795194627745346,473882.48,15796.082666666665,30,0.29721646583147443,675.05,0.08166586015001209,0.02851681587224776,623,0.1384824777653734,39.0812132999726,0.02197709440534708,0.38542999099692393,0.053040914279000144,0.6180041937823909,0.13215953879535705,0.24983626742225204,7872.356059396836,1594401.84,187948.0,444591.0,18519902.28,3730571612.87,65624.42,10414.56,182648.52,25135.16,292861.36,62628.090000000004,118393.03,186594,30,11530,1151238.0,구로구,고척1동,1117061,8266.0,94.03,141.69,매칭,0.0,생활 밀착형,0.0,0.0,0.0,0.0,0.0,1.0,1.350561016470314
11500620,강서구,공항동,방문성 검토,광역 목적지형,1.3493309531560653,1.5737218525718388,0.32055842773681914,816343.7,27211.456666666665,30,0.34027002555406555,1791.58,0.23340020844189682,0.032295466388744136,641,0.09201680615652451,40.676147595675694,0.05361091167850013,0.3921329827130411,0.0577655097969152,0.6028549984522451,0.1484830592800557,0.24866194226769925,17979.920156424312,2399105.53,181853.0,450719.0,33205716.83,14677794546.2,75117.34,43764.93,320115.29,47156.51,492136.88,121213.20999999999,202993.61,258683,30,11500,10861768.0,강서구,공항동,1116069,7676.0,151.62,96.28,매칭,0.32055842773681914,불명확,0.0,0.0,0.0,0.0,0.0,1.0,1.3493309531560653
11740685,강동구,길동,방문성 검토,관찰 필요,1.3467379773675272,1.911177284482822,0.8063418673075642,869554.46,28985.148666666664,30,0.28676235165978026,2957.02,0.208652272085803,0.03605136889641546,644,0.15761319883288277,38.322660722135794,0.03136607452970801,0.3476080497591836,0.06444954580533116,0.6041408263261625,0.14463648429794726,0.25122268937589026,8188.368257452214,3032317.37,212900.0,448920.0,33323640.55,7120232138.39,137053.26,27274.51,302264.13,56042.39,525333.35,125769.3,218451.81,309417,30,11740,1631616.0,강동구,길동,1125074,14172.0,257.07,253.85,매칭,0.8063418673075642,불명확,0.0,0.0,0.0,0.0,0.0,1.0,1.3467379773675272
11650520,서초구,서초2동,혼재형 (상권+거주),광역 목적지형,1.3454624864595621,2.4441426197211227,1.5695430475165153,1109655.57,36988.519,30,0.419091795681665,2536.88,0.3299362725972168,0.04081935232149825,640,0.07617213150202995,46.12160910434577,0.060493725994634526,0.3297458417660175,0.040304046777325686,0.6918149205523295,0.1597276351255552,0.1484574443221152,10644.978308899941,2647762.57,202468.0,443265.0,51179100.44,11812259473.0,84524.83,67127.2,365904.31,44723.61,767676.28,177242.66,164736.63,345280,30,11650,1230924.0,서초구,서초2동,1122052,7689.0,196.69,117.16999999999999,매칭,1.5695430475165153,생활 밀착형,0.0,0.0,0.0,0.0,0.0,1.0,1.3454624864595621
11215850,광진구,구의1동,혼재형 (상권+거주),야간 소비형,1.3441053099843527,3.4881212467936678,3.0628799097275934,421466.04,14048.867999999999,30,0.40016738693738524,3967.36,0.4303460245145895,0.05364573164117583,626,0.206165080346687,37.32338057415018,0.019050313045387953,0.30114872363144607,0.06697135076410901,0.6194165252317838,0.14775577173430154,0.23282770303391467,7668.279255927714,1053224.36,207599.0,449114.0,15730537.41,3231919291.61,86891.58,8029.06,126923.95999999999,28226.149999999998,261063.03,62274.04,98128.97,145043,30,11215,565313.0,광진구,구의1동,1105060,9219.0,326.59,167.97,매칭,3.0628799097275934,생활 밀착형,0.0,0.0,0.0,0.0,0.0,1.0,1.3441053099843527
11500615,강서구,우장산동,방문성 검토,야간 소비형,1.341633420952062,1.341633420952062,-1.378022576192567,340012.2,11333.74,30,0.2500745986213191,1045.8,0.09467680608365019,0.025598406663045446,602,0.19693166892246805,39.731019210487155,0.026011507822366373,0.31425801780053775,0.0712282088701523,0.6201803052949276,0.1390848034276417,0.24073489127743064,8912.195121145653,1359643.09,185961.0,450133.0,13509031.25,3030255069.97,66959.17,8844.23,106851.56,24218.46,210868.87,47290.53,81852.8,145484,30,11500,1261588.0,강서구,우장산동,1116074,11046.0,77.62,205.14000000000001,매칭,0.0,생활 밀착형,0.0,0.0,0.0,0.0,0.0,1.0,1.341633420952062
11710646,송파구,장지동,방문성 검토,관찰 필요,1.3350457792361605,1.3350457792361605,-1.4420688389508411,321526.49,10717.549666666666,30,0.26365239527367845,892.3,0.10098460842009958,0.02840651878678135,618,0.18162068077190158,40.53511426072546,0.0287381608899472,0.31321052271618427,0.06582005109439039,0.617652872085283,0.1419111377106129,0.24043599020410417,9243.705733359637,1219509.08,211631.0,442623.0,13033113.01,2972096259.04,58395.86,9240.08,100705.48,21162.89,198591.76,45628.19,77306.54,153093,30,11710,1278355.0,송파구,장지동,1124081,8836.0,85.04,165.96,매칭,0.0,생활 밀착형,0.0,0.0,0.0,0.0,0.0,1.0,1.3350457792361605
11350560,노원구,월계1동,방문성 검토,관찰 필요,1.3249638633032403,1.9492263078841705,0.8918034922584719,405295.47,13509.848999999998,30,0.3585461156101303,1805.28,0.2440227088402271,0.051937010002703426,622,0.1352447635301722,38.670966986134836,0.022452163109545738,0.4119108955251832,0.0644407646599159,0.6778243536746168,0.13330445070111444,0.1888711956242689,7541.948970364757,1130385.89,205141.0,458034.0,15673167.74,3056717752.66,54814.09,9099.76,166945.62,26117.55,274719.14,54027.69,76548.64,152601,30,11350,1107461.0,노원구,월계1동,1111051,7398.0,273.33,110.89999999999999,매칭,0.8918034922584719,생활 밀착형,0.0,0.0,0.0,0.0,0.0,1.0,1.3249638633032403
11260570,중랑구,면목7동,방문성 검토,관찰 필요,1.3239181622986922,1.3239181622986922,-0.09927299324462321,152533.32,5084.444,30,0.2576828114422531,1116.06,0.17365178154660027,0.052615528240236506,580,0.22658019900176563,40.37481331947669,0.016865036439251437,0.2937857774288267,0.0943083124395378,0.6164401981154018,0.13752070695111074,0.24603909493348733,8534.946002945453,591942.16,208197.0,453070.0,6158504.32,1301863649.85,34561.03,2572.48,44812.12,14385.16,94027.67,20976.489999999998,37529.16,91204,30,11260,1236134.0,중랑구,면목7동,1107057,6427.0,116.04,222.12,매칭,0.0,생활 밀착형,0.0,0.0,0.0,0.0,0.0,1.0,1.3239181622986922
11740660,강동구,성내3동,방문성 검토,관찰 필요,1.3035335161648491,1.3035335161648491,-0.07843434317754669,464631.93,15487.731,30,0.2853216869986872,1373.52,0.1930456781447646,0.03900632466619817,639,0.14060942819835906,38.72799906368897,0.020414675332364695,0.38731242598845933,0.05490832280941174,0.577757688758067,0.14093280244429177,0.2813095087976412,8200.518026645306,1628449.4,211824.0,447659.0,17994264.95,3810222517.72,65331.63,9485.31,179957.72,25512.16,268444.67,65481.880000000005,130705.38,212386,30,11740,647356.0,강동구,성내3동,1125067,7115.0,140.51,137.01999999999998,매칭,0.0,불명확,0.0,0.0,0.0,0.0,0.0,1.0,1.3035335161648491
11710632,송파구,가락2동,방문성 검토,관찰 필요,1.2925025984553025,1.2925025984553025,-1.4568523093855603,295054.66,9835.155333333332,30,0.2670545317917855,914.23,0.10491507918292403,0.025680514115216893,615,0.17993140660784684,40.72093913039706,0.02699038883168292,0.31088226161213656,0.06582726061672776,0.6202815776575094,0.14311355055364997,0.23660487178884076,8976.972142314242,1104847.98,211564.0,444052.0,12014902.85,2648697463.28,53089.6,7963.64,91727.26,19422.64,183016.97,42226.32,69811.37,140749,30,11710,932311.0,송파구,가락2동,1124067,8714.0,59.74,164.04,매칭,0.0,생활 밀착형,0.0,0.0,0.0,0.0,0.0,1.0,1.2925025984553025
11320512,도봉구,창2동,방문성 검토,관찰 필요,1.284716311689523,1.284716311689523,-1.2971787808835444,279744.34,9324.811333333335,30,0.2757650992554616,821.23,0.10093780727630286,0.03790191740412979,604,0.1777765369622849,39.85931722514922,0.020237799985515344,0.34545996533835144,0.07986706719428174,0.6093591026721041,0.13964958147142492,0.2509913158564709,7748.625208824599,1014429.82,203245.0,460322.0,11150418.39,2167634044.95,49731.98,5661.41,96640.47,22342.36,170464.76,39066.18,70213.4,140869,30,11320,654442.0,도봉구,창2동,1110060,8136.0,77.84,230.53,매칭,0.0,불명확,0.0,0.0,0.0,0.0,0.0,1.0,1.284716311689523
11620605,관악구,은천동,혼재형 (상권+거주),야간 소비형,1.2777837886319758,2.34923551600419,1.5306453248174487,355644.5,11854.816666666668,30,0.3019243605679685,2954.01,0.2729886332131966,0.04777562147675816,627,0.21432961848137674,41.16812727316183,0.018590390122720863,0.3038893051909983,0.06979393748532595,0.6069670134080521,0.1402796894089463,0.2527532971830016,8082.743243547981,1177925.82,194879.0,443063.0,14641218.040000001,2874583179.48,76225.15,6611.57,108076.56,24821.83,215864.48,49889.700000000004,89890.32,156453,30,11620,776212.0,관악구,은천동,1121078,10821.0,280.96,236.02,매칭,1.5306453248174487,불명확,0.0,0.0,0.0,0.0,0.0,1.0,1.2777837886319758
11680670,강남구,개포2동,방문성 검토,야간 소비형,0.7767883826972805,0.7767883826972805,-1.9582126896386327,302384.33,10079.477666666668,30,0.2032133594869398,738.95,0.07379906122041346,0.023461500049935087,609,0.19838319664249796,38.9112827374355,0.02596493674126566,0.3354544529473468,0.062367054536192394,0.5891604568265821,0.13882825872623755,0.27201128444718015,8197.088314926901,1488014.03,206104.0,442805.0,11766162.16,2478671058.06,59987.97,7851.39,101436.17,18858.82,178152.88999999998,41979.49,82251.95,161965,30,11680,2243338.0,강남구,개포2동,1123080,10013.0,51.96,182.96,매칭,0.0,목적 방문형,0.0,0.0,0.0,0.0,0.0,1.0,1.2767883826972803
11290630,성북구,정릉2동,방문성 검토,관찰 필요,1.2731061819314597,1.2731061819314597,-1.6210119887288132,235375.36000000002,7845.845333333334,30,0.25804308797166836,722.74,0.11461148112908341,0.02696955280685062,605,0.197896075443071,38.36678669339051,0.022373157496179717,0.3292267720801361,0.09256194021328315,0.6271277503303659,0.13292593583287562,0.2399463138367584,6835.679962337604,912155.26,200751.0,456011.0,9030596.23,1608950631.98,46579.86,5266.09,77491.87,21786.8,147610.42,31287.49,56477.45,126844,30,11290,1094889.0,성북구,정릉2동,1108063,6306.0,67.94,102.13000000000001,매칭,0.0,생활 밀착형,0.0,0.0,0.0,0.0,0.0,1.0,1.2731061819314597
11545630,금천구,독산3동,방문성 검토,관찰 필요,1.2712207524602215,1.4624983974361259,0.27325377853700633,174249.47,5808.315666666666,30,0.2872103956469156,1732.49,0.20100823761457245,0.04059287620373593,592,0.20233381484603652,40.49986022913011,0.02007483867813199,0.2978983522876712,0.07503305461990788,0.6084651505683202,0.14010843189365224,0.2514264175380275,8767.251096086547,606696.25,191562.0,441821.0,7057079.18,1527688856.85,35256.56,3498.0299999999997,51908.63,13074.47,106024.73,24413.82,43810.92,91325,30,11545,934985.0,금천구,독산3동,1118054,8619.0,186.06,163.81,매칭,0.27325377853700633,불명확,0.0,0.0,0.0,0.0,0.0,1.0,1.2712207524602215
11710631,송파구,가락1동,방문성 검토,관찰 필요,0.7661128848536083,0.7661128848536083,-2.04949978840564,336583.55,11219.451666666666,30,0.2359011576584582,544.84,0.08752449799196788,0.02967710843373494,636,0.15710637076589157,41.03005732157736,0.028297342517184812,0.3404489316248521,0.07689015104867722,0.5974672559012465,0.14460507651072074,0.25792766758803276,9803.885583237803,1426799.06,209575.0,443976.0,13810042.35,3299826613.4,52879.42,9524.42,114589.51,25879.96,201097.65,48671.69,86814.20999999999,196761,30,11710,1393228.0,송파구,가락1동,1124066,6225.0,72.38,112.36,매칭,0.0,목적 방문형,0.0,0.0,0.0,0.0,0.0,1.0,1.2661128848536083
11470650,양천구,신정4동,방문성 검토,관찰 필요,1.2558745472843966,1.759014646387974,0.7187715701479676,453696.73,15123.224333333334,30,0.2827431377303413,2422.39,0.22829045330317593,0.036156818396004146,633,0.17781256655740058,38.575404852488134,0.022788967423238868,0.3392857162536746,0.06537818775991619,0.6091707118982321,0.1440246219098824,0.2468046661918855,8321.983895519812,1604625.08,187414.0,447334.0,17501535.04,3775656880.51,80672.98,10339.28,153932.82,29661.87,276378.76,65343.5,111974.47,213841,30,11470,997144.0,양천구,신정4동,1115072,10611.0,235.81,147.85,매칭,0.7187715701479676,불명확,0.0,0.0,0.0,0.0,0.0,1.0,1.2558745472843966
11260540,중랑구,면목4동,방문성 검토,관찰 필요,0.7532685681762394,0.7532685681762394,-0.8641893084590565,151484.26,5049.475333333334,30,0.2401959124080184,905.51,0.16155396966993754,0.034590544157002676,578,0.2019546453209066,39.522611590141445,0.022423319756125156,0.3161074292471046,0.09024389728675442,0.6035173555325154,0.13612265723184705,0.2603599872356375,7756.546363100694,630669.6,207542.0,452678.0,5987053.57,1174994685.97,30592.95,3396.78,47885.3,13670.53,91423.38,20620.44,39440.44,104381,30,11260,843466.0,중랑구,면목4동,1107054,5605.0,96.78,97.1,매칭,0.0,목적 방문형,0.0,0.0,0.0,0.0,0.0,1.0,1.2532685681762394
11545670,금천구,시흥1동,방문성 검토,관찰 필요,1.2474014842413386,1.262073661749328,0.02096025358284201,374484.4,12482.813333333334,30,0.27482310250281516,1796.44,0.17820057533974804,0.035018351354032334,621,0.16042988706605668,40.20387717085144,0.033462248360679375,0.31306476317838605,0.06140082203691262,0.6279324853051289,0.146089156183809,0.22597835851106213,8904.250479325707,1362637.99,191165.0,439227.0,15055724.82,3334502898.2,60078.49,12531.09,117237.87,22993.65,235150.92,54708.11,84625.37,144906,30,11545,1524148.0,금천구,시흥1동,1118057,10081.0,170.48,182.54,매칭,0.02096025358284201,생활 밀착형,0.0,0.0,0.0,0.0,0.0,1.0,1.2474014842413386
11710680,송파구,잠실3동,방문성 검토,광역 목적지형,1.2423992054065356,1.2423992054065356,-3.4470109035306127,826396.44,27546.548,30,0.3170395395470376,246.92000000000002,0.03101620399447306,0.024133902776033164,637,0.08901907902701034,41.8549772068234,0.018718195349437857,0.4919996267166882,0.030558166489681394,0.5369532811636992,0.13699451561044965,0.32605220322585127,10231.207061746298,2606603.71,208332.0,446051.0,34588804.16,8455033092.7300005,73565.05,15468.65,406586.74,25253.16,443736.28,113211.78,269448.38,278749,30,11710,1542643.0,송파구,잠실3동,1124080,7961.0,23.02,169.11,매칭,0.0,불명확,0.0,0.0,0.0,0.0,0.0,1.0,1.2423992054065356
11500520,강서구,등촌1동,혼재형 (상권+거주),관찰 필요,1.2334861482752966,3.120266573754981,2.6954006078281205,452060.04,15068.668,30,0.3923042795936021,3949.24,0.38737027954879844,0.050698381559588036,631,0.1825494241871058,38.537108345165834,0.026181544380697752,0.31741810225031175,0.05566778253614277,0.6205940476402206,0.14229311221580213,0.23711284014397735,9623.065667228628,1152319.93,187595.0,450713.0,17421086.74,4350203450.45,82523.3,11835.630000000001,143492.04,25165.18,280545.77,64325.03,107189.24,159925,30,11500,650741.0,강서구,등촌1동,1116052,10195.0,371.91,144.96,매칭,2.6954006078281205,생활 밀착형,0.0,0.0,0.0,0.0,0.0,1.0,1.2334861482752966
11740570,강동구,암사1동,방문성 검토,관찰 필요,1.230305003810845,1.230305003810845,-0.38002557060489073,434075.62,14469.187333333333,30,0.27951569476372085,1446.1399999999999,0.14675664704688451,0.03708544753399635,631,0.14545905618933402,40.29759473706447,0.025875929175658383,0.3804748352372336,0.05386430133993704,0.5875606190460547,0.1382619461558334,0.2741774347981119,8898.368020185055,1552956.16,211893.0,450267.0,17492203.419999998,3862564615.35,63140.23,11232.11,165154.85,23381.18,255045.74,60016.14,119013.74,189771,30,11740,735480.0,강동구,암사1동,1125072,9854.0,120.52000000000001,244.92,매칭,0.0,불명확,0.0,0.0,0.0,0.0,0.0,1.0,1.230305003810845
11260580,중랑구,상봉1동,방문성 검토,관찰 필요,1.2299478059628046,1.2299478059628046,-1.5363231969616176,241247.59,8041.586333333334,30,0.29176638524988574,661.27,0.09878547953391097,0.03855542276665671,610,0.16382692154562042,39.40101843089914,0.016763193364957553,0.38526768288130875,0.06564782678243543,0.5798825182046379,0.1352315685309022,0.28488591326446,8090.532650004919,826851.9,207898.0,455798.0,9505400.74,1951821503.63,39522.85,4044.08,92944.9,15837.380000000001,139895.26,32624.29,68728.04000000001,112467,30,11260,854219.0,중랑구,상봉1동,1107059,6694.0,81.09,177.0,매칭,0.0,불명확,0.0,0.0,0.0,0.0,0.0,1.0,1.2299478059628046
11500560,강서구,화곡3동,방문성 검토,관찰 필요,1.2270364154491826,1.2270364154491826,-1.0726627808079938,295181.77,9839.392333333333,30,0.2803109995710844,763.3,0.12168021680216802,0.044560816196397256,608,0.16651651624692132,37.65784228477253,0.018025706668809524,0.3501322930613228,0.055806088567054796,0.5936788034030692,0.14257953666989664,0.2637416599270341,8287.3196892884,1053050.97,185357.0,449400.0,11115908.54,2446265694.44,49152.64,5320.86,103352.67,16472.94,175243.16,42086.88,77851.73,139116,30,11500,521858.0,강서구,화곡3동,1116058,6273.0,66.78999999999999,212.74,매칭,0.0,불명확,0.0,0.0,0.0,0.0,0.0,1.0,1.2270364154491826
11380632,은평구,신사2동,방문성 검토,관찰 필요,0.7252296622837355,0.7252296622837355,-1.4809640621627014,143849.63,4794.987666666667,30,0.23541785565809248,724.5699999999999,0.1374113407927176,0.026334155129907076,568,0.20954311804625428,42.04717989194688,0.01995542150508138,0.3157993524209968,0.09070826250995571,0.6105541599238038,0.13622600211067626,0.25321983796551994,7988.162173305555,611039.59,191716.0,454814.0,6048471.27,1149094173.01,30142.7,2870.58,45427.62,13048.35,87827.99,19596.06,36425.58,88806,30,11380,1046222.0,은평구,신사2동,1112066,5273.0,57.11,81.75,매칭,0.0,목적 방문형,0.0,0.0,0.0,0.0,0.0,1.0,1.2252296622837355
11110530,종로구,사직동,혼재형 (상권+거주),광역 목적지형,1.2223400747867519,1.4453658106560099,0.3186081940989401,923203.93,30773.464333333333,30,0.3853198752592316,812.33,0.31400463857750294,0.04577116350985697,635,0.04244549738864305,47.974135487053225,0.06203399719063154,0.40723523566456216,0.03997268512494309,0.63968652083186,0.15258756534972723,0.2077259138184128,9944.36931841267,2395941.63,197383.0,452705.0,44289910.42,9180680836.13,39185.85,57270.03,375961.17,36902.94,590561.11,140869.44,191773.38,347508,30,11110,1158536.0,종로구,사직동,1101053,2587.0,54.22,64.19,매칭,0.3186081940989401,생활 밀착형,0.0,0.0,0.0,0.0,0.0,1.0,1.2223400747867519
11215820,광진구,자양1동,혼재형 (상권+거주),관찰 필요,1.2142083987583314,2.6507474235142467,2.052198606794165,405729.15,13524.305,30,0.37931329425343974,2590.58,0.3251638006777959,0.06045939500439313,628,0.16528861680261328,38.06573767253351,0.019094314519920493,0.3635952210976214,0.062324336321410476,0.6169606004399733,0.1364280826260573,0.24661131693396934,7890.284583890509,1069641.26,207111.0,448457.0,15444379.39,3201318457.48,67062.41,7747.12,147521.18,25286.8,250318.9,55352.85,100057.4,151165,30,11215,568868.0,광진구,자양1동,1105064,7967.0,268.96000000000004,212.72,매칭,2.052198606794165,생활 밀착형,0.0,0.0,0.0,0.0,0.0,1.0,1.2142083987583314
11500605,강서구,가양3동,방문성 검토,관찰 필요,1.2033631986407705,1.2033631986407705,-1.0628511039894168,150776.37,5025.879,30,0.31448299121864676,779.25,0.16190525659671723,0.03323498857261583,587,0.1681611647766822,41.12419936890642,0.03173859405157453,0.28597757062330126,0.05830376470795789,0.6573687242901524,0.144453272087662,0.19817800362218563,9899.805832173835,479442.05,187729.0,451261.0,6200557.5,1492656787.08,25354.73,4785.43,43118.66,8790.83,99115.67,21780.14,29880.56,81548,30,11500,474228.0,강서구,가양3동,1116066,4813.0,91.27,68.69,매칭,0.0,생활 밀착형,0.0,0.0,0.0,0.0,0.0,1.0,1.2033631986407705
11230660,동대문구,장안2동,방문성 검토,관찰 필요,1.1982290270706095,1.1982290270706095,-1.1606347645169524,405674.8,13522.493333333334,30,0.24935086072880125,975.4200000000001,0.11524338374291117,0.031865548204158795,625,0.17307752416467576,38.15612239162995,0.024127798916767817,0.3466662213181593,0.0816534080992953,0.6080073743796756,0.1415315666637415,0.250461058956583,7132.2687926388335,1626923.6,206367.0,452902.0,15478977.32,2893381716.0,70213.19,9788.04,140633.75,33124.73,246653.27,57415.79,101605.74,207414,30,11230,996640.0,동대문구,장안2동,1106088,8464.0,123.82000000000001,145.89000000000001,매칭,0.0,불명확,0.0,0.0,0.0,0.0,0.0,1.0,1.1982290270706095
11740515,강동구,강일동,방문성 검토,관찰 필요,0.6971017225506897,0.6971017225506897,-2.2021646598066087,293792.52999999997,9793.084333333332,30,0.2175842880419974,700.45,0.07305486024196914,0.016290154359616185,610,0.18137220847650554,40.51064242511544,0.02477751901996964,0.33661141758777874,0.08341512291003451,0.6066493589881268,0.13812587406493965,0.25522476694693363,8903.480968968135,1350246.99,215398.0,451571.0,11901724.13,2615776199.68,53285.8,7279.45,98893.92,24506.74,178229.05,40580.35,74983.13,139849,30,11740,3647520.0,강동구,강일동,1125051,9588.0,47.21,108.98,매칭,0.0,목적 방문형,0.0,0.0,0.0,0.0,0.0,1.0,1.1971017225506897
11440630,마포구,신수동,방문성 검토,관찰 필요,1.1965493265464429,1.4732349017442783,0.3952651074254794,236203.25,7873.441666666667,30,0.29594390033307894,1482.55,0.2253800547278808,0.04586044390392217,603,0.1806879879933913,38.09654879854532,0.02835562169445171,0.328535106947089,0.06872953695599023,0.6247143085457122,0.14265375264734925,0.2326319388069385,8040.166767476739,798135.22,194238.0,449573.0,8998528.64,1899113521.02,42679.090000000004,6697.6900000000005,77601.06,16234.14,147559.55,33695.28,54948.42,116809,30,11440,797879.0,마포구,신수동,1114063,6578.0,134.34,167.33,매칭,0.3952651074254794,생활 밀착형,0.0,0.0,0.0,0.0,0.0,1.0,1.1965493265464429
11410520,서대문구,천연동,방문성 검토,관찰 필요,1.1940803673434375,1.1940803673434375,-1.2113810375330067,159957.81,5331.927,30,0.2658086923922686,751.72,0.15303745928338763,0.031278501628664496,600,0.20173888352184866,40.16497012555998,0.030349940399909202,0.3207165064337903,0.07663376986719185,0.6269797017100948,0.1328650348488767,0.2401552634410286,8206.62068516692,601777.95,196171.0,452421.0,6424700.66,1312713072.3,32269.71,4854.71,51301.11,12258.17,100290.3,21252.8,38414.71,90716,30,11410,982817.0,서대문구,천연동,1113052,4912.0,66.19,87.45,매칭,0.0,생활 밀착형,0.0,0.0,0.0,0.0,0.0,1.0,1.1940803673434375
11290650,성북구,정릉4동,방문성 검토,관찰 필요,1.1879823627839219,1.1879823627839219,-1.3040730757949115,232938.73,7764.624333333334,30,0.2646920814569721,791.05,0.11467816758480719,0.03560307335459553,596,0.18979338472395724,41.146127567536745,0.023695844825804623,0.3449533703562306,0.09628102634542568,0.6501386866838331,0.12610839768895452,0.22375291562721236,7490.910721415885,880036.64,199550.0,458261.0,9584526.7,1744923229.99,44210.23,5519.68,80353.0,22427.58,151442.48,29375.53,52120.72,111891,30,11290,3570914.0,성북구,정릉4동,1108065,6898.0,70.59,175.0,매칭,0.0,생활 밀착형,0.0,0.0,0.0,0.0,0.0,1.0,1.1879823627839219
11560680,영등포구,신길6동,방문성 검토,관찰 필요,1.1872991872644447,1.8988652761244955,1.0165229840857868,284959.74,9498.658,30,0.3217880182908018,1362.76,0.2651284046692607,0.06377042801556419,620,0.17628827145897874,38.50744070021962,0.024723176684537964,0.33311361808513723,0.05435051983132776,0.6083461825168707,0.14295328175130986,0.24870053573181952,8364.855504851317,885551.12,192350.0,444399.0,10973070.29,2383647049.8,50235.06,7045.11,94923.97,15487.710000000001,173354.17,40735.93,70869.64,145623,30,11560,653511.0,영등포구,신길6동,1119068,5140.0,186.57,141.21,매칭,1.0165229840857868,불명확,0.0,0.0,0.0,0.0,0.0,1.0,1.1872991872644447
11710647,송파구,위례동,방문성 검토,관찰 필요,1.1832903258368954,1.1832903258368954,-3.195939696088473,411535.57,13717.852333333334,30,0.2490164127023675,307.37,0.04000130140551796,0.022040603852160334,630,0.17011224570454506,40.113172088624076,0.02858294849215585,0.3465061841434508,0.06898472955812786,0.607668955565615,0.14275232636634544,0.24957871806803966,9314.780220504392,1652644.36,212445.0,442428.0,16507997.14,3833363387.4700003,70007.24,11762.9,142599.62,28389.67,250077.39,58747.66,102710.52,176181,30,11710,2537372.0,송파구,위례동,1124082,7684.0,24.189999999999998,145.17000000000002,매칭,0.0,불명확,0.0,0.0,0.0,0.0,0.0,1.0,1.1832903258368954
11470560,양천구,신월1동,방문성 검토,관찰 필요,0.6771778552210934,0.6771778552210934,-1.1869432332240621,153451.06,5115.035333333333,30,0.23398036908352815,713.12,0.12679943100995733,0.0416429587482219,574,0.20278465329597595,40.789251374346975,0.0202341384934063,0.32996396375495873,0.08788228637847141,0.5950910994032886,0.13715525979423016,0.26775364080248126,8496.716891561387,655828.78,185371.0,447987.0,6259153.86,1303830213.53,31117.52,3104.95,50633.32,13485.63,91317.36,21046.62,41087.08,97218,30,11470,622400.0,양천구,신월1동,1115057,5624.0,96.6,137.6,매칭,0.0,목적 방문형,0.0,0.0,0.0,0.0,0.0,1.0,1.1771778552210934
11140625,중구,다산동,방문성 검토,관찰 필요,1.1696984589774404,1.4039635939586845,0.33466447854463466,294706.11,9823.537,30,0.3369799132462228,1245.04,0.26524073285044736,0.040507030251384746,613,0.12965571022602823,40.72444863800075,0.022459934746517474,0.3631729589861574,0.05504826486291716,0.6141776632998889,0.14962662294310763,0.23619571375700357,7934.307970269093,874550.97,200739.0,450602.0,12001743.84,2338289037.46,38210.33,6619.08,107029.29,16223.06,181001.91,44095.88,69608.32,152575,30,11140,523971.0,중구,다산동,1102070,4694.0,92.5,97.64,매칭,0.33466447854463466,불명확,0.0,0.0,0.0,0.0,0.0,1.0,1.1696984589774404
11545610,금천구,독산1동,혼재형 (상권+거주),광역 목적지형,1.1623008410038618,3.3042583333588413,3.059939274792828,689106.64,22970.221333333335,30,0.37026602973714257,5516.4,0.3590003904724717,0.0580053364571131,644,0.19431596247570623,40.627309352294155,0.030133013955575876,0.28382585313646086,0.07768291131253648,0.6276480807092499,0.14178557327498686,0.23056634601576323,8935.025667696367,1861112.24,190489.0,440548.0,27996548.64,6157185516.18,133904.42,20764.86,195586.28,53531.81,432516.46,97705.38,158884.8,206960,30,11545,2061921.0,금천구,독산1동,1118052,15366.0,620.97,270.34,매칭,3.059939274792828,생활 밀착형,0.0,0.0,0.0,0.0,0.0,1.0,1.1623008410038618
11710590,송파구,송파2동,방문성 검토,관찰 필요,0.6591397482938777,0.6591397482938777,-2.595573802401569,192781.02,6426.034,30,0.240672242780904,405.68,0.07714014071116182,0.023744057805666477,586,0.18315075830597846,38.8251560760494,0.024812764244114906,0.33853633516411524,0.07048349469257918,0.6083403853761122,0.1379732299372625,0.2536863846866253,8271.747058968773,801010.61,210346.0,444827.0,7484753.19,1594635835.21,35307.99,4783.43,65263.38,13587.88,117276.48,26598.62,48905.92,109025,30,11710,631023.0,송파구,송파2동,1124062,5259.0,35.31,89.56,매칭,0.0,목적 방문형,0.0,0.0,0.0,0.0,0.0,1.0,1.1591397482938777
11410565,서대문구,충현동,방문성 검토,광역 목적지형,1.1530302674512385,1.900425750357099,1.067707832722658,1012828.95,33760.965,30,0.38975729631798745,2009.73,0.30085778443113775,0.03893562874251497,641,0.06548871850473863,42.4614863941241,0.06920083593582115,0.36281133156788226,0.04187704152808824,0.7185320087858863,0.15927332053452858,0.12219467067958514,9426.842125563257,2598614.47,196317.0,451602.0,43006222.68,9547778611.85,66328.87,70088.61,367465.82,42414.28,727750.02,161316.63,123762.3,357811,30,11410,1116001.0,서대문구,충현동,1113073,6680.0,177.93,82.16,매칭,1.067707832722658,생활 밀착형,0.0,0.0,0.0,0.0,0.0,1.0,1.1530302674512385
11650600,서초구,방배1동,방문성 검토,관찰 필요,1.1497445255792205,1.1905454440870857,0.058287026439807654,330637.11,11021.237,30,0.32146693145464744,1184.22,0.2379863344051447,0.039005225080385855,623,0.12002058692080875,42.05263078303582,0.03294119041870406,0.36396153474726417,0.042600904659492095,0.6651712204960901,0.14675485156520998,0.18807392793869993,9452.619959780075,1028526.04,199669.0,442826.0,13904160.31,3125386945.43,39683.26,10891.58,120339.19,14085.44,219930.29,48522.6,62184.22,167096,30,11650,689244.0,서초구,방배1동,1122062,4976.0,74.07,120.02000000000001,매칭,0.058287026439807654,생활 밀착형,0.0,0.0,0.0,0.0,0.0,1.0,1.1497445255792205
11350625,노원구,중계2·3동,방문성 검토,관찰 필요,0.6397700058024978,0.6397700058024978,-1.836742869059201,285049.32,9501.644,30,0.2210800951401322,644.6899999999999,0.07581912266258967,0.03384217335058215,591,0.18209326021195207,39.40615238092832,0.021176791440863638,0.3468384348364697,0.06718718009921931,0.6053932701891729,0.13693633789408793,0.2576703919167392,8241.969001083742,1289348.64,205816.0,460426.0,11232696.94,2349367659.22,51905.56,6036.43,98866.06,19151.66,172566.94,39033.61,73448.77,161310,30,11350,919083.0,노원구,중계2·3동,1111078,8503.0,64.24,223.52,매칭,0.0,목적 방문형,0.0,0.0,0.0,0.0,0.0,1.0,1.1397700058024978
11260575,중랑구,면목3·8동,방문성 검토,관찰 필요,1.1394972015331812,1.2679422224587773,0.18349288703656585,349370.35,11645.678333333333,30,0.2787219324973603,1499.8,0.19664350334338535,0.044595515930247805,625,0.15878013117026102,41.52394683750353,0.023636607972027393,0.34027109054904064,0.05988902607218959,0.6425562157750365,0.13848782531202206,0.21895595891294153,8453.476681263879,1253472.76,208687.0,453886.0,14507235.84,2953394106.85,55473.07,8257.93,118880.63,20923.45,224490.09,48383.54,76496.72,184187,30,11260,1614117.0,중랑구,면목3·8동,1107072,7627.0,171.59,168.54000000000002,매칭,0.18349288703656585,생활 밀착형,0.0,0.0,0.0,0.0,0.0,1.0,1.1394972015331812
11350630,노원구,상계1동,방문성 검토,관찰 필요,0.638052887252086,0.638052887252086,-1.7808631239486425,305860.16,10195.338666666667,30,0.20828024468836964,736.35,0.07318127608825284,0.030872589942357382,612,0.1828670003965211,41.528823204695904,0.015419922620847385,0.34228580145907206,0.07227832483969146,0.5976249407572403,0.1382609621338065,0.26411409710895334,9816.879169127487,1468502.98,205744.0,464860.0,12702012.51,3002592233.37,55931.73,4716.34,104691.59,22107.06,182789.66,42288.52,80781.98,161708,30,11350,5402614.0,노원구,상계1동,1111065,10062.0,70.26,240.38,매칭,0.0,목적 방문형,0.0,0.0,0.0,0.0,0.0,1.0,1.138052887252086
11500570,강서구,화곡4동,방문성 검토,관찰 필요,1.1365521789922677,1.1365521789922677,-1.2502306182465834,123009.66,4100.322,30,0.26252029570695645,901.85,0.14555358295674628,0.023636216914138152,559,0.224888435591156,42.89243251302377,0.017453426015485288,0.2972894974264622,0.08976026760825125,0.6206470288593595,0.1404353121535333,0.23891765898710718,8568.605217183755,468572.0,187502.0,448518.0,5276183.54,1054021214.4399999,27663.45,2146.94,36569.479999999996,11041.38,76345.58,17274.9,29389.18,75460,30,11500,852049.0,강서구,화곡4동,1116059,6196.0,95.84,50.61,매칭,0.0,생활 밀착형,0.0,0.0,0.0,0.0,0.0,1.0,1.1365521789922677
11500611,강서구,발산1동,방문성 검토,관찰 필요,1.120320848480854,1.120320848480854,-2.574229339493835,629974.99,20999.166333333334,30,0.2846597010082392,481.3,0.05325882483124931,0.023413743498948765,638,0.1173289276134597,38.76504189475839,0.04370179838409141,0.37000303773964105,0.057012929989490535,0.6240193122587295,0.15126941785419132,0.22471126988707918,9556.144336301351,2213081.05,184559.0,450124.0,24421006.88,6020131932.7,73914.29,27531.04,233092.66,35916.72,393116.56,95295.95,141562.48,233416,30,11500,2887669.0,강서구,발산1동,1116067,9037.0,37.5,174.09,매칭,0.0,생활 밀착형,0.0,0.0,0.0,0.0,0.0,1.0,1.120320848480854
11590650,동작구,사당4동,혼재형 (상권+거주),관찰 필요,1.11763358409263,1.918267321606032,1.143762482162003,166070.87,5535.6956666666665,30,0.3147743008818278,1454.6000000000001,0.30247452692867544,0.05592846745685173,608,0.20753904643240564,40.27199032557606,0.01720879766571946,0.30092845301526994,0.06913235295268821,0.6062814026325026,0.14121356743660102,0.2525050299308964,8679.752205127847,527587.13,197414.0,442345.0,6688004.47,1441454000.09,34466.19,2857.88,49975.45,11480.87,100685.68,23451.46,41933.73,101383,30,11590,436148.0,동작구,사당4동,1120066,4809.0,153.48999999999998,115.47,매칭,1.143762482162003,불명확,0.0,0.0,0.0,0.0,0.0,1.0,1.11763358409263
11350580,노원구,월계3동,방문성 검토,관찰 필요,1.1171731426361606,1.1171731426361606,-1.9864738760912581,315589.59,10519.653,30,0.25859005545374625,666.77,0.07851742816768724,0.02563589260480452,614,0.17252913823931898,39.99261154336555,0.015918712654622098,0.3829767959076217,0.05862664861664162,0.5775617947347376,0.13936692271757126,0.28307128254769115,8137.743300880107,1220424.31,205715.0,458315.0,12621251.88,2568187071.85,54448.4,5023.78,120863.49,18501.96,182272.49,43982.75,89334.35,166415,30,11350,1168283.0,노원구,월계3동,1111053,8492.0,83.7,134.0,매칭,0.0,불명확,0.0,0.0,0.0,0.0,0.0,1.0,1.1171731426361606
11590550,동작구,상도3동,혼재형 (상권+거주),관찰 필요,1.115735102437296,2.2258853382732404,1.5859289083370638,221902.06,7396.735333333333,30,0.3027008715385167,2325.8,0.28996384490711885,0.056071562149357934,611,0.2277350647398226,41.60666494037955,0.015725631388910945,0.2906098753657357,0.07463166407738621,0.612041411422679,0.13550275288115848,0.25245583569616253,8428.529810719197,733073.74,194069.0,444236.0,9232604.66,1870308127.77,50534.88,3489.55,64486.93,16560.92,135813.25,30068.34,56020.47,109430,30,11590,637199.0,동작구,상도3동,1120055,8021.0,226.82000000000002,222.93,매칭,1.5859289083370638,불명확,0.0,0.0,0.0,0.0,0.0,1.0,1.115735102437296
11650530,서초구,서초3동,방문성 검토,광역 목적지형,1.1118582564093038,1.8166471191633633,1.0068412325057994,1584233.13,52807.77099999999,30,0.34818115950617884,2603.5299999999997,0.2584918586179507,0.03635325655281969,652,0.07453909892668385,46.90619364840578,0.054423795568522164,0.3474149287611477,0.03732292228985263,0.6596479711290977,0.15798847736507066,0.18236355150583175,11477.87511404966,4550025.43,200836.0,442897.0,74310345.98,18183630017.68,118087.31,86219.98,550386.24,59128.21,1045036.17,250290.58000000002,288906.38,523929,30,11650,2998572.0,서초구,서초3동,1122053,10072.0,166.07,200.07999999999998,매칭,1.0068412325057994,생활 밀착형,0.0,0.0,0.0,0.0,0.0,1.0,1.1118582564093038
11530790,구로구,수궁동,방문성 검토,관찰 필요,0.6052215994629595,0.6052215994629595,-2.2070568595389384,187966.94,6265.564666666667,30,0.21871061680178902,504.34,0.0790253838921968,0.029094327796928863,598,0.1945341558467675,41.551659456710844,0.029466724308008632,0.3082741039461514,0.06130923874166383,0.6061780864230699,0.14052205137775822,0.25329986219917183,9716.409156471878,859432.17,184615.0,444345.0,7810338.28,1826363696.93,36565.99,5538.77,57945.340000000004,11524.11,113941.44,26413.5,47612.0,117630,30,11530,2661352.0,구로구,수궁동,1117069,6382.0,43.99,141.69,매칭,0.0,목적 방문형,0.0,0.0,0.0,0.0,0.0,1.0,1.1052215994629595
11680590,강남구,삼성2동,방문성 검토,광역 목적지형,1.1010000329375411,1.9308690732207976,1.1855272004046522,720677.14,24022.571333333333,30,0.36632925115300286,2415.38,0.2814800139843841,0.04066309287961776,637,0.10121225712806708,44.19074946653643,0.05192481892793214,0.31689045943652383,0.05641060017527405,0.6864735573546845,0.15790384304405716,0.15562259960125832,9978.404878362036,1967293.46,204312.0,445821.0,31847262.94,7191208289.5,72941.36,37421.03,228375.71,40653.83,494725.8,113797.69,112153.65,276136,30,11680,1242271.0,강남구,삼성2동,1123059,8581.0,132.46,216.47,매칭,1.1855272004046522,생활 밀착형,0.0,0.0,0.0,0.0,0.0,1.0,1.1010000329375411
11710610,송파구,삼전동,혼재형 (상권+거주),야간 소비형,1.0983711291346905,2.8398195912710253,2.4877835173376215,374831.51,12494.383666666667,30,0.34284099294905424,4120.84,0.35595059169042065,0.04894100371426103,636,0.209635097113367,40.95558919259483,0.02542806499912454,0.2934062026962461,0.07142353106866603,0.6249038134494083,0.14306435977060733,0.2320318267799844,8925.442905880564,1093310.07,208125.0,444719.0,15351445.34,3345537241.83,78577.84,9531.24,109977.89,26771.79,234233.64,53625.03,86972.84,160649,30,11710,953338.0,송파구,삼전동,1124064,11577.0,283.15,283.44,매칭,2.4877835173376215,생활 밀착형,0.0,0.0,0.0,0.0,0.0,1.0,1.0983711291346905
11260520,중랑구,면목2동,방문성 검토,관찰 필요,1.0920003962086886,1.0920003962086886,-0.4458157293202596,166508.71,5550.290333333333,30,0.25195487462465793,997.7,0.1424471730439749,0.05212878355225586,586,0.2096372015614078,41.512206418511084,0.015069782235415793,0.30524349146660257,0.08855512723628693,0.6129634900180296,0.1368031738399751,0.2502333361419952,8468.131236498079,660867.1900000001,206875.0,454417.0,6912143.94,1410017608.3,34906.42,2509.25,50825.7,14745.2,102063.76,22778.92,41666.03,102460,30,11260,763122.0,중랑구,면목2동,1107052,7004.0,110.96000000000001,254.15,매칭,0.0,불명확,0.0,0.0,0.0,0.0,0.0,1.0,1.0920003962086886
11620630,관악구,남현동,혼재형 (상권+거주),관찰 필요,1.08833744119536,2.9621420958585416,2.676863792375974,431253.27,14375.109,30,0.394058174113565,3084.73,0.3951742249551627,0.05886113246220855,641,0.16835434082621564,43.20725452122369,0.023022944266602313,0.32912810145184523,0.05420316001314031,0.5866149142474908,0.14886836684160099,0.26451671891090817,10022.429555537052,1094389.86,198033.0,440521.0,18633269.8,4322205519.17,72603.36,9928.72,141937.57,23375.29,252979.6,64199.97,114073.7,189343,30,11620,3281024.0,관악구,남현동,1121063,7806.0,389.7,69.77,매칭,2.676863792375974,불명확,0.0,0.0,0.0,0.0,0.0,1.0,1.08833744119536
11140650,중구,신당5동,방문성 검토,관찰 필요,0.5881239383417497,1.0403590334077653,0.6460501358085937,140236.61000000002,4674.553666666668,30,0.2937978515910814,918.87,0.28377702285361334,0.06149166151945646,584,0.17779843651383184,38.37161045179286,0.019879972854449347,0.31256082131477647,0.0756581323521725,0.5881846402305361,0.1509067425403395,0.2609086172291244,7164.075441926327,477323.47000000003,201932.0,451567.0,5381104.57,1004665653.76,24933.85,2787.9,43832.47,10610.039999999999,82485.02,21162.65,36588.94,87027,30,11140,319706.0,중구,신당5동,1102065,3238.0,127.88,71.23,매칭,0.6460501358085937,목적 방문형,0.0,0.0,0.0,0.0,0.0,1.0,1.0881239383417496
11215860,광진구,구의2동,방문성 검토,관찰 필요,1.0754134078213238,1.0754134078213238,-0.8886249523919327,301474.29,10049.143,30,0.2614480498357797,1097.17,0.15589229894856493,0.026592782040352377,624,0.16548701383457942,39.931818829393386,0.022196718665462318,0.3631882174761901,0.06492072673925196,0.5947815649553401,0.13554389662879712,0.269674538415863,8249.453896151477,1153094.43,208382.0,450180.0,12038416.73,2486998256.23,49890.08,6691.74,109491.91,19571.93,179311.35,40863.0,81299.94,171439,30,11215,1388041.0,광진구,구의2동,1105061,7038.0,81.84,105.32000000000001,매칭,0.0,불명확,0.0,0.0,0.0,0.0,0.0,1.0,1.0754134078213238
11620745,관악구,삼성동,방문성 검토,관찰 필요,0.5750467037338749,0.5750467037338749,-1.505115313853943,148458.43,4948.614333333333,30,0.22108258103999798,620.74,0.1133564645726808,0.038703433162892625,590,0.20190992185489232,40.22232984681302,0.02273680248403543,0.32841348248125757,0.0702763056297982,0.6107384403836145,0.13396288779289936,0.2552986718234862,8105.792718069294,671506.68,193815.0,440161.0,5971343.94,1203373260.83,29975.23,3375.47,48755.75,10433.11,90669.27,19887.920000000002,37901.24,97694,30,11620,2604386.0,관악구,삼성동,1121082,5476.0,54.93,157.01,매칭,0.0,목적 방문형,0.0,0.0,0.0,0.0,0.0,1.0,1.075046703733875
11170640,용산구,이촌2동,방문성 검토,관찰 필요,0.5748543158765664,0.5748543158765664,-2.0571415384849807,56962.7,1898.7566666666667,30,0.2934262499888605,338.38,0.15408925318761385,0.0326639344262295,518,0.2034348793157628,39.10915265603632,0.021365384716665468,0.34109496214189283,0.08884375213955799,0.5625574279309092,0.12710967001213075,0.3103329020569601,7475.870807914654,194129.53,195952.0,447042.0,2227762.93,425845786.07,11588.2,1217.03,19429.69,5060.78,32044.79,7240.51,17677.4,38652,30,11170,1205543.0,용산구,이촌2동,1103064,2196.0,39.19,32.54,매칭,0.0,목적 방문형,0.0,0.0,0.0,0.0,0.0,1.0,1.0748543158765664
11500630,강서구,방화1동,방문성 검토,관찰 필요,1.0728194944634986,1.0728194944634986,-0.9390473193473751,453648.27,15121.609,30,0.2738572913074974,1259.76,0.11444040697674418,0.02955668604651163,626,0.1391296830030896,40.94038601756378,0.036516903282801015,0.35777962957954185,0.05332232392289294,0.6127082111434041,0.145233751249619,0.2420580376069769,10531.56132410689,1656513.39,183884.0,452134.0,18572535.29,4777624575.08,63115.94,16565.83,162306.11,24189.579999999998,277954.02,65885.04,109809.21,177101,30,11500,1475606.0,강서구,방화1동,1116070,11008.0,108.03,217.32999999999998,매칭,0.0,불명확,0.0,0.0,0.0,0.0,0.0,1.0,1.0728194944634986
11560610,영등포구,양평1동,혼재형 (상권+거주),관찰 필요,1.0679627700572538,2.19036072300377,1.6034256470664516,435123.34,14504.111333333334,30,0.36209982366077,2190.02,0.3279946083570466,0.049239179272128196,633,0.14301719599780605,38.822553945279054,0.030290698724642073,0.34369133129011187,0.0443249493350552,0.6269729176099815,0.1456256058339688,0.2274014765560496,8539.563646137667,1201666.81,189986.0,447336.0,16892599.34,3715763455.85,62230.12,13180.19,149548.12,19286.82,272810.55,63365.1,98947.69,182838,30,11560,974912.0,영등포구,양평1동,1119061,6677.0,207.78,120.99,매칭,1.6034256470664516,생활 밀착형,0.0,0.0,0.0,0.0,0.0,1.0,1.0679627700572538
11410555,서대문구,북아현동,방문성 검토,관찰 필요,1.0533987970081238,1.0533987970081238,-1.2493996625415897,139959.44,4665.314666666667,30,0.2988316481318848,666.27,0.15981530343007916,0.03330534900455745,586,0.1738411499788796,40.011269622113375,0.044410366317555995,0.3122765424039993,0.08198975360290095,0.6351090001503292,0.14434667643711635,0.22054432341255437,8355.948193205117,468355.48,196026.0,451086.0,5599954.89,1169493829.79,24330.71,6215.65,43706.05,11475.24,88889.5,20202.68,30867.26,79732,30,11410,458945.0,서대문구,북아현동,1113074,4169.0,75.56,63.29,매칭,0.0,생활 밀착형,0.0,0.0,0.0,0.0,0.0,1.0,1.0533987970081238
11110515,종로구,청운효자동,방문성 검토,관찰 필요,1.0528750679282117,1.0528750679282117,-0.8881346013252057,360684.15,12022.805,30,0.3686803173034745,618.65,0.19387339392040112,0.04189909119398307,628,0.0656668167980212,48.63995809075614,0.03790352306859062,0.494911683809782,0.03704945171557996,0.5660377646203749,0.13737975455810852,0.29658248082151656,9641.442606030789,978311.38,197342.0,453874.0,17543661.94,3477515531.13,23684.98,13671.2,178506.8,13363.15,204160.85,49550.7,106972.6,162863,30,11110,2568432.0,종로구,청운효자동,1101072,3191.0,37.06,96.64,매칭,0.0,불명확,0.0,0.0,0.0,0.0,0.0,1.0,1.0528750679282117
11140645,중구,청구동,방문성 검토,관찰 필요,1.0404295353757311,1.0404295353757311,-1.0581903954964067,107434.01,3581.1336666666666,30,0.2918010681427162,688.62,0.16593253012048192,0.03783855421686747,569,0.1947321895552442,38.99985982092635,0.02911703658832059,0.30191212261368633,0.0774257611719045,0.6201867546412909,0.13792652810781242,0.24188671725089664,7419.396881211081,368175.52,201342.0,450817.0,4189911.33,797095558.73,20920.86,3128.16,32435.63,8318.16,66629.15,14818.0,25986.86,70049,30,11140,342571.0,중구,청구동,1102072,4150.0,98.06,58.97,매칭,0.0,생활 밀착형,0.0,0.0,0.0,0.0,0.0,1.0,1.0404295353757311
11350695,노원구,상계6·7동,방문성 검토,관찰 필요,1.0381648594252608,1.0381648594252608,-0.6871494271971946,551457.36,18381.912,30,0.28094619500024337,1173.14,0.12814199890770073,0.03911632987438558,619,0.12586409219381892,37.990527263975586,0.02877043838892639,0.3802384104547992,0.05540210760810229,0.6289732537072313,0.14538525698523636,0.22564148930753233,8104.127443924223,1962857.55,205304.0,461006.0,20950155.87,4469080725.33,69408.68,15865.67,209685.27,30551.9,346851.93,80173.77,124431.66,222857,30,11350,1450295.0,노원구,상계6·7동,1111077,9155.0,146.37,211.74,매칭,0.0,생활 밀착형,0.0,0.0,0.0,0.0,0.0,1.0,1.0381648594252608
11530770,구로구,오류1동,혼재형 (상권+거주),관찰 필요,1.0294976988311295,2.6073432625582753,2.25406509103878,302885.36,10096.178666666667,30,0.3665046788537803,2619.67,0.3271316183816184,0.0675024975024975,614,0.18848266552071055,41.47007917451012,0.015030076065743159,0.3256762228455017,0.06485374532463371,0.6182631606889155,0.13729897674816638,0.2444378625629182,9352.837470322105,826416.08,185997.0,444168.0,12560679.86,2832837544.22,57088.64,4552.39,98642.56,19643.25,187262.86000000002,41585.85,74036.65,108090,30,11530,727414.0,구로구,오류1동,1117067,8008.0,377.68,162.88,매칭,2.25406509103878,생활 밀착형,0.0,0.0,0.0,0.0,0.0,1.0,1.0294976988311295
11350612,노원구,하계2동,방문성 검토,관찰 필요,0.5269770545572298,0.5269770545572298,-3.1782492628186945,110372.26,3679.075333333333,30,0.25343256671073305,292.58,0.05509981167608286,0.020883239171374763,522,0.20774631234333701,40.61461213170774,0.013195978772202363,0.3436213048459822,0.07028179000774289,0.601686691927845,0.13765025741069362,0.2606630506614615,8770.80678188523,435509.38,205734.0,459495.0,4482726.53,968053766.54,22929.43,1456.47,37926.26,7757.16,66409.52,15192.77,28769.97,71758,30,11350,500023.0,노원구,하계2동,1111059,5310.0,37.49,73.39999999999999,매칭,0.0,목적 방문형,0.0,0.0,0.0,0.0,0.0,1.0,1.0269770545572299
11680690,강남구,개포4동,방문성 검토,관찰 필요,1.0133518682849296,1.0133518682849296,-0.9695784296753104,237537.4,7917.913333333333,30,0.2591280106274847,1013.63,0.16254490057729312,0.025094611930724826,610,0.17657320489320838,42.32543258451091,0.02882291378115615,0.35201892417783476,0.05737357569797429,0.6192417278289651,0.14326628143610226,0.2374919907349327,9570.3004560545,916679.75,204724.0,441768.0,10053873.21,2273304287.55,41942.74,6846.52,83617.66,13628.369999999999,147093.07,34031.1,56413.23,135888,30,11680,1665461.0,강남구,개포4동,1123071,6236.0,68.72,87.77,매칭,0.0,생활 밀착형,0.0,0.0,0.0,0.0,0.0,1.0,1.0133518682849296
11215760,광진구,중곡3동,방문성 검토,관찰 필요,1.0124454054361491,1.4349970331792408,0.6036451824901309,178622.25,5954.075,30,0.3039538413907767,1349.01,0.25622222222222224,0.05011016144349478,591,0.1857324045576629,40.08234030195006,0.03116705785533437,0.30209758302787026,0.08552853857792073,0.6234578279021791,0.14083010375247204,0.2357120683453489,8173.018569970986,587662.42,207246.0,452045.0,7159597.81,1459882966.26,33175.94,5567.13,53961.35,15277.300000000001,111363.44,25155.39,42103.42,102045,30,11215,601866.0,광진구,중곡3동,1105057,5265.0,132.06,131.77,매칭,0.6036451824901309,생활 밀착형,0.0,0.0,0.0,0.0,0.0,1.0,1.0124454054361491
11440590,마포구,용강동,방문성 검토,관찰 필요,1.0064888987136305,1.0064888987136305,-0.6679451514300659,339160.56,11305.352,30,0.29913009696434784,1004.94,0.1805497664390945,0.032700323392022994,625,0.12421479667329244,40.90688062314793,0.03848330713924992,0.33134294860227853,0.046824164932384824,0.6452279710824868,0.15034469220123944,0.20442733671627386,9051.743952687188,1133822.92,194893.0,449115.0,13874000.54,3069994547.97,42128.76,13052.02,112378.46,15880.91,218835.88,50990.99,69333.69,177271,30,11440,790602.0,마포구,용강동,1114059,5566.0,79.21000000000001,102.8,매칭,0.0,생활 밀착형,0.0,0.0,0.0,0.0,0.0,1.0,1.0064888987136305
11260600,중랑구,중화1동,방문성 검토,관찰 필요,1.0027289412277294,1.0027289412277294,-0.9877374815576515,177124.33,5904.144333333333,30,0.2580368418711765,744.05,0.12976107429368677,0.04692186955005232,610,0.1875556000691718,41.154328939451744,0.01979733670693349,0.31788371478949284,0.07810112817363939,0.6280834485019647,0.14129995579940938,0.23061659569862594,8734.732561641871,686430.39,207336.0,455894.0,7289432.94,1547133652.71,33220.66,3506.59,56304.94,13833.609999999999,111248.86,25027.66,40847.81,115990,30,11260,641493.0,중랑구,중화1동,1107061,5734.0,64.7,204.35,매칭,0.0,생활 밀착형,0.0,0.0,0.0,0.0,0.0,1.0,1.0027289412277294
11590520,동작구,노량진2동,혼재형 (상권+거주),관찰 필요,1.001029486752012,2.1594281774089272,1.6548552723670218,374481.64,12482.721333333333,30,0.4343712139995902,1531.97,0.33181069958847736,0.06617500541477149,629,0.0868344039510188,39.96892979853432,0.04770874748358824,0.38839466201867734,0.04860289011765703,0.6588319523488522,0.1474438105964287,0.19372423705471914,9216.903148549552,862123.52,194502.0,445722.0,14967630.38,3451561006.79,32517.89,17866.05,145446.67,18200.89,246720.47,55215.0,72546.17,163128,30,11590,600568.0,동작구,노량진2동,1120052,4617.0,213.25,92.28,매칭,1.6548552723670218,생활 밀착형,0.0,0.0,0.0,0.0,0.0,1.0,1.001029486752012
11410615,서대문구,연희동,2030 자취/거주성 높음,관찰 필요,0.4966391349097501,2.8941096532014754,3.4249578832738936,722698.08,24089.935999999998,30,0.38098725272414513,6265.59,0.42504511227189473,0.049195441286208536,639,0.15617911977848345,38.680213430205875,0.02275381719569533,0.41063755143780095,0.07195643857252257,0.5869496982751082,0.13739621392103324,0.2756540878038586,7100.381629255193,1896908.82,194063.0,452523.0,27954115.98,5131432170.73,112870.35,16444.14,296766.97,52002.78,424187.42,99295.98,199214.68,222206,30,11410,2929172.0,서대문구,연희동,1113076,14741.0,514.4,210.79000000000002,매칭,3.4249578832738936,목적 방문형,0.0,0.0,0.0,0.0,0.0,1.0,0.9966391349097501
11290780,성북구,장위3동,방문성 검토,관찰 필요,0.9929578319384518,0.9929578319384518,-1.693952080353064,129855.24,4328.508,30,0.2852960149127448,509.09000000000003,0.1262624007936508,0.03650545634920635,562,0.1924527650944236,40.471623093530916,0.02057421787522783,0.32553811459591464,0.08346440236065944,0.6335988443747053,0.1342454875136344,0.23215566811166033,8113.6102329024225,455159.67,204719.0,457631.0,5255452.33,1053594804.0600001,24991.0,2671.67,42272.83,10838.289999999999,82276.13,17432.48,30146.63,78519,30,11290,652601.0,성북구,장위3동,1108078,4032.0,50.870000000000005,96.32000000000001,매칭,0.0,생활 밀착형,0.0,0.0,0.0,0.0,0.0,1.0,0.9929578319384518
11740610,강동구,천호2동,혼재형 (상권+거주),광역 목적지형,0.9889254648510849,1.8926707658015531,1.2910647156435262,581169.47,19372.315666666665,30,0.30217290107187533,2727.82,0.25401061551354875,0.04684048794114908,638,0.1601316221927487,39.00508822323375,0.01829263330023169,0.37054183179993955,0.059052310507639025,0.5846944781872317,0.13997674378869215,0.2753287780240762,8365.8266695255,1923301.09,210782.0,449505.0,22668566.45,4861963051.64,93063.61,10631.12,215347.6,34319.4,339806.58,81350.21,160012.68,220652,30,11740,1850853.0,강동구,천호2동,1125073,10739.0,295.46999999999997,207.55,매칭,1.2910647156435262,불명확,0.0,0.0,0.0,0.0,0.0,1.0,0.9889254648510849
11350720,노원구,상계10동,방문성 검토,관찰 필요,0.9853811601917374,0.9853811601917374,-2.0310141327764994,188474.12,6282.470666666666,30,0.29233448482404295,465.59,0.08766522312182262,0.03736396158915459,574,0.16785540635499455,39.802945359288586,0.016370364270701994,0.38136042232217343,0.06188287283155905,0.6041312727710308,0.1412538230713055,0.2546149041576637,9034.784706993194,644720.79,205152.0,462233.0,7501825.1,1702823097.04,31636.4,3085.39,71876.56999999999,11663.32,113863.11,26622.69,47988.32,92624,30,11350,809214.0,노원구,상계10동,1111074,5311.0,72.31,126.13,매칭,0.0,불명확,0.0,0.0,0.0,0.0,0.0,1.0,0.9853811601917374
11545640,금천구,독산4동,방문성 검토,관찰 필요,0.9828363224683276,0.9828363224683276,-0.5605206893632053,173860.86,5795.361999999999,30,0.27602300101975275,789.66,0.15955950697110527,0.05335219236209335,597,0.17618617554290256,37.66207506393331,0.022084096443558375,0.3310688213551917,0.06722927748085453,0.6119813280573904,0.14435244367248617,0.2436662282701236,7341.234811676418,629878.16,191516.0,441087.0,6547960.76,1276353397.82,30631.88,3839.56,57559.909999999996,11688.54,106399.6,25097.24,42364.02,89139,30,11545,591045.0,금천구,독산4동,1118055,4949.0,65.87,198.17,매칭,0.0,불명확,0.0,0.0,0.0,0.0,0.0,1.0,0.9828363224683276
11560720,영등포구,대림3동,방문성 검토,관찰 필요,0.9825900358940542,0.9825900358940542,-0.7778369268585064,241179.84,8039.3279999999995,30,0.25696210289111215,1028.66,0.12612309955860718,0.041880823933300636,609,0.17600467767123487,40.807404010219095,0.033240423411840726,0.3203153298385139,0.07359122553526863,0.6070327022358087,0.14006668219035223,0.252900615573839,8486.207792782348,938581.36,190905.0,444509.0,9841923.17,2046702237.67,42448.78,8016.92,77253.6,17748.72,146404.05,33781.26,60994.53,150518,30,11560,921696.0,영등포구,대림3동,1119072,8156.0,142.92,198.66,매칭,0.0,불명확,0.0,0.0,0.0,0.0,0.0,1.0,0.9825900358940542
11305545,강북구,송중동,방문성 검토,관찰 필요,0.9822831062258943,1.2147371332326256,0.33207718143818743,447087.41,14902.913666666665,30,0.26716251537549823,1793.28,0.21992641648270786,0.03633063527103262,618,0.15801552094701124,40.11209785576383,0.022683439016992227,0.36361218491927566,0.07305665350764406,0.6049731304220801,0.14267482951488167,0.25235204006303824,7047.440425687676,1673466.09,202912.0,457565.0,17933613.94,3150821887.05,70646.75,10141.48,162566.43,32662.71,270475.87,63788.12,112823.42,204272,30,11305,1075796.0,강북구,송중동,1109071,8154.0,168.12,128.12,매칭,0.33207718143818743,불명확,0.0,0.0,0.0,0.0,0.0,1.0,0.9822831062258943
11710650,송파구,잠실본동,혼재형 (상권+거주),광역 목적지형,0.9688736641668971,2.942698134893843,2.819749243895637,676747.94,22558.264666666666,30,0.37052719547311896,4329.74,0.3935054076161047,0.049926383713532675,646,0.16856682267847023,41.794679567107366,0.01862703859874328,0.3490137406254979,0.056275339382636326,0.5703246765701274,0.1449809806587664,0.2846943427711062,8782.915193639157,1826446.07,207305.0,445172.0,28284463.3,5943819764.49,114077.25,12605.81,236194.33,38084.22,385966.05,98115.58,192666.31,247619,30,11710,1028997.0,송파구,잠실본동,1124071,11003.0,340.54,208.79999999999998,매칭,2.819749243895637,불명확,0.0,0.0,0.0,0.0,0.0,1.0,0.9688736641668971
11530780,구로구,오류2동,방문성 검토,관찰 필요,0.968622845156168,0.968622845156168,-0.1875194299401982,341545.34,11384.844666666668,30,0.23327597282001075,1920.1,0.14929632221444677,0.0314819998444911,632,0.1744040190974352,41.77278513007965,0.03414697445440186,0.33549624773097475,0.06307756973056636,0.6201471816304096,0.14047578573316208,0.2393770326364283,9710.688175133642,1464125.67,185712.0,442885.0,14267300.1,3316640294.41,59566.88,11662.74,114587.18000000001,21543.85,211808.38,47978.85,81758.11,177777,30,11530,3061018.0,구로구,오류2동,1117068,12861.0,108.49,296.4,매칭,0.0,생활 밀착형,0.0,0.0,0.0,0.0,0.0,1.0,0.968622845156168
11230570,동대문구,전농2동,방문성 검토,관찰 필요,0.96010290021922,0.96010290021922,-2.017431730303113,267959.47,8931.982333333332,30,0.30234961977902997,451.26000000000005,0.08318156682027651,0.04049953917050691,594,0.13752430544813365,35.95241313919602,0.018941707863506373,0.3817891563974209,0.05916868696598034,0.6821811895657206,0.13629423136267588,0.18152457907160366,6232.074559559325,886257.01,205399.0,453462.0,9633789.57,1669943395.98,36850.94,5075.61,102304.02,15854.81,182796.91,36521.33,48641.23,118343,30,11230,977568.0,동대문구,전농2동,1106084,5425.0,49.7,170.01,매칭,0.0,생활 밀착형,0.0,0.0,0.0,0.0,0.0,1.0,0.96010290021922
11740700,강동구,둔촌2동,방문성 검토,관찰 필요,0.9528716906556662,0.9528716906556662,-1.430041519869141,305222.65,10174.088333333335,30,0.24709548946651894,846.0799999999999,0.11712070874861572,0.026921373200442966,615,0.17148838724780088,38.48975366015595,0.035645650806059116,0.321577510712262,0.07408159256857248,0.618308110489179,0.13825959508575134,0.2434322944250697,8405.445157395756,1235241.69,213015.0,447989.0,11747944.61,2565532245.37,52342.14,10879.86,98152.74,22611.38,188721.64,42199.96,74301.05,156690,30,11740,1550455.0,강동구,둔촌2동,1125071,7224.0,54.78,139.7,매칭,0.0,생활 밀착형,0.0,0.0,0.0,0.0,0.0,1.0,0.9528716906556662
11680531,강남구,논현2동,혼재형 (상권+거주),광역 목적지형,0.9506613581371042,2.8974858918133672,2.7811779052518046,1225662.86,40855.42866666667,30,0.4635322245476981,3215.65,0.40818101040873317,0.057688499619192694,643,0.06614943035803499,46.716237873112995,0.050083854217464,0.34454495912521976,0.041764086740786126,0.6806048116690099,0.15969311495658764,0.15970207337440245,10922.948471653941,2644180.48,203201.0,446196.0,57258357.72,13387852263.4,81076.9,61385.92,422295.96,51188.69,834192.04,195729.92,195740.9,379988,30,11680,1458524.0,강남구,논현2동,1123053,7878.0,228.55,225.92000000000002,매칭,2.7811779052518046,생활 밀착형,0.0,0.0,0.0,0.0,0.0,1.0,0.9506613581371042
11200540,성동구,마장동,방문성 검토,관찰 필요,0.9339717569430868,1.7249105953012775,1.1299126262259869,362630.29,12087.676333333333,30,0.31274286214987324,2168.9500000000003,0.2845644187877198,0.0424022566255576,620,0.16272975983335536,39.00579353147803,0.038547938176923945,0.3238147039509579,0.08494742675797987,0.6331312257450971,0.14265716744180415,0.22421160681309882,7164.989458133793,1159515.8,203587.0,451987.0,14144682.22,2598242205.05,59010.74,13978.65,117425.02,30804.51,229592.56,51731.81,81305.92,172956,30,11200,1035276.0,성동구,마장동,1104054,7622.0,218.42000000000002,104.77,매칭,1.1299126262259869,생활 밀착형,0.0,0.0,0.0,0.0,0.0,1.0,0.9339717569430868
11200580,성동구,응봉동,방문성 검토,관찰 필요,0.43367373068561965,0.43367373068561965,-2.4215526051556218,105898.76,3529.9586666666664,30,0.22530832283797003,365.62,0.09541231732776619,0.030412317327766177,543,0.2181297495834701,38.15667180616657,0.0168204991257688,0.3270144050789641,0.06865113434755987,0.5981669662609836,0.1351104583283128,0.2667225754107036,7173.706091270568,470017.08,202980.0,450152.0,4040744.23,759686579.67,23099.67,1781.27,34630.42,7270.07,63345.14,14308.029999999999,28245.59,78729,30,11200,553662.0,성동구,응봉동,1104058,3832.0,38.12,78.42,매칭,0.0,목적 방문형,0.0,0.0,0.0,0.0,0.0,1.0,0.9336737306856197
11290770,성북구,장위2동,방문성 검토,관찰 필요,0.9260250446450472,0.9260250446450472,-0.8667405170342207,177971.73,5932.3910000000005,30,0.27071461986960893,682.29,0.1520254010695187,0.049634581105169336,593,0.1771827469452592,39.170499606875765,0.021016146777918042,0.3218775251552592,0.0835859155833345,0.6156600264547634,0.14143482226081636,0.24290515128442028,7874.434455966685,657414.55,204582.0,456975.0,6971241.58,1401426722.8999999,31533.52,3740.28,57285.1,14875.93,109570.08,25171.4,43230.25,112631,30,11290,679894.0,성북구,장위2동,1108077,4488.0,70.55,152.21,매칭,0.0,불명확,0.0,0.0,0.0,0.0,0.0,1.0,0.9260250446450472
11260550,중랑구,면목5동,방문성 검토,관찰 필요,0.4259338285385903,0.4259338285385903,-1.3998949308424466,108997.08,3633.236,30,0.24206400761336128,587.67,0.16383328686925006,0.03179258433231112,552,0.19898294523119336,41.08442501395451,0.024071195301745698,0.31751318475687607,0.08994442786907686,0.6086633696976103,0.13567987325899006,0.2556567570433997,8270.446628478487,450282.06,206967.0,453666.0,4478082.36,901454532.8,21688.56,2623.69,34608.01,9803.68,66342.53,14788.71,27865.84,77135,30,11260,704936.0,중랑구,면목5동,1107055,3587.0,55.71,58.33,매칭,0.0,목적 방문형,0.0,0.0,0.0,0.0,0.0,1.0,0.9259338285385903
11710570,송파구,오금동,방문성 검토,관찰 필요,0.9258994937033114,0.9258994937033114,-2.041569748664346,412131.21,13737.707,30,0.22903598844874642,673.03,0.06971514398176921,0.025381189144396105,627,0.169689817958703,39.60528817994638,0.0295791963923334,0.3380816754935886,0.06272742605443543,0.6188346182275299,0.14049139835830438,0.24067398341416557,8392.672862096515,1799416.82,211850.0,444957.0,16322575.34,3458882421.79,69934.47,12190.51,139334.01,25851.93,255041.06,57900.89,99189.26,213753,30,11710,1648868.0,송파구,오금동,1124060,9654.0,47.79,197.24,매칭,0.0,생활 밀착형,0.0,0.0,0.0,0.0,0.0,1.0,0.9258994937033114
11740690,강동구,둔촌1동,2030 자취/거주성 높음,관찰 필요,0.4255442551502545,1.1388642619003482,1.0190285810715625,348773.9,11625.796666666667,30,0.24390970528292638,1879.02,0.30419621175327827,0.03908693540553667,618,0.1813831252854643,39.43035920979179,0.017138352382446046,0.3600072998581602,0.05409068740522155,0.5871347311252361,0.13956683685333104,0.2732984320214328,8472.631718285113,1429930.3900000001,212413.0,447073.0,13752280.16,2955032807.65,63261.7,5977.41,125561.15,18865.420000000002,204777.27,48677.270000000004,95319.36,175396,30,11740,912178.0,강동구,둔촌1동,1125070,6177.0,155.47,85.97000000000001,매칭,1.0190285810715625,목적 방문형,0.0,0.0,0.0,0.0,0.0,1.0,0.9255442551502545
11290705,성북구,종암동,혼재형 (상권+거주),관찰 필요,0.914686689976098,1.793809243426611,1.2558893620721616,610313.74,20343.791333333334,30,0.32407771473080915,2953.87,0.24097487355196606,0.045389949420786425,630,0.13553255412535856,36.88782849620918,0.022820656143183012,0.3988606581264253,0.063016130031744,0.6853245021159118,0.13168132180671535,0.18299417607737292,6661.898475151485,1883232.67,202991.0,455319.0,22513148.57,4065848173.87,82717.38,13927.76,243430.14,38459.61,418262.96,80366.92,111683.86,235801,30,11290,1404527.0,성북구,종암동,1108084,12258.0,248.26,308.13,매칭,1.2558893620721616,생활 밀착형,0.0,0.0,0.0,0.0,0.0,1.0,0.914686689976098
11350670,노원구,상계5동,방문성 검토,관찰 필요,0.4123505040660851,0.4123505040660851,-1.1555142520231616,172942.35,5764.745,30,0.2178266894954601,691.77,0.12328818392443415,0.04519337016574585,572,0.19399389449721252,39.822351263296696,0.016212049853607285,0.3395148151970873,0.08382388697736558,0.6008849769879963,0.1420480871226741,0.2570669358893296,8573.2635084466,793944.72,206176.0,462932.0,6886971.01,1482680338.32,33549.76,2803.75,58716.49,14496.7,103918.46,24566.13,44457.76,97859,30,11350,906891.0,노원구,상계5동,1111069,5611.0,100.78,152.79999999999998,매칭,0.0,목적 방문형,0.0,0.0,0.0,0.0,0.0,1.0,0.9123505040660851
11380580,은평구,응암1동,방문성 검토,관찰 필요,0.9080723380922414,1.4952687758610752,0.8388520539554769,366103.66,12203.455333333333,30,0.2756556682359306,2234.85,0.2441925262237762,0.040274256993007,618,0.17805175725366965,38.83189586249971,0.018190148658989096,0.33927942703440883,0.07245349582137475,0.6076266486928866,0.14022072327821034,0.2521526280289031,7201.420716963059,1328119.47,193559.0,455422.0,14216499.2,2636466481.68,65185.4,6659.48,124211.44,26525.49,222454.34,51335.32,92314.0,146995,30,11380,1109863.0,은평구,응암1동,1112059,9152.0,168.74,199.85,매칭,0.8388520539554769,불명확,0.0,0.0,0.0,0.0,0.0,1.0,0.9080723380922414
11260590,중랑구,상봉2동,2030 자취/거주성 높음,광역 목적지형,0.9071038023313742,2.8750606079230936,2.8113668651310277,583501.49,19450.049666666666,30,0.3651685685777874,3040.45,0.40100896860986546,0.06331442891057769,640,0.1757093713676721,40.20013918045008,0.017988077459750788,0.3426737093679058,0.06978635135961693,0.5793049817233543,0.14568919095647898,0.27500582732016676,8482.014173931244,1597896.26,207420.0,454976.0,23456841.11,4949267908.69,102526.68,10496.07,199950.62,40720.44,338025.32,85009.86,160466.31,227737,30,11260,677445.0,중랑구,상봉2동,1107060,7582.0,373.11,106.94,매칭,2.8113668651310277,불명확,0.0,0.0,0.0,0.0,0.0,1.0,0.9071038023313742
11410700,서대문구,남가좌2동,2030 자취/거주성 높음,관찰 필요,0.9037944567668003,1.7393427891460735,1.1936404748275333,456421.97,15214.065666666665,30,0.32610380610555256,2320.17,0.25015309973045824,0.051187061994609165,619,0.144360250668915,38.782336244681645,0.016588289998397756,0.41774954435256484,0.05915613571362483,0.6930583556264831,0.11608860546305429,0.19085303891046262,6670.600230067804,1399621.72,193052.0,453156.0,17701110.31,3044608498.09,65889.19,7571.26,190670.07,27000.16,316327.06,52985.39,87109.52,157939,30,11410,783775.0,서대문구,남가좌2동,1113070,9275.0,245.22,229.54,매칭,1.1936404748275333,생활 밀착형,0.0,0.0,0.0,0.0,0.0,1.0,0.9037944567668003
11290525,성북구,성북동,2030 자취/거주성 높음,관찰 필요,0.8994724814911532,1.7068902040633258,1.153453889388818,344344.69,11478.156333333334,30,0.325292865867445,1708.5900000000001,0.3241491178144565,0.043335230506545246,620,0.15279625772652397,38.61515279936508,0.026019103125998547,0.3990236352998503,0.06303552989302666,0.5920727570969658,0.13366673376029117,0.27426050914274297,7094.627869330582,1058568.22,199482.0,455235.0,13296922.82,2442997434.33,52614.58,8959.54,137401.67,21705.95,203877.11,46027.43,94440.15,171687,30,11290,2879912.0,성북구,성북동,1108081,5271.0,152.76,75.66,매칭,1.153453889388818,불명확,0.0,0.0,0.0,0.0,0.0,1.0,0.8994724814911532
11230560,동대문구,전농1동,방문성 검토,관찰 필요,0.8944141106711886,1.7191919143767076,1.1782540052935986,681108.41,22703.613666666668,30,0.31518665744863894,2438.6,0.25591352712771537,0.04680973869241264,641,0.13008964314506113,38.83485257508419,0.02395323528599507,0.408599462161978,0.06160430466568457,0.6015766271334104,0.1388117348308766,0.259611638035713,8220.5663485641,2160968.41,204501.0,453298.0,26450744.69,5599096874.97,88605.15,16314.75,278300.53,41959.21,409738.9,94545.84,176823.67,264267,30,11230,1126695.0,동대문구,전농1동,1106083,9529.0,230.91,215.14000000000001,매칭,1.1782540052935986,불명확,0.0,0.0,0.0,0.0,0.0,1.0,0.8944141106711886
11680730,강남구,일원1동,방문성 검토,관찰 필요,0.884865641212022,1.0649056019183982,0.25719994386625167,163700.46,5456.682,30,0.27702821014167134,1076.3799999999999,0.2426465284039675,0.04995266005410279,607,0.17989198075558246,38.05606972637707,0.026067550451599218,0.34497404588844777,0.06592266142685244,0.6156765228393372,0.14506074081893233,0.2392627363417305,8722.54740866336,590916.21,207892.0,443783.0,6229796.12,1427885023.17,29448.399999999998,4267.2699999999995,56472.41,10791.57,100786.53,23746.51,39167.42,93689,30,11680,953471.0,강남구,일원1동,1123073,4436.0,86.14,135.45,매칭,0.25719994386625167,불명확,0.0,0.0,0.0,0.0,0.0,1.0,0.884865641212022
11380590,은평구,응암2동,방문성 검토,관찰 필요,0.8725888756334368,0.8725888756334368,-1.8684259442203162,189819.65,6327.321666666667,30,0.2435795334710617,539.28,0.08588628762541806,0.03781016085363912,569,0.20249858220684738,41.46737648078057,0.01963974751823639,0.31616679305856904,0.09619172725268434,0.6150314785639949,0.13527013667973786,0.24969838475626735,7255.092299559082,779292.28,193190.0,454728.0,7871322.89,1377159081.02,38438.21,3728.01,60014.67,18259.08,116745.06,25676.93,47397.66,90069,30,11380,755247.0,은평구,응암2동,1112060,6279.0,41.46,195.95000000000002,매칭,0.0,불명확,0.0,0.0,0.0,0.0,0.0,1.0,0.8725888756334368
11680655,강남구,도곡1동,방문성 검토,광역 목적지형,0.8676997764790828,0.8676997764790828,-0.831922751446791,548100.12,18270.004,30,0.302764425862769,920.94,0.16680673790979897,0.03371852925194711,638,0.08936449420956157,45.31748790713638,0.06603074635342171,0.33239560319745964,0.04117052556018415,0.6592261464930896,0.1560584588085841,0.1847153946983263,11171.154253387136,1810318.76,203627.0,443272.0,24838520.56,6122910986.82,48980.69,36191.46,182186.07,22565.57,361321.93,85535.66,101242.53,261358,30,11680,1050609.0,강남구,도곡1동,1123066,5521.0,83.75,102.41,매칭,0.0,생활 밀착형,0.0,0.0,0.0,0.0,0.0,1.0,0.8676997764790828
11350611,노원구,하계1동,방문성 검토,관찰 필요,0.8577546859910705,0.8577546859910705,-1.3122311102774407,349495.23,11649.840999999999,30,0.2637877632054749,767.46,0.11150079907017289,0.037476391108528254,604,0.14948736210219524,36.047952271051024,0.03063498177070972,0.37098068548746715,0.06840488209238221,0.6346341837054543,0.13688753348650853,0.22847828280803723,7444.837988203731,1324910.7,206626.0,459880.0,12598587.37,2601935365.0,52245.12,10706.78,129655.98,23907.18,221801.62,47841.54,79852.07,164831,30,11350,1527061.0,노원구,하계1동,1111058,6883.0,86.23,171.72,매칭,0.0,생활 밀착형,0.0,0.0,0.0,0.0,0.0,1.0,0.8577546859910705
11410685,서대문구,홍은2동,방문성 검토,관찰 필요,0.8570101416699543,1.1284774230436785,0.3878104019624632,275767.06,9192.235333333334,30,0.26354202286241146,1757.81,0.21003823634842872,0.042101804277691474,611,0.1751510133226209,41.27884849626348,0.02815503055368542,0.34428267103402416,0.0871977240501458,0.646009461753699,0.12690899340914757,0.2270815448371535,7289.532760221616,1046387.43,194006.0,454181.0,11383346.69,2010213018.06,48300.88,7764.2300000000005,94941.82,24046.26,178148.13,34997.32,62621.61,128804,30,11410,2075085.0,서대문구,홍은2동,1113068,8369.0,183.67,168.67999999999998,매칭,0.3878104019624632,생활 밀착형,0.0,0.0,0.0,0.0,0.0,1.0,0.8570101416699543
11290590,성북구,돈암2동,방문성 검토,관찰 필요,0.3543029020105197,0.3543029020105197,-3.2802082466556546,91868.65,3062.288333333333,30,0.2170361288369206,256.03000000000003,0.04880480365993138,0.024418604651162794,550,0.22205104788194885,40.84570514533522,0.020864244766849192,0.31311867541321226,0.07993270827425897,0.6094734166660771,0.13468642458553598,0.25584015874838695,7027.831223382514,423287.36,201024.0,455279.0,3752439.79,645637366.92,20399.53,1916.77,28765.79,7343.31,55991.5,12373.46,23503.69,70159,30,11290,518335.0,성북구,돈암2동,1108059,5246.0,16.3,111.80000000000001,매칭,0.0,목적 방문형,0.0,0.0,0.0,0.0,0.0,1.0,0.8543029020105197
11740640,강동구,성내1동,방문성 검토,관찰 필요,0.8515570193407533,0.8515570193407533,-1.3136577643982434,311398.37,10379.945666666667,30,0.27695657884224406,771.7,0.14196100073583517,0.028997424576894776,614,0.1387883950709183,38.1758247161024,0.03204965395290926,0.34566606755199136,0.05922564719911668,0.6319734428924596,0.1472887606958251,0.22073779641171531,7446.475617004675,1124358.09,211097.0,447696.0,11887889.59,2318820369.38,43218.479999999996,9980.210000000001,107639.85,18442.77,196795.5,45865.48,68737.39,153155,30,11740,663675.0,강동구,성내1동,1125065,5436.0,71.44,86.19,매칭,0.0,생활 밀착형,0.0,0.0,0.0,0.0,0.0,1.0,0.8515570193407533
11290580,성북구,돈암1동,방문성 검토,관찰 필요,0.8514996565871854,0.8514996565871854,-2.198808340256784,148347.61,4944.920333333333,30,0.255390812772191,451.99,0.11013401559454192,0.02594298245614035,584,0.19471867460486894,37.69346543567504,0.018112998247831563,0.33854006815478865,0.07112874956327238,0.6185508482408312,0.13745566915435983,0.24399348260480908,6941.024670636757,580865.1,202155.0,455576.0,5591735.51,1029684420.84,28886.05,2687.02,50221.61,10551.78,91760.54,20391.22,36195.85,94976,30,11290,488898.0,성북구,돈암1동,1108058,4104.0,51.36,55.11,매칭,0.0,생활 밀착형,0.0,0.0,0.0,0.0,0.0,1.0,0.8514996565871854
11620525,관악구,보라매동,2030 자취/거주성 높음,관찰 필요,0.8504419949857607,2.444001902737323,2.276514153930804,262869.69,8762.323,30,0.34928126329762055,3016.2799999999997,0.3523279990655297,0.05536035509870343,615,0.19632388960476957,42.909955232952115,0.023618166095908586,0.287080910697616,0.0714061404340683,0.6260463882313705,0.1388884355590787,0.23506517620955084,8723.6238026149,752601.75,194043.0,443440.0,11279726.63,2293176284.67,51607.6,6208.5,75464.87,18770.51,164568.62,36509.56,61791.51,126423,30,11620,750225.0,관악구,보라매동,1121052,8561.0,351.85,122.09,매칭,2.276514153930804,생활 밀착형,0.0,0.0,0.0,0.0,0.0,1.0,0.8504419949857607
11380570,은평구,대조동,2030 자취/거주성 높음,관찰 필요,0.3480009842128786,1.5591886664246444,1.7302681174453798,514841.51,17161.38366666667,30,0.28162095940831194,2940.9300000000003,0.2993617671009772,0.048872149837133554,628,0.16163294603032302,39.68216286600511,0.02176854387673597,0.3536727254179641,0.0705709413368786,0.5964919961484847,0.14406621952452903,0.25944178432698634,8367.069762187592,1828136.34,193215.0,456966.0,20430024.65,4307714830.64,83215.35,11207.35,182085.4,36332.85,307098.84,74171.27,133571.4,201612,30,11380,851692.0,은평구,대조동,1112058,9824.0,293.74,186.38,매칭,1.7302681174453798,목적 방문형,0.0,0.0,0.0,0.0,0.0,1.0,0.8480009842128786
11650510,서초구,서초1동,방문성 검토,광역 목적지형,0.8460338938590102,1.417508314704542,0.8163920297793312,635462.61,21182.087,30,0.342117575808294,1852.7,0.27549442379182154,0.03932044609665427,637,0.08995906147806242,46.33363928367084,0.05717129446845032,0.3603791889502358,0.045535110240396366,0.6653909031721,0.15396713899500714,0.1806419578328928,11031.909997694436,1857439.24,201778.0,443054.0,29443295.35,7010366320.42,57165.62,36330.22,229007.5,28935.86,422831.04,97840.36,114791.21,274462,30,11650,1382685.0,서초구,서초1동,1122051,6725.0,146.64,117.78999999999999,매칭,0.8163920297793312,생활 밀착형,0.0,0.0,0.0,0.0,0.0,1.0,0.8460338938590102
11380560,은평구,구산동,방문성 검토,관찰 필요,0.8453832518681892,0.8453832518681892,-1.7016075583709545,286970.25,9565.675,30,0.22562342204476582,741.6,0.09090463348860015,0.028966658494729097,609,0.18628969379230076,41.069986976001864,0.025478215947471905,0.32974850180462956,0.08358727080594591,0.6188625127517574,0.13985526374249596,0.2412822235057467,7679.717415446375,1271899.2,191816.0,456835.0,11785864.43,2203850426.64,53459.6,7311.49,94628.01,23987.06,177595.13,40134.3,69240.82,135177,30,11380,1389775.0,은평구,구산동,1112057,8158.0,50.949999999999996,185.35999999999999,매칭,0.0,생활 밀착형,0.0,0.0,0.0,0.0,0.0,1.0,0.8453832518681892
11590620,동작구,사당1동,2030 자취/거주성 높음,광역 목적지형,0.8392478607140905,3.2263850706742305,3.410196014228772,527716.12,17590.537333333334,30,0.4107567756529813,4490.91,0.4612211153332649,0.05372085858067167,643,0.1648782682628683,43.33468287836271,0.014859106445336558,0.3379973687368125,0.04734604279285613,0.5754830077959339,0.1541966919638536,0.2703203002402125,9911.812873065162,1284741.12,198011.0,442261.0,22868410.71,5230623431.54,87008.92,7841.39,178366.66,24985.27,303691.66,81372.08,142652.38,205280,30,11590,635172.0,동작구,사당1동,1120063,9737.0,414.43,108.65,매칭,3.410196014228772,불명확,0.0,0.0,0.0,0.0,0.0,1.0,0.8392478607140905
11680660,강남구,개포1동,방문성 검토,관찰 필요,0.3292199313304187,0.3292199313304187,-0.7752990251978796,197201.37,6573.379,30,0.19389732468583493,868.04,0.20386096759041802,0.028666040394551433,598,0.1941557505406783,39.168517744070435,0.02358244265747241,0.35195424859370905,0.06000216935612567,0.5996406617256259,0.1370280034058587,0.2633313348685154,8230.661977297623,1017040.18,205513.0,442040.0,7724085.359999999,1623097817.93,38287.78,4650.49,69405.86,11832.51,118249.95999999999,27022.11,51929.3,132882,30,11680,1449952.0,강남구,개포1동,1123068,4258.0,50.660000000000004,71.4,매칭,0.0,목적 방문형,0.0,0.0,0.0,0.0,0.0,1.0,0.8292199313304187
11290685,성북구,길음2동,방문성 검토,관찰 필요,0.8290123705572643,0.8290123705572643,-1.9211012709591793,273816.4,9127.213333333335,30,0.27269671275137713,568.29,0.11638132295719844,0.02518943272578333,592,0.15313483779642126,37.33730116238472,0.020819388466140086,0.40134389320727315,0.06749566497843079,0.6369804365260809,0.13713623435265382,0.22588332912126516,6871.09980231279,1004105.98,202398.0,456523.0,10223565.39,1881419811.91,41930.83,5700.6900000000005,109894.54,18481.42,174415.69,37550.15,61850.56,136215,30,11290,588002.0,성북구,길음2동,1108068,4883.0,50.75,72.25,매칭,0.0,생활 밀착형,0.0,0.0,0.0,0.0,0.0,1.0,0.8290123705572643
11260630,중랑구,묵2동,방문성 검토,관찰 필요,0.8230243249573382,1.0772292337052414,0.3631498696398616,158964.45,5298.8150000000005,30,0.2570395803516205,1198.4099999999999,0.21928819762122595,0.05567978042086002,586,0.20602084302496565,40.06085379466918,0.018644923440429603,0.3011927509578399,0.09167817081114676,0.6137684243238032,0.13630821230784618,0.24992336336835058,8575.84326980026,618443.47,206589.0,456807.0,6368251.59,1363254208.67,32749.99,2963.88,47878.94,14573.57,97567.36,21668.16,39728.93,98109,30,11260,669204.0,중랑구,묵2동,1107065,5465.0,150.58,153.71,매칭,0.3631498696398616,불명확,0.0,0.0,0.0,0.0,0.0,1.0,0.8230243249573382
11650581,서초구,반포4동,방문성 검토,광역 목적지형,0.8182313812259205,0.8182313812259205,-2.366601193722893,1076817.77,35893.92566666667,30,0.3013808008769857,423.93,0.08857709987463436,0.027870873380693686,654,0.0569803468232141,49.89596178376588,0.04577731847794451,0.4808910982217539,0.03780501319178639,0.5421299743223963,0.148526802264788,0.3093432234128157,15592.956239559457,3572947.47,200297.0,444454.0,53728858.3,16790772365.59,61357.45,49293.83,517832.08,40709.11,583775.1900000001,159936.3,333106.28,442695,30,11650,1427141.0,서초구,반포4동,1122060,4786.0,35.98,97.41,매칭,0.0,불명확,0.0,0.0,0.0,0.0,0.0,1.0,0.8182313812259205
11710520,송파구,풍납2동,방문성 검토,관찰 필요,0.813129166620765,0.813129166620765,-0.8503497015962873,453846.27,15128.209,30,0.2668928712848638,1128.33,0.1423401034439258,0.030514696606534625,649,0.11909744240048507,41.857730239801235,0.0823277670652664,0.3130079487047453,0.07716465313243623,0.6802942326704591,0.15251181859443286,0.16719394873510804,12511.236868797003,1700481.05,209561.0,447858.0,18996974.74,5678178185.99,54051.93,37364.15,142057.49,35020.89,308749.0,69216.92,75880.35,243939,30,11710,2564554.0,송파구,풍납2동,1124052,7927.0,116.89,125.0,매칭,0.0,생활 밀착형,0.0,0.0,0.0,0.0,0.0,1.0,0.813129166620765
11410640,서대문구,홍제3동,방문성 검토,관찰 필요,0.8121939401979846,0.8121939401979846,-1.219552942763247,225517.18,7517.239333333333,30,0.257034720933189,676.13,0.14231319722163754,0.038543464533782365,599,0.16983171747713413,39.99976737914158,0.022569721739159738,0.3470432274827133,0.07496302498993647,0.6152832347406969,0.1334352886108278,0.25128147664847533,7233.9683295082,877380.22,195737.0,454760.0,9020634.74,1631384137.88,38299.97,5089.86,78264.21,16905.45,138756.94,30091.95,56668.29,117940,30,11410,1192508.0,서대문구,홍제3동,1113064,4751.0,67.05,116.07000000000001,매칭,0.0,불명확,0.0,0.0,0.0,0.0,0.0,1.0,0.8121939401979846
11710532,송파구,거여2동,방문성 검토,관찰 필요,0.7957842967618947,0.7957842967618947,-1.8465756459256863,200161.99,6672.066333333333,30,0.2512276312704352,636.8,0.10364583333333333,0.02652669270833333,566,0.1897797878608221,40.0093694612049,0.022099050873744815,0.3234690562379001,0.06797639252087773,0.6138474642463336,0.1419154555767556,0.2442370801769107,8457.463592263446,796735.57,213115.0,443640.0,8008355.01,1692862742.98,37986.7,4423.39,64746.21,13606.29,122868.93,28406.08,48886.979999999996,101231,30,11710,612901.0,송파구,거여2동,1124054,6144.0,63.51,99.47,매칭,0.0,불명확,0.0,0.0,0.0,0.0,0.0,1.0,0.7957842967618947
11350710,노원구,상계9동,방문성 검토,관찰 필요,0.7943579934055995,0.7943579934055995,-2.3941076942113573,134008.62,4466.954,30,0.24362469724306574,403.79,0.07385952076092922,0.03288458020852387,549,0.21722744402561567,39.84467096221124,0.02333879716095875,0.303503983549715,0.08234753853893875,0.6094811662115467,0.13797642271071817,0.2525424110777352,9048.251763729826,550061.72,205486.0,463108.0,5339529.37,1212543732.27,29110.35,3127.6,40672.15,11035.279999999999,81675.73,18490.03,33842.86,73846,30,11350,719445.0,노원구,상계9동,1111073,5467.0,68.38,111.4,매칭,0.0,불명확,0.0,0.0,0.0,0.0,0.0,1.0,0.7943579934055995
11215780,광진구,능동,2030 자취/거주성 높음,관찰 필요,0.7923470605881455,2.735480622691301,2.775905088718794,430651.97,14355.065666666665,30,0.44234821414062797,2207.02,0.45253639532499484,0.062325199917982375,633,0.11435101527574575,37.34448998340818,0.01565001548698361,0.4578656635426514,0.0387070329667829,0.5802364726208034,0.1317526772256493,0.28801085015354744,7950.808727938711,973558.74,207227.0,450122.0,16082478.18,3424031441.7799997,49245.49,6739.71,197180.75,16669.26,249879.98,56739.55,124032.44,163057,30,11215,1092105.0,광진구,능동,1105059,4877.0,203.81,100.15,매칭,2.775905088718794,불명확,0.0,0.0,0.0,0.0,0.0,1.0,0.7923470605881455
11170530,용산구,남영동,2030 자취/거주성 높음,광역 목적지형,0.7765979512834909,2.31749035282182,2.2012748593404705,581103.01,19370.100333333332,30,0.42928663664512556,1071.91,0.4964844835572024,0.059698934691987025,651,0.078919656602708,51.88034255750972,0.04355558233986776,0.39881732844577766,0.03940162003290948,0.5788025775326822,0.16228919550769494,0.2589082269596229,19268.668802575987,1353648.03,197775.0,449391.0,30147823.22,11197081439.87,45860.45,25310.28,231753.95,22896.399999999998,336343.92,94306.74,150452.35,250131,30,11170,1177788.0,용산구,남영동,1103053,2159.0,96.5,32.39,매칭,2.2012748593404705,불명확,0.0,0.0,0.0,0.0,0.0,1.0,0.7765979512834909
11260660,중랑구,망우3동,방문성 검토,관찰 필요,0.7606910380700186,0.7606910380700186,-1.3854446055231022,98653.64,3288.4546666666665,30,0.24594651961244546,599.8,0.13337780742717367,0.03963753613520125,557,0.2211619358393669,43.3786282999796,0.01586287135477211,0.3078616257849178,0.08568685352106623,0.6168827627647596,0.13668578270401374,0.24643145453122664,8965.446828824563,401118.26,209082.0,454707.0,4279459.58,884473963.89,21818.43,1564.93,30371.67,8453.32,60857.729999999996,13484.55,24311.36,66055,30,11260,962561.0,중랑구,망우3동,1107068,4497.0,50.82,127.43,매칭,0.0,생활 밀착형,0.0,0.0,0.0,0.0,0.0,1.0,0.7606910380700186
11320680,도봉구,쌍문3동,방문성 검토,관찰 필요,0.253024719792056,0.4523537423805993,0.2847557465550619,149778.05,4992.6016666666665,30,0.24880654197295424,1165.62,0.22717209121029036,0.05166439290586631,549,0.18459780989270458,39.3436345979935,0.01856346774443919,0.3380638885337338,0.08010165708526717,0.5963041981118061,0.13750225750702458,0.2661935443811693,8194.99021412016,601985.98,202699.0,460893.0,5892812.87,1227429654.04,27648.7,2780.4,50634.55,11997.47,89313.28,20594.82,39869.95,90867,30,11320,504805.0,도봉구,쌍문3동,1110053,5131.0,115.55,149.54000000000002,매칭,0.2847557465550619,목적 방문형,0.0,0.0,0.0,0.0,0.0,1.0,0.753024719792056
11350665,노원구,상계3·4동,방문성 검토,관찰 필요,0.20981051378045223,0.20981051378045223,-1.4316161206954088,171221.95,5707.3983333333335,30,0.191986525260405,687.16,0.11373055279708705,0.03702085402184707,570,0.20253758352828008,41.34538813510767,0.018096861996957748,0.33416404847626135,0.08000603894535718,0.59892595546307,0.1368456555949748,0.2642283889419551,9071.738555424698,891843.58,207430.0,464017.0,7079237.9799999995,1553280765.35,34678.88,3098.58,57216.22,13698.79,102549.27,23430.98,45241.7,104897,30,11350,5211708.0,노원구,상계3·4동,1111076,6042.0,62.5,161.18,매칭,0.0,목적 방문형,0.0,0.0,0.0,0.0,0.0,1.0,0.7098105137804522
11320514,도봉구,창4동,방문성 검토,관찰 필요,0.707771784038967,0.707771784038967,-2.112292255129372,344323.41,11477.446999999998,30,0.2234772885276884,567.06,0.08072028469750889,0.027217081850533807,618,0.16859742414841908,38.852773733856786,0.028282770549931533,0.34367483175192765,0.06934878462083076,0.6002273269772741,0.14172469423441178,0.2580479787883142,8470.142663898456,1540753.48,204493.0,461455.0,13377919.54,2916468405.22,58052.04,9738.42,118335.29,23878.41,206672.32,48799.13,88851.96,192240,30,11320,1140172.0,도봉구,창4동,1110062,7025.0,61.519999999999996,129.68,매칭,0.0,불명확,0.0,0.0,0.0,0.0,0.0,1.0,0.707771784038967
11650590,서초구,방배본동,방문성 검토,관찰 필요,0.7018094275550685,0.7018094275550685,-1.8528186706394363,216850.85,7228.361666666667,30,0.2501820201180398,563.89,0.12126666666666666,0.026952688172043014,607,0.16647709704619557,40.60074548935363,0.03314282604841069,0.34381142614843335,0.0633321935330205,0.6170176413880785,0.14717894811110954,0.23580341050081194,8810.406490451847,866772.32,198915.0,443955.0,8804306.17,1910544136.3,36100.7,7187.05,74555.8,13733.64,133800.8,31915.88,51134.17,133263,30,11650,677510.0,서초구,방배본동,1122061,4650.0,41.27,84.06,매칭,0.0,생활 밀착형,0.0,0.0,0.0,0.0,0.0,1.0,0.7018094275550685
11230750,동대문구,이문2동,방문성 검토,관찰 필요,0.6943960162938371,0.6943960162938371,-0.7676259256801563,134337.26,4477.908666666667,30,0.24516235657987925,931.83,0.15863636363636363,0.03795880149812734,571,0.20058172989385073,41.080889248448266,0.018423555758097194,0.3172719914043207,0.08676706670956368,0.615951598238642,0.1382432543286948,0.24580514743266313,8573.466175802603,547952.23,205962.0,455921.0,5518694.1,1151735954.76,26945.6,2474.97,42621.45,11656.050000000001,82745.25,18571.22,33020.79,85837,30,11230,723890.0,동대문구,이문2동,1106090,5874.0,89.99,132.98,매칭,0.0,불명확,0.0,0.0,0.0,0.0,0.0,1.0,0.6943960162938371
11200590,성동구,금호1가동,방문성 검토,관찰 필요,0.6888420424362034,0.6888420424362034,-2.1445262585548357,146455.28,4881.842666666666,30,0.2502476242967347,410.75,0.11086369770580297,0.032167341430499326,580,0.18946220306976985,37.62339712163331,0.021738239823105045,0.34726573190123294,0.06343629263485755,0.6069370117622254,0.14066444036705267,0.252398547870722,7243.010103766829,585241.44,202207.0,450452.0,5510145.16,1060777072.79,27747.74,3183.68,50858.9,9290.58,88889.13,20601.05,36965.1,104517,30,11200,444872.0,성동구,금호1가동,1104059,3705.0,43.78,75.4,매칭,0.0,불명확,0.0,0.0,0.0,0.0,0.0,1.0,0.6888420424362034
11260680,중랑구,신내1동,방문성 검토,관찰 필요,0.6824781779697292,0.6824781779697292,-2.4247869500609074,391879.29,13062.643,30,0.23517782726848638,496.15,0.05120755495923212,0.028587057487872842,625,0.14984103906077814,38.77352985405276,0.02922979165344512,0.3436735582531039,0.06941826397613408,0.6272260011494867,0.1441431875616596,0.22863081128885376,8446.832801498645,1666310.53,209749.0,457437.0,15194543.35,3310138841.0,58719.6,11454.55,134678.55,27203.58,245796.88,56486.729999999996,89595.68,190142,30,11260,2606949.0,중랑구,신내1동,1107069,9689.0,55.46,221.51999999999998,매칭,0.0,생활 밀착형,0.0,0.0,0.0,0.0,0.0,1.0,0.6824781779697292
11410585,서대문구,신촌동,2030 자취/거주성 높음,광역 목적지형,0.6799441516120224,4.855764704282899,5.965457932386967,2472196.95,82406.565,30,0.5655016752784773,10843.58,0.550938928970633,0.09251905294177422,652,0.08991748412277589,39.31330821761591,0.02450740423411654,0.4615708590692987,0.036138213017373064,0.6919173814206024,0.13960354574501033,0.16847907283438723,7490.954161152087,4371688.11,194838.0,451617.0,97190240.67,18519114029.79,222293.73,60587.13,1141094.07,89340.78,1710556.04,345127.46,416513.45,440827,30,11410,2720364.0,서대문구,신촌동,1113075,19682.0,1623.24,197.72,매칭,5.965457932386967,생활 밀착형,0.0,0.0,0.0,0.0,0.0,1.0,0.6799441516120224
11650621,서초구,방배4동,방문성 검토,관찰 필요,0.6736090242917505,0.8371294502442741,0.23360060850360523,323556.03,10785.201000000001,30,0.27206679350323504,1479.28,0.23295748031496064,0.03746299212598425,617,0.13945760800687285,41.47817263674548,0.04019662375014306,0.34494841588951375,0.05151602336077618,0.629749196761995,0.14761338244878328,0.22263742078922152,8941.497033357715,1189252.19,199202.0,443376.0,13420512.87,2893075282.37,45122.35,13005.86,111610.14,16668.32,203759.15,47761.2,72035.68,177968,30,11650,949527.0,서초구,방배4동,1122065,6350.0,121.91,115.98,매칭,0.23360060850360523,생활 밀착형,0.0,0.0,0.0,0.0,0.0,1.0,0.6736090242917505
11215730,광진구,군자동,2030 자취/거주성 높음,관찰 필요,0.6648573265520956,3.51667938306345,4.0740315093019355,606792.37,20226.412333333334,30,0.4878422639806051,4738.3,0.45346923150540724,0.07994736338405588,633,0.1186132745868245,37.68633699200931,0.018209029226916616,0.41649635442845134,0.045597574010365356,0.6931201854103736,0.13759332537421326,0.16928648921541317,8224.151438044615,1243829.03,206513.0,450394.0,22867781.74,4990352342.33,71973.63,11049.1,252726.81,27668.26,420580.04,83490.58,102721.75,182569,30,11215,738025.0,광진구,군자동,1105054,10449.0,643.56,191.81,매칭,4.0740315093019355,생활 밀착형,0.0,0.0,0.0,0.0,0.0,1.0,0.6648573265520956
11305555,강북구,송천동,방문성 검토,관찰 필요,0.15854709512366982,0.15854709512366982,-0.34776031475819724,224081.85,7469.395,30,0.2008942967810039,1097.8799999999999,0.1585157377995957,0.04747762056020791,606,0.16872250028282076,39.372547397301474,0.025005550427221124,0.34674682487671354,0.08146367052931774,0.5976404157677205,0.1434029128195791,0.2589566714127003,7078.214586054159,1115421.66,202199.0,457622.0,8822673.26,1586099419.14,37807.65,5603.29,77699.67,18254.53,133920.37,32133.99,58027.49,154017,30,11305,929913.0,강북구,송천동,1109072,6926.0,121.82000000000001,207.01,매칭,0.0,목적 방문형,0.0,0.0,0.0,0.0,0.0,1.0,0.6585470951236698
11620655,관악구,신원동,2030 자취/거주성 높음,소규모 2030 집중형,0.654902057776781,3.4842383237992713,4.041908951460701,197788.07,6592.935666666667,30,0.40402215032863303,3497.31,0.4656250832112901,0.08892025029956065,603,0.23833414219573507,43.58852240178086,0.01296114573543288,0.2607288194884555,0.09380818570098792,0.6167683925526954,0.13895731931657962,0.24427428813072496,9047.929150731892,489547.59,193509.0,442220.0,8621289.72,1789572444.22,47139.65,2563.56,51569.05,18554.14,121989.43000000001,27484.100000000002,48314.54,86346,30,11620,544977.0,관악구,신원동,1121065,7511.0,442.4,225.48,매칭,4.041908951460701,생활 밀착형,0.0,0.0,0.0,0.0,0.0,1.0,0.654902057776781
11170630,용산구,이촌1동,방문성 검토,관찰 필요,0.6517044396103779,0.6517044396103779,-3.5688904136048363,245124.65,8170.821666666667,30,0.233818601700668,221.57,0.04160157716860683,0.02122418325197146,610,0.1711691582221535,39.53827377214001,0.024117199147454166,0.38284260681249316,0.05636413963263181,0.5639377353521974,0.13267001095157097,0.3033922536962317,8170.859225744943,1048353.93,197503.0,446189.0,9691805.52,2002879007.91,41957.78,5911.72,93844.16,13816.24,138235.04,32520.69,74368.92,143497,30,11170,2872767.0,용산구,이촌1동,1103063,5326.0,13.05,99.99000000000001,매칭,0.0,불명확,0.0,0.0,0.0,0.0,0.0,1.0,0.6517044396103779
11380690,은평구,진관동,방문성 검토,광역 목적지형,0.6497804404524625,1.0937916223977358,0.6343016884932475,722091.62,24069.720666666668,30,0.2344798385313023,2583.95,0.2137262200165426,0.03381637717121588,636,0.15333051503907494,40.69411622586065,0.028695624524765984,0.3924704457863671,0.061563918994102164,0.5788263267755414,0.133831645906651,0.28734202731780767,8634.270305726577,3079546.73,194512.0,460009.0,29384880.31,6234734232.58,110718.68,20720.87,283399.62,44454.79,417965.64,96638.70999999999,207487.27,227936,30,11380,11565110.0,은평구,진관동,1112071,12090.0,198.91,209.93,매칭,0.6343016884932475,불명확,0.0,0.0,0.0,0.0,0.0,1.0,0.6497804404524625
11500604,강서구,가양2동,방문성 검토,관찰 필요,0.6492238758768811,0.7499602719005649,0.14390913717669104,148508.03,4950.267666666667,30,0.27093740788512205,1120.12,0.24743096973713274,0.04236801413739784,586,0.17370064096870722,37.40791673015931,0.030016491364137008,0.32211470315780233,0.06842667026153401,0.610658427022431,0.14010131304010967,0.24924025993745927,9155.598538678347,548126.71,187133.0,451925.0,5555376.0200000005,1359679902.45,25795.94,4457.69,47836.62,10161.91,90687.68,20806.17,37014.18,85900,30,11500,823874.0,강서구,가양2동,1116065,4527.0,102.46,89.34,매칭,0.14390913717669104,불명확,0.0,0.0,0.0,0.0,0.0,1.0,0.6492238758768811
11410710,서대문구,북가좌1동,방문성 검토,관찰 필요,0.14813991743402943,0.14813991743402943,-2.622774717874887,129212.93,4307.097666666667,30,0.20727775959912,351.7,0.08550936056406516,0.02675176270362266,558,0.20011712450139474,39.243541261698816,0.02254480259831582,0.32146419092887996,0.08946620125400764,0.6043786794402077,0.13783953355132494,0.2577817870084673,7470.101761797368,623380.58,191882.0,452878.0,5070772.95,965233736.04,25857.72,2913.08,41537.33,11560.19,78093.54,17810.65,33308.74,87138,30,11410,577979.0,서대문구,북가좌1동,1113071,4113.0,32.55,77.48,매칭,0.0,목적 방문형,0.0,0.0,0.0,0.0,0.0,1.0,0.6481399174340294
11620615,관악구,중앙동,2030 자취/거주성 높음,소규모 2030 집중형,0.642704420577001,3.773107199115963,4.472003969341374,280750.73,9358.357666666667,30,0.4372161226946565,3917.72,0.5540545891670202,0.07731862537123463,615,0.21377931946962347,40.132223235893285,0.013190669174751568,0.28632595185059717,0.0709778029784642,0.6157845787257615,0.14336315349919126,0.24085226777504729,8630.250707985693,642132.61,195636.0,442746.0,11267150.97,2422949186.35,60018.7,3703.29,80386.22,19927.07,172881.97,40249.31,67619.45,112910,30,11620,384728.0,관악구,중앙동,1121061,7071.0,405.72,141.0,매칭,4.472003969341374,불명확,0.0,0.0,0.0,0.0,0.0,1.0,0.642704420577001
11170555,용산구,청파동,2030 자취/거주성 높음,광역 목적지형,0.6316099301410638,2.9690396996507253,3.3391853850138022,525846.55,17528.218333333334,30,0.4405614229554559,3644.5,0.4393610608800482,0.06604822182037372,635,0.1243420537797576,44.32478499668772,0.027706143550813443,0.38375803739703146,0.05141269824818666,0.6578833501902789,0.13161554449677382,0.21050110531294727,10961.572986187699,1193582.83,197070.0,449786.0,23308035.27,5764105337.36,65384.84,14569.18,201797.84,27035.19,345945.69,69209.58,110691.28,199337,30,11170,886225.0,용산구,청파동,1103071,8295.0,403.44,144.43,매칭,3.3391853850138022,생활 밀착형,0.0,0.0,0.0,0.0,0.0,1.0,0.6316099301410638
11650652,서초구,양재2동,방문성 검토,광역 목적지형,0.6217135801836234,1.299621345576643,0.9684396648471709,833919.28,27797.309333333335,30,0.3258889713620638,2159.21,0.2878946666666667,0.03525466666666666,644,0.08299707376953798,45.56692578207329,0.08784858649628535,0.33939156557214983,0.04608267361320631,0.6382486084264654,0.15094091600808174,0.21081047556545282,11224.750881140437,2558906.11,204048.0,439083.0,37999137.94,9360536172.98,69212.86,73258.63,283025.17,38429.23,532247.82,125872.54,175798.92,328278,30,11650,7562268.0,서초구,양재2동,1122067,7500.0,145.59,118.82,매칭,0.9684396648471709,생활 밀착형,0.0,0.0,0.0,0.0,0.0,1.0,0.6217135801836234
11680521,강남구,논현1동,2030 자취/거주성 높음,광역 목적지형,0.6187112343400822,3.683668978774932,4.378511063478357,1304643.45,43488.115,30,0.49635615910359676,5462.22,0.5326916325336454,0.06452018724400234,650,0.08950630151096071,46.53751432239974,0.04133578411787527,0.329436498531457,0.061498764279236603,0.65821914025629,0.16195637206472008,0.17982448767899,11320.66534248112,2628442.15,202343.0,445822.0,60714863.24,14769431888.71,116773.81,53928.46,429797.17,80233.96,858741.29,211295.32,234606.84,388215,30,11680,1258744.0,강남구,논현1동,1123052,10254.0,438.01,223.57999999999998,매칭,4.378511063478357,생활 밀착형,0.0,0.0,0.0,0.0,0.0,1.0,0.6187112343400822
11410655,서대문구,홍제2동,방문성 검토,관찰 필요,0.6140259021068462,0.6140259021068462,-1.9849288636525866,102242.06,3408.0686666666666,30,0.2531351897147382,401.92,0.11090507726269316,0.03950055187637969,553,0.20493249060122617,39.32743432595157,0.02030465739833489,0.3179905608318142,0.0782535093678668,0.6125304008937222,0.1343552741406032,0.2531143249656746,7808.687599213083,403902.99,195806.0,453871.0,4020917.9,798376306.04,20952.72,2075.99,32512.01,8000.8,62626.37,13736.76,25878.93,67164,30,11410,699978.0,서대문구,홍제2동,1113065,3624.0,46.58,96.57000000000001,매칭,0.0,불명확,0.0,0.0,0.0,0.0,0.0,1.0,0.6140259021068462
11260690,중랑구,신내2동,방문성 검토,관찰 필요,0.6123299579538355,0.6123299579538355,-2.198246352694255,153616.55,5120.551666666666,30,0.23535240056413528,440.97,0.07793743372216332,0.035705196182396606,574,0.1970073536998455,39.861933105515,0.01912463207903055,0.3292143327004805,0.06234380345086517,0.6160399384050742,0.14053420676352907,0.24342585483139675,8893.50085527894,652708.66,208087.0,456826.0,6123452.64,1366188918.81,30263.59,2937.86,50572.77,9577.04,94633.93,21588.38,37394.24,96742,30,11260,911281.0,중랑구,신내2동,1107070,5658.0,54.75,147.27,매칭,0.0,생활 밀착형,0.0,0.0,0.0,0.0,0.0,1.0,0.6123299579538355
11140540,중구,회현동,2030 자취/거주성 높음,광역 목적지형,0.6074856207632913,0.7534879898823532,0.20857481302723135,937452.87,31248.429,30,0.34354169859322,378.33,0.3176574307304786,0.07435768261964736,647,0.024260035600509707,51.02510651015448,0.06468093697339686,0.3918497684048906,0.028563345269826738,0.679836587411589,0.16219419115971132,0.15796922142869968,14459.716330315357,2728789.18,197977.0,450824.0,47833632.54,13555302573.24,22742.64,60635.33,367340.69,26776.79,637314.76,152049.41,148088.7,390860,30,11140,897827.0,중구,회현동,1102054,1191.0,35.82,52.74,매칭,0.20857481302723135,생활 밀착형,0.0,0.0,0.0,0.0,0.0,1.0,0.6074856207632913
11320660,도봉구,쌍문1동,방문성 검토,관찰 필요,0.6036201964292423,0.6036201964292423,-1.1699788009339647,213216.67,7107.222333333334,30,0.2743422775347827,799.07,0.13277999335327353,0.0356547025589897,577,0.1503949011116251,42.916460800180396,0.035325661919398704,0.3594557123511965,0.0790400675519414,0.6919222122735526,0.11952362824163795,0.1885541594848095,8122.946126491892,777192.17,201722.0,461493.0,9150504.86,1731947523.68,32066.7,7532.02,76641.95,16852.66,147529.35,25484.43,40202.89,110096,30,11320,1175774.0,도봉구,쌍문1동,1110051,6018.0,102.31,112.26,매칭,0.0,생활 밀착형,0.0,0.0,0.0,0.0,0.0,1.0,0.6036201964292423
11305615,강북구,수유1동,방문성 검토,관찰 필요,0.6013866029885113,0.6013866029885113,-0.25666204278100013,166539.85,5551.328333333334,30,0.2361300682832512,1086.43,0.1866397526198248,0.044035389108400616,563,0.19663978321104528,41.253540158706755,0.01985650881755928,0.32074065156177334,0.0969144021686101,0.6100078749920814,0.13753825285659857,0.2524538721513199,7324.146304923416,705288.62,200884.0,458903.0,6870358.39,1219762227.0,32748.36,3306.9,53416.1,16140.11,101590.62,22905.6,42043.63,99201,30,11305,1649963.0,강북구,수유1동,1109063,5821.0,112.42,143.91,매칭,0.0,불명확,0.0,0.0,0.0,0.0,0.0,1.0,0.6013866029885113
11320710,도봉구,방학3동,방문성 검토,관찰 필요,0.09973404989801637,0.09973404989801637,-3.560716308619086,149292.54,4976.418000000001,30,0.19126969463644652,229.89,0.0365368722186904,0.021276223776223777,571,0.20004737008292578,42.37731356168232,0.017143656340765586,0.33335738008074617,0.08356800681400423,0.5988741969290629,0.1333710311312273,0.26775477193970976,8567.47471166342,780534.21,202079.0,462617.0,6326616.78,1279060061.09,29865.58,2559.42,49767.770000000004,12476.08,89407.45,19911.3,39973.79,97859,30,11320,1951026.0,도봉구,방학3동,1110057,6292.0,23.75,110.11999999999999,매칭,0.0,목적 방문형,0.0,0.0,0.0,0.0,0.0,1.0,0.5997340498980164
11650580,서초구,반포3동,방문성 검토,관찰 필요,0.5942382557692838,0.5942382557692838,-2.9866806508457375,336052.12,11201.737333333333,30,0.23567641196683842,303.34,0.06687389770723104,0.023776455026455028,635,0.14553694825671684,43.85092791558643,0.0316312838615629,0.39191745018600094,0.0547113049011564,0.5662495151049783,0.14299332496399667,0.29075715993102497,10217.632978479649,1425904.77,200352.0,445872.0,14736197.290000001,3433657223.8,48908.0,10629.76,131704.69,18385.85,190289.35,48053.21,97709.56,194779,30,11650,1251708.0,서초구,반포3동,1122059,4536.0,23.67,84.18,매칭,0.0,불명확,0.0,0.0,0.0,0.0,0.0,1.0,0.5942382557692838
11680610,강남구,대치2동,방문성 검토,광역 목적지형,0.5827548157595172,0.5827548157595172,-1.9654581370177548,810920.43,27030.681,30,0.28160448923962494,670.26,0.08791448058761804,0.023721143756558236,634,0.07392338111397687,46.134331761748804,0.06544933144673638,0.3396407585883611,0.039939923575485696,0.6614945809171436,0.15912285006803933,0.1793825690148169,10929.093651210636,2879643.12,205806.0,444616.0,37411272.15,8862625323.15,59945.98,53074.2,275421.63,32388.100000000002,536419.47,129035.97,145464.99,344064,30,11680,1837367.0,강남구,대치2동,1123079,7624.0,43.69,137.16,매칭,0.0,생활 밀착형,0.0,0.0,0.0,0.0,0.0,1.0,0.5827548157595172
11590660,동작구,대방동,2030 자취/거주성 높음,야간 소비형,0.5788849891253476,1.9804514913763367,2.002237860358556,411130.56,13704.352,30,0.2756981704826298,3355.13,0.3028095667870036,0.05295126353790613,638,0.2013802379467972,39.9023966255391,0.0243392026124256,0.3124200254050684,0.06294922469397556,0.6110993792336916,0.14087031136775627,0.2480303093985521,8841.899604471144,1491234.27,193638.0,445273.0,16405094.67,3635175135.85,82793.56999999999,10006.59,128445.42,25880.35,251241.63,57916.09,101972.84,198417,30,11590,1544903.0,동작구,대방동,1120068,11080.0,355.15999999999997,231.54,매칭,2.002237860358556,불명확,0.0,0.0,0.0,0.0,0.0,1.0,0.5788849891253476
11410690,서대문구,남가좌1동,방문성 검토,관찰 필요,0.07328974655518061,0.07328974655518061,-3.0558737283806257,131027.15,4367.571666666667,30,0.23760381701979216,246.91,0.09189058429475251,0.023427614439895796,558,0.16878051609914435,37.71646754126912,0.023101013797522118,0.34981276781186194,0.08130521040868248,0.5991390333988033,0.13988337531572656,0.26097759128547027,6965.912408077258,551452.21,192604.0,452478.0,4941881.25,912723649.98,22114.83,3026.86,45834.97,10653.19,78503.48,18328.52,34195.15,81350,30,11410,475536.0,서대문구,남가좌1동,1113069,2687.0,28.59,34.36,매칭,0.0,목적 방문형,0.0,0.0,0.0,0.0,0.0,1.0,0.5732897465551806
11710566,송파구,오륜동,방문성 검토,관찰 필요,0.5672678267708167,0.5672678267708167,-3.7077630281291474,348022.42,11600.747333333333,30,0.29838233265818387,199.67,0.05239307268433482,0.017389136709525063,639,0.0882344591477756,44.8356225728216,0.02749170585044492,0.4860136022271209,0.03512055344020652,0.46992943730464265,0.17392212835023674,0.35614843434512067,12203.661697571093,1166364.03,211390.0,446446.0,15603801.87,4247147876.85,30707.57,9567.73,169143.63,12222.74,163545.98,60528.799999999996,123947.64,163787,30,11710,3085088.0,송파구,오륜동,1124059,3811.0,17.18,49.09,매칭,0.0,불명확,0.0,0.0,0.0,0.0,0.0,1.0,0.5672678267708167
11560700,영등포구,대림1동,방문성 검토,관찰 필요,0.5642558280648914,0.6513094483789371,0.1243623147343511,169304.99,5643.499666666667,30,0.26800798732076225,1059.95,0.22211860854987428,0.050838222967309304,591,0.16259384912399807,36.53482327957374,0.034124806362765804,0.3428120458824043,0.07018216060849714,0.5948223971425768,0.14123387621357172,0.2639437266438514,7295.495339859741,631716.21,191618.0,443807.0,6185527.89,1235163765.56,27527.95,5777.5,58039.79,11882.19,100706.4,23911.6,44686.99,103172,30,11560,498978.0,영등포구,대림1동,1119070,4772.0,140.01,102.59,매칭,0.1243623147343511,불명확,0.0,0.0,0.0,0.0,0.0,1.0,0.5642558280648914
11290660,성북구,길음1동,방문성 검토,관찰 필요,0.5507924262123107,0.5507924262123107,-3.1857297135677163,338962.01,11298.733666666667,30,0.22423479964531737,310.92,0.03798192035182018,0.02248106523332519,606,0.1615367161647407,38.83315675995667,0.023914154863549458,0.3791400989155097,0.07041679980597235,0.617258878067191,0.13337249799763695,0.24936862393517198,7042.812969217405,1511638.74,201743.0,456516.0,13162964.870000001,2387246040.1,54754.81,8105.99,128514.09,23868.62,209227.31,45208.21,84526.49,181127,30,11290,797310.0,성북구,길음1동,1108066,8186.0,26.06,157.97,매칭,0.0,생활 밀착형,0.0,0.0,0.0,0.0,0.0,1.0,0.5507924262123107
11305625,강북구,수유2동,방문성 검토,관찰 필요,0.5392357565802284,0.5392357565802284,-1.6610000945280523,185928.58,6197.619333333333,30,0.22292161236682104,573.35,0.10990032585777267,0.03693118650565459,591,0.18918441694117172,40.40334014275805,0.017859276933110554,0.34531549695049574,0.08657297334277496,0.6145948083936317,0.1377234742501664,0.24768171735620206,7304.468936082877,834053.63,201709.0,460644.0,7512135.66,1358109536.94,35174.79,3320.55,64204.02,16096.39,114270.74,25606.73,46051.11,109710,30,11305,581617.0,강북구,수유2동,1109064,5217.0,69.03,123.64,매칭,0.0,불명확,0.0,0.0,0.0,0.0,0.0,1.0,0.5392357565802284
11350595,노원구,공릉1동,2030 자취/거주성 높음,관찰 필요,0.5387631692067412,2.2426887933625825,2.4341794630797735,557972.56,18599.085333333336,30,0.32773115354223087,4111.91,0.33069889013993886,0.05367379765160045,633,0.16648854560159732,38.28690756764095,0.016794678935465927,0.365001174968174,0.06120023178200734,0.6177929251574664,0.14001002128133325,0.2421970535612002,8196.855893917076,1702531.34,206405.0,458293.0,21363043.83,4573620667.08,92896.04000000001,9370.97,203660.64,34148.05,344711.5,78121.75,135139.31,214794,30,11350,1263261.0,노원구,공릉1동,1111079,12434.0,448.4,218.98,매칭,2.4341794630797735,생활 밀착형,0.0,0.0,0.0,0.0,0.0,1.0,0.5387631692067412
11320690,도봉구,방학1동,방문성 검토,관찰 필요,0.5348826862368065,0.5348826862368065,-1.0027820441177726,270081.14,9002.704666666667,30,0.23467421286588644,830.93,0.11398216735253772,0.04564471879286694,595,0.16381595545694155,38.31548319145869,0.02108199780258629,0.34863919042995745,0.06762545507620414,0.6089699932398093,0.14257718995113836,0.24845281680905226,8021.6458279537765,1150876.94,203836.0,462823.0,10348289.38,2166495249.89,44243.6,5693.85,94160.87,18264.36,164471.31,38507.409999999996,67102.42,133034,30,11320,1040857.0,도봉구,방학1동,1110055,7290.0,95.21,237.54,매칭,0.0,불명확,0.0,0.0,0.0,0.0,0.0,1.0,0.5348826862368065
11590680,동작구,신대방2동,2030 자취/거주성 높음,관찰 필요,0.5321512583317185,1.731600463078458,1.7134988639239137,457215.04,15240.501333333332,30,0.3160419380215419,2165.27,0.3192201090962701,0.056500073713696,631,0.14821445943685493,40.22052461353852,0.050981590631839234,0.3218330263151448,0.05477455422288821,0.637662619322409,0.1394903807188845,0.22284699995870652,8147.4470964253505,1446691.04,193075.0,443903.0,18389428.77,3725135350.09,67765.88,23309.55,147146.9,25043.75,291548.94,63777.1,101889.0,213550,30,11590,977033.0,동작구,신대방2동,1120070,6783.0,246.55,136.69,매칭,1.7134988639239137,생활 밀착형,0.0,0.0,0.0,0.0,0.0,1.0,0.5321512583317185
11290555,성북구,삼선동,2030 자취/거주성 높음,관찰 필요,0.5274912234748081,2.073439998137296,2.20849824951784,490627.84,16354.261333333334,30,0.34901570280937716,2947.8,0.35201815142106524,0.053747313112013376,627,0.14333495628784537,39.281643088170455,0.022585510027315205,0.37825845757142523,0.06663111494039964,0.6356662720158726,0.14089752835876576,0.22343619962536165,6921.936195304367,1405747.18,201034.0,454111.0,19272667.7,3396094604.12,70324.12,11081.08,185584.13,32691.08,311875.57,69128.25,109624.02,199582,30,11290,926227.0,성북구,삼선동,1108082,8374.0,262.26,187.82,매칭,2.20849824951784,생활 밀착형,0.0,0.0,0.0,0.0,0.0,1.0,0.5274912234748081
11620685,관악구,신사동,2030 자취/거주성 높음,소규모 2030 집중형,0.5246261378801513,4.008319325180715,4.97670455328652,272912.2,9097.073333333334,30,0.43528209939564527,5541.91,0.5398314825638029,0.08586791350087668,620,0.23138247392384803,43.49889565215479,0.011311000387670465,0.28089565068912276,0.07697611173117215,0.6158829836115791,0.13782758704081385,0.24628942934760703,9563.44066707168,626977.77,192803.0,442934.0,11871379.31,2609979632.02,63147.1,3086.91,76659.85,21007.72,168081.98,37614.83,67215.39,106559,30,11620,641031.0,관악구,신사동,1121068,10266.0,678.29,203.23,매칭,4.97670455328652,불명확,0.0,0.0,0.0,0.0,0.0,1.0,0.5246261378801513
11110550,종로구,부암동,방문성 검토,관찰 필요,0.512805478424962,0.512805478424962,-1.0486228774460415,194037.69,6467.923,30,0.3197399924631819,596.36,0.20779094076655052,0.03337979094076655,596,0.102467618533286,48.77649728771765,0.03532988874481035,0.44240039138787934,0.043221654514646095,0.6747885939066787,0.1234024688708673,0.20180893722245405,9940.052178677246,606860.87,196781.0,455266.0,9464478.86,1928744763.23,19882.58,6855.33,85842.35,8386.63,130934.42,23944.73,39158.54,104503,30,11110,2274739.0,종로구,부암동,1101055,2870.0,44.18,51.62,매칭,0.0,생활 밀착형,0.0,0.0,0.0,0.0,0.0,1.0,0.512805478424962
11530560,구로구,구로5동,2030 자취/거주성 높음,광역 목적지형,0.5047175627005058,2.0951059110299863,2.271983354756401,699078.8,23302.626666666667,30,0.3414904329318487,3495.91,0.3053463184557603,0.06122194078085422,645,0.13224819576848848,42.5294398571377,0.027543404262867072,0.36820178211669413,0.05146622955809845,0.5652538740983133,0.1389042265335467,0.29584189936813987,10086.077856087182,2047140.22,190145.0,444731.0,29731429.78,7050963204.34,92451.91,19255.01,257402.06,35978.95,395157.0,97105.0,206816.8,272396,30,11530,1012473.0,구로구,구로5동,1117056,11449.0,432.21,268.71999999999997,매칭,2.271983354756401,불명확,0.0,0.0,0.0,0.0,0.0,1.0,0.5047175627005058
11110640,종로구,이화동,2030 자취/거주성 높음,광역 목적지형,0.5008766995215546,2.2942245818111875,2.5619255461280472,1439837.97,47994.599,30,0.42639963618332005,1698.7,0.4273459119496855,0.07218616352201258,650,0.04659145778743424,46.611481214098,0.06003106030048645,0.44467338918697913,0.03858798084064973,0.6785467603691546,0.14870786467730115,0.17274537495354425,10623.406044563473,3376733.58,200267.0,453352.0,67112980.49,15295983393.69,67084.15000000001,86435.0,640257.63,55560.44,976997.39,214115.23,248725.35,463072,30,11110,782395.0,종로구,이화동,1101064,3975.0,201.35999999999999,85.58,매칭,2.5619255461280472,생활 밀착형,0.0,0.0,0.0,0.0,0.0,1.0,0.5008766995215546
11470570,양천구,신월2동,방문성 검토,관찰 필요,0.49205775259920914,0.49205775259920914,-2.7366610945277827,128252.95,4275.098333333333,30,0.2429781268069602,416.19,0.07283689184459223,0.018123906195309767,549,0.19802795959079306,39.68466581080591,0.02563395227946024,0.3055910214930729,0.073953698530911,0.6249439876431693,0.13989409210470405,0.23516192025212676,8740.011912396556,527837.43,186416.0,447115.0,5089675.46,1120932310.8,25397.670000000002,3287.63,39192.95,9484.78,80150.91,17941.83,30160.21,81730,30,11470,606811.0,양천구,신월2동,1115058,5714.0,51.730000000000004,51.83,매칭,0.0,생활 밀착형,0.0,0.0,0.0,0.0,0.0,1.0,0.49205775259920914
11470610,양천구,신월6동,방문성 검토,관찰 필요,0.4856220629530826,0.4856220629530826,-1.7626951939032813,138222.54,4607.418000000001,30,0.2824571291517109,515.4,0.15868226600985222,0.024507389162561576,556,0.15893124232849432,40.04924782889968,0.04531699388536775,0.3243974535556936,0.05254266055304728,0.6258741157556502,0.1466913428157231,0.22743454142862662,10254.187378049917,489357.59,186046.0,446290.0,5535708.76,1417359825.03,21967.88,6263.83,44839.04,7262.58,86509.91,20276.05,31436.58,85391,30,11470,444286.0,양천구,신월6동,1115062,3248.0,46.53,33.07,매칭,0.0,생활 밀착형,0.0,0.0,0.0,0.0,0.0,1.0,0.4856220629530826
11200790,성동구,용답동,2030 자취/거주성 높음,관찰 필요,0.4790869233192816,2.1963719993498847,2.453264394329433,285972.38,9532.412666666667,30,0.3555516780931001,2196.9700000000003,0.3905724444444445,0.06626666666666667,616,0.17010293091941256,39.34421275229447,0.03721628641199545,0.2945675383056224,0.09044957418615043,0.6310451379954946,0.14471135289359063,0.2242435091109148,7603.842935985636,804306.09,205078.0,451045.0,11251358.16,2174489061.55,48644.74,10642.83,84238.18000000001,25866.08,180461.48,41383.45,64127.45,150772,30,11200,2377148.0,성동구,용답동,1104070,5625.0,323.99,48.76,매칭,2.453264394329433,생활 밀착형,0.0,0.0,0.0,0.0,0.0,1.0,0.4790869233192816
11710540,송파구,마천1동,방문성 검토,관찰 필요,-0.020957479092156506,-0.020957479092156506,-1.70784774020341,88151.87,2938.3956666666663,30,0.2252598335586182,541.76,0.11548923470475378,0.036077595395438075,491,0.21380215757192675,41.79938633179307,0.021613154661381546,0.3111327076782376,0.0859048140442171,0.602008102607466,0.14001449997600732,0.25797739741652675,8214.728387611063,391334.17,213796.0,443996.0,3684694.07,724143668.91,18847.06,1905.24,27426.93,7572.67,53068.14,12342.539999999999,22741.19,58571,30,11710,575258.0,송파구,마천1동,1124055,4691.0,71.48,97.75999999999999,매칭,0.0,목적 방문형,0.0,0.0,0.0,0.0,0.0,1.0,0.4790425209078435
11215810,광진구,광장동,방문성 검토,관찰 필요,0.4747772764990371,0.4747772764990371,-3.038584910126655,367514.0,12250.466666666667,30,0.22647816652775404,365.84000000000003,0.04803571428571429,0.01844143907563025,621,0.146194267429268,39.58321185043291,0.029614327617451308,0.38108793134411206,0.0630561556838651,0.5975494538983549,0.14236820910223827,0.2600823369994068,9224.363856751035,1622734.79,209253.0,449817.0,14547384.52,3390082858.45,53728.44,10883.68,140055.15,23174.02,219607.79,52322.31,95583.9,200696,30,11215,2393761.0,광진구,광장동,1105063,7616.0,27.84,112.61,매칭,0.0,불명확,0.0,0.0,0.0,0.0,0.0,1.0,0.4747772764990371
11290715,성북구,월곡1동,방문성 검토,관찰 필요,0.4737057741334586,0.4737057741334586,-2.2347260459739346,249299.61000000002,8309.987000000001,30,0.24116556107449033,520.6700000000001,0.07972286020517533,0.026384933394579695,603,0.15419117583055986,38.12227568266151,0.027324631594890982,0.3627953128366306,0.07424070980295557,0.644243968131358,0.13786226941951493,0.21789376244912698,7203.093811097418,1033728.07,203227.0,456473.0,9503868.459999999,1795728477.9,38439.8,6812.02,90444.73,18508.18,160609.77,34369.01,54320.83,137965,30,11290,801757.0,성북구,월곡1동,1108071,6531.0,43.12,129.2,매칭,0.0,생활 밀착형,0.0,0.0,0.0,0.0,0.0,1.0,0.4737057741334586
11230730,동대문구,휘경2동,2030 자취/거주성 높음,관찰 필요,0.47215547406964564,2.600958270393418,3.041146851891104,374042.4,12468.08,30,0.3622883388709706,3753.54,0.412340986487971,0.060076897726024384,620,0.1817765846866558,37.057975459466626,0.024134750498873925,0.33579960453681185,0.08723524391887122,0.6440828633331408,0.13626757287409128,0.21964956379276787,7245.483736763532,1032443.94,205814.0,454122.0,13861254.08,2710118126.06,67992.15,9027.42,125603.29,32629.68,240914.3,50969.85,82158.25,143256,30,11230,1113609.0,동대문구,휘경2동,1106073,9103.0,391.12,155.76,매칭,3.041146851891104,생활 밀착형,0.0,0.0,0.0,0.0,0.0,1.0,0.47215547406964564
11470510,양천구,목1동,방문성 검토,관찰 필요,0.4663993932476035,0.4663993932476035,-3.3276181767782984,530586.33,17686.211,30,0.24618474799330597,296.59,0.04841495266079007,0.01610349330721515,621,0.11547796566865944,36.49076741196857,0.030367536984980372,0.4068775575126483,0.03991286394430856,0.5901285093417314,0.14349615829718043,0.2663753323610882,7784.356899507758,2155236.4,188901.0,447566.0,19361502.36,4130273358.72,61271.03,16112.6,215883.66999999998,21177.22,313114.12,76137.1,141335.11000000002,236466,30,11470,1433111.0,양천구,목1동,1115051,6126.0,26.23,72.42,매칭,0.0,불명확,0.0,0.0,0.0,0.0,0.0,1.0,0.4663993932476035
11620695,관악구,신림동,2030 자취/거주성 높음,핵심 후보형,-0.034033517408066594,5.624727283352112,8.08394400108597,640581.35,21352.711666666666,30,0.541108566745569,10974.6,0.804471485119484,0.1085984459756634,648,0.21584226577935808,40.410691241635426,0.01730518692122398,0.28860819941136284,0.08732040044562646,0.5967934595660646,0.14323005188958438,0.2599764885443512,8732.244831323922,1183831.47,193559.0,443079.0,25886335.15,5593713182.58,138264.53,11085.38,184877.03,55935.82,382294.76,91750.5,166536.09,193549,30,11620,541240.0,관악구,신림동,1121069,13642.0,1284.3600000000001,197.14,매칭,8.08394400108597,목적 방문형,0.0,0.0,0.0,0.0,0.0,1.0,0.4659664825919334
11290620,성북구,정릉1동,방문성 검토,관찰 필요,0.4593170635646836,0.4593170635646836,-1.336153430285234,122228.7,4074.29,30,0.23979373791699796,687.07,0.13686653386454184,0.03463147410358566,535,0.20555728728195588,38.61878339538914,0.02162184495130849,0.3151617418822257,0.08620504022377723,0.6088958648827976,0.1381002988659783,0.25300383625122413,6700.979387819718,509724.32,201500.0,455967.0,4720323.69,819051999.3,25125.0,2642.81,38521.81,10536.73,74424.55,16879.82,30924.33,76268,30,11290,412365.0,성북구,정릉1동,1108062,5020.0,67.62,106.23,매칭,0.0,불명확,0.0,0.0,0.0,0.0,0.0,1.0,0.4593170635646836
11620665,관악구,서림동,2030 자취/거주성 높음,소규모 2030 집중형,0.4505763399606453,4.030856067364315,5.114685324862386,267079.28,8902.642666666668,30,0.4153875788234195,6329.860000000001,0.5754418181818183,0.07590454545454545,619,0.2508585465708908,41.849902882769484,0.015038792975628809,0.27096736968888036,0.09777287852505817,0.6189450188722989,0.13384580039305183,0.24720918073464923,8085.721416577128,642964.05,194825.0,441494.0,11177241.93,2159528654.22,66999.12,4016.55,72369.77,26113.11,165307.39,35747.44,66024.45,99347,30,11620,941252.0,관악구,서림동,1121066,11000.0,625.54,209.41,매칭,5.114685324862386,생활 밀착형,0.0,0.0,0.0,0.0,0.0,1.0,0.4505763399606453
11620575,관악구,행운동,2030 자취/거주성 높음,야간 소비형,0.440631832762981,4.1042621428109225,5.233757585782774,362021.08,12067.369333333334,30,0.41181161648374537,7653.91,0.5693179113359119,0.07385078845581672,628,0.24483643328173044,40.26652276712726,0.015838304222505494,0.263682103815612,0.07706832983316883,0.6259392132634928,0.13910659567116918,0.23495419106533794,8915.999303604089,879093.9,196511.0,442393.0,14577330.06,3227779697.17,88635.95,5733.8,95458.48,27900.36,226603.19,50359.52,85058.37,128129,30,11620,718235.0,관악구,행운동,1121057,13444.0,803.67,189.18,매칭,5.233757585782774,생활 밀착형,0.0,0.0,0.0,0.0,0.0,1.0,0.440631832762981
11650560,서초구,반포1동,2030 자취/거주성 높음,광역 목적지형,0.42170224858018357,1.528567611888891,1.5812362332981535,525577.66,17519.255333333334,30,0.30833254188741577,2926.25,0.31461670788087304,0.03904311364369423,640,0.13226852145884588,42.831903604883045,0.031940988511574106,0.3488051413753012,0.06349584950014808,0.629258328826229,0.15339590347123963,0.21734576770253133,9896.626116909154,1704580.57,201482.0,445118.0,22511491.669999998,5201445596.42,69517.38,16787.47,183324.19,33372.0,330724.12,80621.46,114232.08,228025,30,11650,992368.0,서초구,반포1동,1122057,9301.0,225.55,137.59,매칭,1.5812362332981535,생활 밀착형,0.0,0.0,0.0,0.0,0.0,1.0,0.42170224858018357
11530800,구로구,항동,방문성 검토,관찰 필요,0.41523686256458353,0.41523686256458353,0.0,123343.06,4111.435333333333,30,0.2955141612795489,0.0,0.0,0.0,527,0.15833594528950393,41.886591430438,0.02297567451302084,0.36124318628060637,0.052634335486731076,0.6315731910656344,0.13847240371691769,0.229954405217448,9475.73279380291,417384.6,184486.0,442414.0,5166420.36,1168765878.53,19529.64,2833.89,44556.840000000004,6492.08,77900.17,17079.61,28363.280000000002,56244,30,11530,1446941.0,,,,0.0,0.0,0.0,미매칭,0.0,생활 밀착형,0.0,0.0,0.0,0.0,0.0,1.0,0.41523686256458353
11500641,강서구,방화3동,방문성 검토,관찰 필요,0.4150337986183662,0.4150337986183662,-1.1956150309717228,178132.25,5937.741666666667,30,0.23114201241401056,928.6800000000001,0.14738612918584354,0.02402317092524996,584,0.1775510610796192,42.048273796575295,0.03167573530340519,0.3223735174287643,0.06581037403389897,0.6027891636691278,0.14395416888295073,0.2532566674479214,11077.752581242308,770661.5,183888.0,453634.0,7490153.62,1973304992.24,31627.57,5642.47,57425.12,11722.95,107376.19,25642.88,45113.18,104212,30,11500,2558908.0,강서구,방화3동,1116072,6301.0,66.38,84.99000000000001,매칭,0.0,불명확,0.0,0.0,0.0,0.0,0.0,1.0,0.4150337986183662
11305575,강북구,삼각산동,방문성 검토,관찰 필요,0.4085819230956672,0.4085819230956672,-3.208453903388434,213003.51,7100.117,30,0.21314388869653442,297.73,0.042691425293948954,0.022232578147404647,580,0.18709499200271393,40.26667400926868,0.022455216817788587,0.3510850595842294,0.07404389721089573,0.6329158613395619,0.13589945067102416,0.23118468798941388,7082.315230908635,999341.39,201459.0,457508.0,8576942.9,1508558003.11,39851.89,4783.04,74782.35,15771.61,134813.3,28947.06,49243.15,113420,30,11305,621911.0,강북구,삼각산동,1109073,6974.0,27.200000000000003,127.85000000000001,매칭,0.0,생활 밀착형,0.0,0.0,0.0,0.0,0.0,1.0,0.4085819230956672
11710690,송파구,잠실4동,방문성 검토,관찰 필요,0.3975444174442144,0.3975444174442144,-3.2192920651545727,208977.28,6965.909333333333,30,0.22034434687716922,305.39,0.049216760676873486,0.018920225624496374,606,0.1718060451356243,39.34481935069688,0.03156347905379953,0.3528026587387873,0.06802131791551694,0.6024817626107489,0.1392388684549823,0.25827936893426884,8286.005769096048,948412.26,209650.0,446807.0,8222173.33,1731586947.69,35903.56,6596.05,73727.74,14214.91,125905.0,29097.76,53974.52,145691,30,11710,780204.0,송파구,잠실4동,1124075,6205.0,27.09,90.31,매칭,0.0,불명확,0.0,0.0,0.0,0.0,0.0,1.0,0.3975444174442144
11620595,관악구,청룡동,2030 자취/거주성 높음,핵심 후보형,0.3936529817361585,4.530178690036481,5.909322440429031,796621.52,26554.050666666666,30,0.45641605667500706,10719.9,0.6454271780360046,0.06542115720392558,642,0.20371428077915846,39.18085367565767,0.013387649884226074,0.32183300797598335,0.057154494144220455,0.6111665424253163,0.13978636931625948,0.24904708825842414,8318.008203920977,1745384.52,195207.0,442070.0,31212311.21,6626304338.78,162283.18,10664.89,256379.1,45530.5,486868.42,111356.83,198396.27,237345,30,11620,1195604.0,관악구,청룡동,1121080,16609.0,893.44,193.14,매칭,5.909322440429031,불명확,0.0,0.0,0.0,0.0,0.0,1.0,0.3936529817361585
11305645,강북구,우이동,방문성 검토,관찰 필요,-0.1066007487780215,-0.1066007487780215,-1.6127455099775636,212233.09,7074.436333333333,30,0.20667398151224295,577.23,0.11572373696872494,0.03699679230152366,603,0.14815733964953345,42.46926881194634,0.020739131678288242,0.41610151367065334,0.07543013203077804,0.5548131066649409,0.12913900466699138,0.31604788866806777,8472.417910232565,1026897.96,200043.0,462301.0,9013384.15,1798127432.86,31443.89,4401.53,88310.51,16008.77,117749.7,27407.57,67075.82,134560,30,11305,10587752.0,강북구,우이동,1109074,4988.0,63.64,120.9,매칭,0.0,목적 방문형,0.0,0.0,0.0,0.0,0.0,1.0,0.3933992512219785
11680650,강남구,역삼2동,2030 자취/거주성 높음,광역 목적지형,0.3836232168381031,1.6349095393242632,1.787551889265943,1000444.91,33348.16366666667,30,0.34435510479722786,2952.9900000000002,0.3275640599001664,0.043408763172490296,647,0.08346291651381384,45.8204798503098,0.07489388895986288,0.30940790133061896,0.05975668365387555,0.6949805761918465,0.15684509804742772,0.14817432576072578,10497.451422227736,2905271.03,203970.0,444337.0,45840865.84,10502121843.34,83500.05,74927.21,309545.56,59783.27,695289.78,156914.88,148240.25,356500,30,11680,1135029.0,강남구,역삼2동,1123065,9015.0,193.93,197.4,매칭,1.787551889265943,생활 밀착형,0.0,0.0,0.0,0.0,0.0,1.0,0.3836232168381031
11305660,강북구,인수동,방문성 검토,관찰 필요,0.3825892988171349,0.3825892988171349,-1.0162978516893924,213413.29,7113.776333333333,30,0.20330100645354765,920.74,0.12137358291589771,0.03855523332454522,592,0.18920213450624374,41.50422440889225,0.026525667637662117,0.3107119055237844,0.09831065347429861,0.6237735241324474,0.13657856078222683,0.23964791508532576,7327.727015313807,1049740.45,200313.0,459754.0,8857553.08,1563834330.56,40378.25,5660.93,66310.05,20980.8,133121.56,29147.68,51144.05,129489,30,11305,2998011.0,강북구,인수동,1109075,7586.0,83.42999999999999,209.05,매칭,0.0,생활 밀착형,0.0,0.0,0.0,0.0,0.0,1.0,0.3825892988171349
11740590,강동구,암사3동,방문성 검토,관찰 필요,-0.1284790349450966,-0.1284790349450966,-3.4452256878075707,129483.77,4316.125666666667,30,0.1961389443090832,228.64,0.05541444498303441,0.021066408143480365,555,0.1909963696608463,38.143314409211285,0.01975004280459242,0.32839243095872167,0.061740710824221445,0.6085805193963691,0.13681019636669522,0.25460928423693563,8425.645361576975,660163.49,212249.0,451304.0,4938940.15,1090984326.1,24730.93,2557.31,42521.49,7994.42,78801.3,17714.7,32967.77,87491,30,11740,1799368.0,강동구,암사3동,1125059,4126.0,21.15,65.77,매칭,0.0,목적 방문형,0.0,0.0,0.0,0.0,0.0,1.0,0.3715209650549034
11230705,동대문구,청량리동,방문성 검토,관찰 필요,0.371319619340048,0.371319619340048,-1.1118222315211528,247935.49,8264.516333333333,30,0.23244064122196287,693.46,0.13126254022335795,0.044690516751845544,613,0.15107260360346153,41.225336961642725,0.029416200157549047,0.3423990651761876,0.08281242834577655,0.6074152998427131,0.14159872795943815,0.25098597219784874,8626.8511710042,1066661.53,203993.0,454365.0,10221224.12,2138902572.24,37456.26,7293.32,84892.88,20532.14,150599.81,35107.35,62228.33,161609,30,11230,1204398.0,동대문구,청량리동,1106080,5283.0,57.14,178.96,매칭,0.0,불명확,0.0,0.0,0.0,0.0,0.0,1.0,0.371319619340048
11470580,양천구,신월3동,방문성 검토,관찰 필요,0.3650359314506022,0.3650359314506022,-1.5479925424818886,92476.08,3082.536,30,0.2561838981927244,589.46,0.13925348452634068,0.03233640444129459,519,0.20170772809574108,38.54913302986026,0.03632842136042099,0.297723584304179,0.08612183820940507,0.6187821758880783,0.13935549603746178,0.2418623280744599,9054.0975938859,360975.38,184750.0,448119.0,3564872.71,837287453.42,18653.14,3359.51,27532.31,7964.21,57222.55,12887.05,22366.48,59836,30,11470,918039.0,양천구,신월3동,1115059,4233.0,55.6,81.28,매칭,0.0,생활 밀착형,0.0,0.0,0.0,0.0,0.0,1.0,0.3650359314506022
11140665,중구,동화동,방문성 검토,관찰 필요,0.3547064265387228,0.3547064265387228,-2.471558056980614,127551.27,4251.709,30,0.2830655810371961,294.26,0.10731582786287382,0.034857768052516405,582,0.14259371937260992,42.55605922230332,0.025203041882687644,0.35192130976038105,0.06089127924794477,0.6145150103170278,0.14499612587158087,0.24048886381139128,8313.885480324892,450606.78,201648.0,451242.0,5428079.4,1060446651.65,18188.01,3214.6800000000003,44888.01,7766.76,78382.17,18494.44,30674.66,91116,30,11140,327045.0,중구,동화동,1102073,2742.0,28.07,67.50999999999999,매칭,0.0,불명확,0.0,0.0,0.0,0.0,0.0,1.0,0.3547064265387228
11620545,관악구,청림동,방문성 검토,관찰 필요,0.3535741703386639,0.3535741703386639,-2.0972944769327473,65065.83,2168.861,30,0.2429829281509786,443.21999999999997,0.10114559561843907,0.03328388863532633,511,0.2282073401661056,41.683634405339944,0.013512468833487562,0.3015479860934687,0.07073313289018215,0.6173163394672748,0.13821955395020705,0.24446410658251805,8494.26176105031,267779.43,196417.0,443346.0,2712180.27,552686191.72,14848.5,879.2,19620.47,4602.31,40166.2,8993.37,15906.26,52394,30,11620,297155.0,관악구,청림동,1121054,4382.0,62.75,83.1,매칭,0.0,생활 밀착형,0.0,0.0,0.0,0.0,0.0,1.0,0.3535741703386639
11740530,강동구,명일1동,방문성 검토,관찰 필요,0.3528819259344101,0.3528819259344101,-2.5321988072843173,290815.84,9693.861333333334,30,0.21991036191735058,448.01,0.07041967934611758,0.023671801320339515,595,0.1606602308870108,37.723022308551,0.020739585574155794,0.36687719623525317,0.06255226675410802,0.573587738549592,0.13761341197920993,0.28879884947119794,7634.545199807549,1322429.0,212897.0,450102.0,10970452.42,2220246675.3,46722.54,6031.4,106693.7,18191.19,166808.4,40020.16,83987.28,143918,30,11740,634942.0,강동구,명일1동,1125053,6362.0,35.46,115.14,매칭,0.0,불명확,0.0,0.0,0.0,0.0,0.0,1.0,0.3528819259344101
11215710,광진구,화양동,2030 자취/거주성 높음,관찰 필요,0.34975643643544796,5.59646091350898,7.495292110105046,1408530.97,46951.03233333333,30,0.5824011825233704,13309.15,0.7152765088407589,0.10042672112645779,648,0.1500429486474124,37.41440843150222,0.02015166198298075,0.38396494753679433,0.056087471047938695,0.6300982079222581,0.1383339338289452,0.2315678582487966,7664.550746101097,2418489.2,206486.0,449309.0,52699353.0,10795757097.02,211340.13999999998,28384.239999999998,540826.52,79000.94,887512.84,194847.63,326170.5,304952,30,11215,1166008.0,광진구,화양동,1105053,18607.0,1621.96,246.68,매칭,7.495292110105046,생활 밀착형,0.0,0.0,0.0,0.0,0.0,1.0,0.34975643643544796
11710670,송파구,잠실2동,방문성 검토,관찰 필요,0.32964034145489557,0.32964034145489557,-2.6773577896607943,396909.95,13230.331666666667,30,0.2334301766885696,401.53,0.05932771867612293,0.025713652482269502,622,0.12691377477435373,46.04502613250184,0.03281426933237627,0.4221783051798021,0.05860311639957627,0.5551472317587403,0.11783551911460016,0.3270172491266596,9909.163580530041,1700336.93,207014.0,446441.0,18275729.02,3933045621.29,50373.34,13024.31,167566.77,23260.16,220343.46,46770.09,129796.4,190532,30,11710,2686850.0,송파구,잠실2동,1124079,6768.0,29.21,144.82,매칭,0.0,불명확,0.0,0.0,0.0,0.0,0.0,1.0,0.32964034145489557
11710550,송파구,마천2동,방문성 검토,관찰 필요,-0.17311645749945948,-0.17311645749945948,-2.0340584240376485,115186.87,3839.5623333333333,30,0.19247012162290056,425.19,0.0904659574468085,0.04052340425531915,540,0.20095849466176136,40.12918929041131,0.021239660388375867,0.3231768516672083,0.08578286743966565,0.5999311379847374,0.1339508574197736,0.26611800459548907,7567.825400065129,598466.24,213321.0,444574.0,4622355.71,871714120.54,23147.78,2446.53,37225.73,9881.06,69104.19,15429.38,30653.3,77302,30,11710,890688.0,송파구,마천2동,1124056,4700.0,48.519999999999996,141.94,매칭,0.0,목적 방문형,0.0,0.0,0.0,0.0,0.0,1.0,0.3268835425005405
11530730,구로구,고척2동,방문성 검토,관찰 필요,0.30349401822765365,0.30349401822765365,-1.7818092143107018,126766.09,4225.5363333333335,30,0.22829574303461747,605.63,0.0849053694097855,0.0363774008131221,556,0.19485203022354008,41.63857219229528,0.01628164124964334,0.3206942803079278,0.06449477143295972,0.6108184767708779,0.14398448354761118,0.24519703968151105,8803.828843502233,555271.37,187044.0,445168.0,5278358.99,1116026959.52,24700.63,2063.96,40653.16,8175.75,77431.07,18252.35,31082.67,82133,30,11530,1025572.0,구로구,고척2동,1117062,7133.0,75.83,183.64999999999998,매칭,0.0,불명확,0.0,0.0,0.0,0.0,0.0,1.0,0.30349401822765365
11560710,영등포구,대림2동,2030 자취/거주성 높음,관찰 필요,0.2928163567398543,1.8037640922552263,2.15849676502196,125021.19,4167.3730000000005,30,0.32361556265939573,2217.17,0.34535358255451715,0.0662165109034268,567,0.21703312854404921,40.74584604417859,0.02986517725515171,0.27087104194097017,0.08471195962860377,0.6190297020849026,0.1392845484833411,0.24168574943175633,9061.319201648936,386326.26,191201.0,443357.0,5094094.16,1132856909.56,27133.74,3733.78,33864.62,10590.79,77391.83,17413.52,30215.84,72167,30,11560,572540.0,영등포구,대림2동,1119071,6420.0,338.14,86.97,매칭,2.15849676502196,생활 밀착형,0.0,0.0,0.0,0.0,0.0,1.0,0.2928163567398543
11710531,송파구,거여1동,방문성 검토,관찰 필요,0.2823085501401139,0.2823085501401139,-1.7719495762130408,136406.64,4546.888000000001,30,0.23290165871521512,460.37,0.13112218741099402,0.036553688407861,582,0.17724100527657596,39.5933245624993,0.020380239554320813,0.33863072941317224,0.06630945531683793,0.6084355570960475,0.14464046618258464,0.2469239767213678,8426.705134002274,585683.42,212545.0,443931.0,5400792.37,1149458533.6,24176.85,2780.0,46191.48,9045.05,82994.65,19729.92,33682.07,96812,30,11710,522308.0,송파구,거여1동,1124053,3511.0,59.92999999999999,68.41,매칭,0.0,불명확,0.0,0.0,0.0,0.0,0.0,1.0,0.2823085501401139
11290725,성북구,월곡2동,2030 자취/거주성 높음,관찰 필요,0.2820356546958762,1.3921317306918668,1.5858515371371296,353860.04,11795.334666666666,30,0.32025661796252425,2072.13,0.3045011021307862,0.05730639235855989,616,0.13514085964609057,40.79062741868226,0.02254476091733896,0.3703822279565673,0.059385710802496945,0.672105954659362,0.13272165458411184,0.19517239075652626,8112.9686817420825,1104926.55,204009.0,455962.0,14434173.05,2870855422.2400002,47820.95,7977.6900000000005,131063.47,21014.23,237831.44,46964.89,69063.71,171203,30,11290,1364901.0,성북구,월곡2동,1108072,6805.0,234.56,155.41,매칭,1.5858515371371296,생활 밀착형,0.0,0.0,0.0,0.0,0.0,1.0,0.2820356546958762
11545680,금천구,시흥2동,방문성 검토,관찰 필요,-0.218703304845681,-0.218703304845681,-3.2051335917907533,124563.15,4152.105,30,0.1905109559382672,246.06,0.04986018237082067,0.028897669706180348,522,0.20357513437962993,40.71108566217217,0.023143602261182384,0.32912895988902013,0.07132293940864534,0.6079868725220902,0.13598668627118052,0.2560264412067293,8423.175419054513,653837.2,192906.0,439058.0,5071101.07,1049217263.2,25357.96,2882.84,40997.34,8884.210000000001,75732.76,16938.93,31891.46,78303,30,11545,1308882.0,금천구,시흥2동,1118058,4935.0,18.78,123.83,매칭,0.0,목적 방문형,0.0,0.0,0.0,0.0,0.0,1.0,0.281296695154319
11710510,송파구,풍납1동,방문성 검토,관찰 필요,0.27984561429005533,0.27984561429005533,-1.8613131484443055,111223.12,3707.4373333333333,30,0.2463686507720889,537.01,0.13113797313797312,0.026134310134310133,575,0.17577379595177695,40.01737057906665,0.018992094449427423,0.34337635915985815,0.0699976767420299,0.591543017315105,0.13894790939150065,0.2695090732933944,8476.978617934834,451449.97,210134.0,448776.0,4450856.81,942836010.0600001,19550.11,2112.36,38191.39,7785.360000000001,65793.26,15454.220000000001,29975.64,85023,30,11710,1075294.0,송파구,풍납1동,1124051,4095.0,63.89,43.129999999999995,매칭,0.0,불명확,0.0,0.0,0.0,0.0,0.0,1.0,0.27984561429005533
11530595,구로구,가리봉동,2030 자취/거주성 높음,소규모 2030 집중형,0.2762780550165822,2.1365763152368764,2.657568943171849,185656.86000000002,6188.562000000001,30,0.4295911935416492,1920.1,0.4453954998840176,0.06571097193226628,605,0.1232169390347332,43.40742954502193,0.05295371256413579,0.2408925799994678,0.061571331110522924,0.6907519603638669,0.15421891763116105,0.15502912200497196,9634.598920126085,432171.01,190099.0,442589.0,8058887.07,1788729382.8700001,22876.07,9831.22,44723.36,11431.14,128242.84,28631.8,28782.22,88206,30,11530,410996.0,구로구,가리봉동,1117070,4311.0,217.29999999999998,65.98,매칭,2.657568943171849,생활 밀착형,0.0,0.0,0.0,0.0,0.0,1.0,0.2762780550165822
11320700,도봉구,방학2동,방문성 검토,관찰 필요,-0.22745137371506385,-0.22745137371506385,-1.7226606467775203,112084.67,3736.1556666666665,30,0.197117120431608,443.51,0.09337052631578947,0.05031578947368421,523,0.20088527717483579,41.698636396931,0.017400149369222392,0.3429161186806367,0.08885720054312513,0.6026405752008728,0.13917755211305882,0.2581818726860685,8190.010695753487,568619.66,202884.0,463282.0,4673777.9,917974646.13,22516.16,1950.29,38435.64,9959.53,67546.77,15599.67,28938.23,77504,30,11320,1092814.0,도봉구,방학2동,1110056,4750.0,41.05,197.95,매칭,0.0,목적 방문형,0.0,0.0,0.0,0.0,0.0,1.0,0.27254862628493615
11740560,강동구,고덕2동,방문성 검토,관찰 필요,0.2696510510481307,0.2696510510481307,-1.7728927222548552,251175.71,8372.523666666666,30,0.23195226906302197,581.54,0.12012807271224953,0.029082834125180746,589,0.15215444200396608,39.11414758218461,0.03263563980768682,0.35053170547422763,0.055233565379391183,0.6133836747191836,0.13794462848338324,0.24867169679743317,8951.46281250683,1082876.71,214314.0,451728.0,9824523.790000001,2248390027.47,38217.5,8197.28,88045.05,13873.33,154067.08,34648.340000000004,62460.29,122655,30,11740,2206786.0,강동구,고덕2동,1125056,4841.0,52.58,88.21,매칭,0.0,불명확,0.0,0.0,0.0,0.0,0.0,1.0,0.2696510510481307
11650570,서초구,반포2동,방문성 검토,관찰 필요,0.25871684748825374,0.25871684748825374,-3.103681596894821,320339.3,10677.976666666666,30,0.21638758783114984,275.9,0.0707254550115355,0.022273775954883362,616,0.14617194955473775,42.04183682738896,0.035855169815255265,0.38218822979259803,0.05765695935528361,0.5758028752638219,0.13823661349075808,0.2859605112454201,8862.753004267663,1480395.91,199643.0,445306.0,13467652.58,2839088093.46,46824.62,11485.82,122429.91,18469.79,184452.29,44282.62,91604.39,193177,30,11650,1396031.0,서초구,반포2동,1122058,3901.0,18.02,68.87,매칭,0.0,불명확,0.0,0.0,0.0,0.0,0.0,1.0,0.25871684748825374
11470611,양천구,신월7동,방문성 검토,관찰 필요,0.24175437251208864,0.24175437251208864,-2.6762252126626773,132434.32,4414.477333333333,30,0.2197850146825309,396.31,0.07406279200149504,0.02238460100915717,561,0.19417542220173742,41.21216909634904,0.019876569759258778,0.3215072195787315,0.07600945132651415,0.6136876000118399,0.13941733532516343,0.2468950646629967,8905.34775313529,602563.01,185025.0,446632.0,5457905.59,1179373674.05,25715.489999999998,2632.34,42578.59,10066.26,81273.3,18463.64,32697.38,89809,30,11470,1230628.0,양천구,신월7동,1115063,5351.0,37.42,82.36,매칭,0.0,불명확,0.0,0.0,0.0,0.0,0.0,1.0,0.24175437251208864
11560670,영등포구,신길5동,방문성 검토,관찰 필요,-0.2585236832566432,-0.2585236832566432,-0.7441389623412151,80263.2,2675.44,30,0.23278783027015595,686.49,0.19502556818181818,0.04271875,519,0.1825629927538399,37.65484904663657,0.03173708499038165,0.3076236681318462,0.08062088229724208,0.6113267350417128,0.1346366703545336,0.25403659460375366,7714.286399121889,344791.22,191645.0,444615.0,3022298.68,619173312.11,14653.09,2547.32,24690.86,6470.89,49067.04,10806.37,20389.79,60236,30,11560,494653.0,영등포구,신길5동,1119067,3520.0,103.9,46.47,매칭,0.0,목적 방문형,0.0,0.0,0.0,0.0,0.0,1.0,0.2414763167433568
11470600,양천구,신월5동,방문성 검토,관찰 필요,0.23617470877911273,0.23617470877911273,-2.0697786644811673,107047.02,3568.234,30,0.24075904296909484,460.97,0.11404502721425037,0.02917615042058387,536,0.19347413874762695,40.68242413474004,0.02310750920483354,0.31959329647850077,0.07058337541764356,0.6106003698187955,0.13676363900648517,0.2526359911747193,9207.375467247943,444623.05,184926.0,449057.0,4354932.27,985622105.79,20710.829999999998,2473.59,34211.51,7555.74,65362.95,14640.14,27043.93,69138,30,11470,638302.0,양천구,신월5동,1115061,4042.0,57.8,60.13,매칭,0.0,불명확,0.0,0.0,0.0,0.0,0.0,1.0,0.23617470877911273
11320670,도봉구,쌍문2동,방문성 검토,관찰 필요,0.23526925401375182,0.23526925401375182,-1.2890737994831525,189675.13,6322.504333333333,30,0.22825490397518022,640.91,0.1244727131481841,0.042932608273451155,596,0.1607217034726693,38.95419526007442,0.020770408856448392,0.35232173031857156,0.06386625384150257,0.6106723111248165,0.1440639582005295,0.24526373067465407,7969.3832666939525,830979.43,203258.0,461942.0,7388642.05,1511593807.13,30484.91,3939.63,66826.67,12113.84,115829.35,27325.35,46520.43,120694,30,11320,541193.0,도봉구,쌍문2동,1110052,5149.0,81.03,140.03,매칭,0.0,불명확,0.0,0.0,0.0,0.0,0.0,1.0,0.23526925401375182
11530530,구로구,구로2동,방문성 검토,관찰 필요,0.23307572603095322,0.5969154449204549,0.5197710269850024,347669.24,11588.974666666667,30,0.25573649428362183,1802.74,0.19873663322676663,0.04928673795612391,629,0.1295648415718342,40.50136235808494,0.0584257324576658,0.3009595844602186,0.07333032971222879,0.6750542555907448,0.14926785009798396,0.17567789431127126,8891.640354320676,1359482.31,189381.0,444164.0,14081077.87,3091349844.34,45045.71,20312.83,104634.39,25494.7,234695.6,51895.840000000004,61077.8,186663,30,11530,1703350.0,구로구,구로2동,1117071,9071.0,204.68,242.4,매칭,0.5197710269850024,생활 밀착형,0.0,0.0,0.0,0.0,0.0,1.0,0.23307572603095322
11560630,영등포구,신길1동,2030 자취/거주성 높음,관찰 필요,0.21277334910956736,2.588700768260424,3.3941820273583665,251509.88,8383.662666666667,30,0.34051819715979176,3298.0,0.445735910258143,0.07098256521151508,627,0.21152262487660523,39.81322809266975,0.021412240346184414,0.3023443055199263,0.06872346326911691,0.6095216219736576,0.14151571302089602,0.2489626650054463,8773.322032080807,738609.22,192881.0,445887.0,10013420.219999999,2206577171.49,53200.03,5385.39,76042.58,17284.63,153300.71,35592.6,62616.57,129723,30,11560,722925.0,영등포구,신길1동,1119063,7399.0,366.8,158.4,매칭,3.3941820273583665,불명확,0.0,0.0,0.0,0.0,0.0,1.0,0.21277334910956736
11530760,구로구,개봉3동,방문성 검토,관찰 필요,0.1992716617031164,0.1992716617031164,-2.3589013818087627,159456.34,5315.211333333334,30,0.216362841948418,465.44,0.08598559024570479,0.024723813042675045,576,0.18170735638357183,40.96247718968089,0.0214074899749988,0.3307401261059924,0.07280406661785915,0.6174857644418529,0.13297207248078063,0.2495421630773665,8477.653224638168,736985.79,186930.0,443020.0,6531726.69,1351815554.99,28974.39,3413.56,52738.61,11609.07,98462.02,21203.24,39791.08,91257,30,11530,828418.0,구로구,개봉3동,1117065,5413.0,74.68,59.15,매칭,0.0,생활 밀착형,0.0,0.0,0.0,0.0,0.0,1.0,0.1992716617031164
11110680,종로구,창신2동,방문성 검토,관찰 필요,-0.30277329285858523,-0.30277329285858523,-1.2709678903794643,59225.64,1974.1879999999999,30,0.23976157289988742,477.93,0.1600033478406428,0.04716103113491798,515,0.1863789061629389,43.4525474102095,0.020809568288329177,0.3360851820258928,0.08810643498322686,0.5712167905657077,0.13251541055529328,0.29626779887899907,6678.932727784791,247018.9,200900.0,452942.0,2573504.93,395564065.32,11038.41,1232.46,19904.86,5218.16,33830.68,7848.31,17546.65,47054,30,11110,257323.0,종로구,창신2동,1101068,2987.0,41.52,99.35,매칭,0.0,목적 방문형,0.0,0.0,0.0,0.0,0.0,1.0,0.19722670714141477
11305535,강북구,미아동,2030 자취/거주성 높음,관찰 필요,0.19630796099972203,1.302260924642186,1.57993280520352,259618.89,8653.963,30,0.28024512150980424,2083.0,0.30777186761229314,0.0559589243498818,603,0.17834122162682384,38.65876300449478,0.021722610400190835,0.32129784546879464,0.09181446696733045,0.6247421749626924,0.13974129540419802,0.2355165296331095,7167.56613677071,926399.32,202329.0,458782.0,10036545.14,1860835564.43,46300.75,5639.6,83414.99,23836.77,162194.87,36279.479999999996,61144.54,127036,30,11305,841204.0,강북구,미아동,1109070,6768.0,217.18,161.55,매칭,1.57993280520352,생활 밀착형,0.0,0.0,0.0,0.0,0.0,1.0,0.19630796099972203
11680750,강남구,수서동,방문성 검토,관찰 필요,0.16880914884805653,0.16880914884805653,-2.1151523188471915,386544.12,12884.804,30,0.26916968547968206,487.29,0.12939192777482741,0.020775358470525758,642,0.07982840354679306,48.92377591980962,0.0758132862039138,0.3520836120854717,0.04871557740937826,0.6481304385124265,0.1568159412177839,0.19505362026978965,18927.32738017073,1436061.12,208857.0,443057.0,18911197.91,7316247106.12,30857.2,29305.18,136095.85,18830.72,250531.01,60616.28,75396.83,215272,30,11680,1629403.0,강남구,수서동,1123075,3766.0,35.68,42.56,매칭,0.0,생활 밀착형,0.0,0.0,0.0,0.0,0.0,1.0,0.16880914884805653
11170690,용산구,서빙고동,방문성 검토,관찰 필요,0.1660226140867545,0.1660226140867545,-1.4891526205089387,246314.63,8210.487666666666,30,0.28283015539956663,511.44,0.17557157569515963,0.03124957088911775,627,0.08966885158222229,46.56516902792173,0.031631332657747535,0.5194749495797306,0.06128308334750559,0.5022662275480754,0.12354292556637825,0.3741908468855464,10875.433932893064,870892.39,199020.0,446683.0,11469682.38,2678778485.27,22086.75,7791.26,127954.28,15094.92,123715.52,30430.43,92168.68000000001,152465,30,11170,2821948.0,용산구,서빙고동,1103069,2913.0,34.14,56.89,매칭,0.0,불명확,0.0,0.0,0.0,0.0,0.0,1.0,0.1660226140867545
11200550,성동구,사근동,2030 자취/거주성 높음,생활권형,0.1534281457956257,4.120512232335742,5.6672629807715955,953901.58,31796.71933333333,30,0.5354944398798906,5260.51,0.5871760241098337,0.10307958477508651,631,0.10515096326813926,36.03966711114998,0.021327986478437325,0.4470656186563817,0.042219313652882305,0.7007513919832274,0.1378387170718388,0.16140989094493374,6537.930744333184,1781347.31,204011.0,450956.0,34378295.4,6236542466.95,100303.67,20344.8,426456.6,40273.07,668447.86,131484.57,153969.15,223884,30,11200,1169216.0,성동구,사근동,1104055,8959.0,774.93,148.56,매칭,5.6672629807715955,생활 밀착형,0.0,0.0,0.0,0.0,0.0,1.0,0.1534281457956257
11500603,강서구,가양1동,2030 자취/거주성 높음,광역 목적지형,0.14747143098790438,3.342796069288134,4.564749483286043,1494473.47,49815.78233333333,30,0.4554061185484765,6618.32,0.5369398020444588,0.06227567742982314,643,0.09715150714585787,41.33921093293145,0.06898120446393739,0.3216710899525035,0.044356779381302766,0.6539954168607623,0.15121241998360802,0.19479216315562967,10697.123065677439,3281628.0,185397.0,452470.0,61780354.01,15986566626.98,145190.35,103090.58,480728.91,66290.03,977378.8,225982.95,291111.72000000003,329942,30,11500,4970691.0,강서구,가양1동,1116064,12326.0,545.46,222.15,매칭,4.564749483286043,생활 밀착형,0.0,0.0,0.0,0.0,0.0,1.0,0.14747143098790438
11350570,노원구,월계2동,방문성 검토,관찰 필요,0.13941422312867935,0.13941422312867935,-2.1291431161992076,218145.19,7271.506333333334,30,0.23872192151363653,567.83,0.08862650226314969,0.024360855314499764,578,0.14638049090149546,42.952135135319736,0.020980613874640095,0.36112971365538704,0.06363789180957874,0.6727973236540306,0.1330838878455216,0.1941187885004478,8394.20611708193,913804.6,204528.0,459375.0,9369801.68,1831155688.31,31932.2,4576.82,78778.71,13882.3,146767.5,29031.61,42346.08,134477,30,11350,2004785.0,노원구,월계2동,1111052,6407.0,66.81,89.27,매칭,0.0,생활 밀착형,0.0,0.0,0.0,0.0,0.0,1.0,0.13941422312867935
11650620,서초구,방배3동,방문성 검토,관찰 필요,0.1370057709235939,0.1370057709235939,-2.386977639177756,218792.44,7293.0813333333335,30,0.25542394204487334,470.9,0.09374875572367111,0.020999402747362134,597,0.12529025225917312,43.70962790121999,0.040080543916416855,0.36525009730683566,0.04096654345095287,0.6374095009864144,0.14040087491140005,0.22218962410218562,10398.43402418292,856585.48,199816.0,441660.0,9563336.14,2275098752.33,27412.56,8769.32,79913.96,8963.17,139460.38,30718.65,48613.41,140039,30,11650,2375134.0,서초구,방배3동,1122064,5023.0,33.56,71.92,매칭,0.0,생활 밀착형,0.0,0.0,0.0,0.0,0.0,1.0,0.1370057709235939
11470550,양천구,목5동,방문성 검토,관찰 필요,0.1331422952373006,0.1331422952373006,-3.3668375993026305,394768.97000000003,13158.965666666667,30,0.19172449790410392,314.94,0.04211553891414817,0.013562449852901845,616,0.15036544032323512,35.3390367535726,0.040355020811286155,0.3816942349850851,0.06383275260970991,0.6046193296296819,0.1397260276054625,0.2556546427648556,7797.364220166543,2059042.92,189384.0,448512.0,13950755.14,3078157441.91,59359.61,15930.91,150681.04,25199.19,238684.95,55159.5,100924.52,205509,30,11470,1766361.0,양천구,목5동,1115071,7478.0,28.22,73.2,매칭,0.0,불명확,0.0,0.0,0.0,0.0,0.0,1.0,0.1331422952373006
11545700,금천구,시흥4동,방문성 검토,관찰 필요,0.12764512111562953,0.12764512111562953,-1.8377352049239961,107801.76,3593.392,30,0.20999744091712294,448.22,0.08115516929205142,0.04852616331703784,534,0.21222640520896877,42.56051506023649,0.012605081772319858,0.3121520464972001,0.07270335846093792,0.6139423883246433,0.1385963457368414,0.24746126593851528,8489.021617179535,513347.97,191976.0,440076.0,4588098.43,915131471.01,22878.38,1358.85,33650.54,7837.549999999999,66184.06999999999,14940.93,26676.76,68672,30,11545,821709.0,금천구,시흥4동,1118060,5523.0,38.949999999999996,229.06,매칭,0.0,불명확,0.0,0.0,0.0,0.0,0.0,1.0,0.12764512111562953
11440600,마포구,대흥동,2030 자취/거주성 높음,관찰 필요,0.12535694145541587,2.898383264886679,3.9614661763303767,771617.7,25720.59,30,0.4449127837860479,3682.0,0.4832020997375328,0.07869553805774279,635,0.10155446149045053,37.63511824573231,0.026011689467465564,0.4292520376346992,0.044157618468316624,0.6566086029389944,0.14240812516353632,0.20098327189746945,7409.504112476943,1734312.27,194833.0,450283.0,29039923.38,5717304521.41,78361.22,20071.08,331218.47000000003,34072.799999999996,506650.82,109884.63,155082.25,235391,30,11440,858570.0,마포구,대흥동,1114060,7620.0,413.42,186.24,매칭,3.9614661763303767,생활 밀착형,0.0,0.0,0.0,0.0,0.0,1.0,0.12535694145541587
11305608,강북구,번3동,방문성 검토,관찰 필요,-0.37575755478034056,-0.37575755478034056,-3.0592796412587213,108092.35,3603.0783333333334,30,0.2003050931035227,258.17,0.0646232790988736,0.02863329161451815,540,0.18238487737568845,42.003214936117125,0.020800361912753307,0.3361786472400683,0.08939911103792267,0.6019446334546339,0.13799662973374158,0.2600587368116245,7538.464064015631,539638.55,203724.0,458233.0,4540226.21,814850296.07,19714.41,2248.36,36338.34,9663.36,65065.61,14916.380000000001,28110.36,86712,30,11305,1081177.0,강북구,번3동,1109062,3995.0,29.240000000000002,85.15,매칭,0.0,목적 방문형,0.0,0.0,0.0,0.0,0.0,1.0,0.12424244521965944
11110600,종로구,가회동,2030 자취/거주성 높음,소규모 2030 집중형,0.11405224628244498,0.515619483593684,0.5736674818731987,249330.58,8311.019333333334,30,0.38915032136627725,379.88,0.3556928838951311,0.07855805243445693,619,0.027085125298308775,53.19561563607641,0.06957128965087235,0.5224264107515413,0.03241255043805698,0.5543600788960584,0.14463075487972638,0.30100916622421525,11152.543565374132,640705.06,198812.0,453662.0,13263293.7,2780670155.63,6753.15,17346.25,130256.88,8081.44,138218.92,36060.87,75050.79,127663,30,11110,539955.0,종로구,가회동,1101060,1068.0,25.34,58.56,매칭,0.5736674818731987,불명확,0.0,0.0,0.0,0.0,0.0,1.0,0.11405224628244498
11710561,송파구,방이1동,방문성 검토,관찰 필요,0.10758057720120096,0.10758057720120096,-1.1459100147821542,226514.96,7550.498666666666,30,0.23078268808904473,701.84,0.15662575318009372,0.03598527114483374,604,0.1402476904836661,40.10587737781204,0.024603893711920836,0.38051835516735855,0.05020957556180837,0.5896346095639776,0.14634998059289328,0.26401540984312916,8710.324663148078,981507.59,210827.0,445605.0,9084581.209999999,1973018842.66,31768.2,5573.15,86193.1,11373.22,133561.06,33150.46,59803.44,139790,30,11710,609259.0,송파구,방이1동,1124057,4481.0,62.17,99.08000000000001,매칭,0.0,불명확,0.0,0.0,0.0,0.0,0.0,1.0,0.10758057720120096
11650660,서초구,내곡동,방문성 검토,관찰 필요,0.101295615488872,0.101295615488872,-1.7420436017587835,312356.46,10411.882000000001,30,0.29183824402649555,573.5,0.12238583013230901,0.030328638497652584,602,0.07724764200490682,40.102488451815596,0.12342264347598253,0.334667514159944,0.062330582181652334,0.6839920006776873,0.1511589995609503,0.16484899976136239,10272.367618617523,1070306.81,206249.0,439607.0,12526271.33,3208640385.17,24128.8,38551.86,104535.56,19469.36,213649.32,47215.49,51491.65,148666,30,11650,12708880.0,서초구,내곡동,1122068,4686.0,35.230000000000004,106.89,매칭,0.0,생활 밀착형,0.0,0.0,0.0,0.0,0.0,1.0,0.101295615488872
11320522,도봉구,도봉2동,방문성 검토,관찰 필요,0.06469102772588764,0.06469102772588764,-2.0764479663773336,213257.33,7108.577666666666,30,0.20299618544012715,567.39,0.08595515830934707,0.027218603241933044,593,0.16666981622624646,41.63721551798478,0.02308563086670925,0.3435257301589587,0.07486828237041138,0.6137423271687777,0.14236031183547126,0.24389736099575102,9851.614552240713,1050548.46,204208.0,464622.0,8879441.41,2100929015.6,35543.56,4923.18,73259.38,15966.210000000001,130885.05,30359.38,52012.9,124883,30,11320,1119031.0,도봉구,도봉2동,1110065,6601.0,77.63,102.04,매칭,0.0,불명확,0.0,0.0,0.0,0.0,0.0,1.0,0.06469102772588764
11740550,강동구,고덕1동,방문성 검토,관찰 필요,-0.4373548560438756,-0.4373548560438756,-3.59998626995331,144047.68,4801.589333333333,30,0.16737768177816917,227.1,0.054512722035525686,0.01542246759481517,540,0.19517454220713587,38.57822590408954,0.02595022703593699,0.33713212180855673,0.07913831031502903,0.6099263105105199,0.13379188057731997,0.25628180891216024,8213.085633590212,860614.62,213336.0,451364.0,5557103.94,1183075931.16,28114.44,3738.0699999999997,48563.1,11399.69,87858.47,19272.41,36916.8,98052,30,11740,1518495.0,강동구,고덕1동,1125055,4166.0,18.41,45.84,매칭,0.0,목적 방문형,0.0,0.0,0.0,0.0,0.0,1.0,0.06264514395612442
11680720,강남구,일원본동,방문성 검토,관찰 필요,0.05873701196426769,0.05873701196426769,-3.1555377758223426,270321.2,9010.706666666667,30,0.22719949856304858,289.73,0.05644457432300799,0.021864406779661016,634,0.12318330933718849,43.12009842365305,0.08564925725396307,0.3489042664800245,0.0627365519241554,0.6455691969405285,0.14684804595422038,0.2075827571052511,12305.200526410803,1189796.64,207478.0,442544.0,11656276.75,3326356572.54,33299.06,23152.81,94316.22,16959.02,174511.04,39696.14,56114.020000000004,179644,30,11680,2354625.0,강남구,일원본동,1123072,5133.0,16.47,95.75999999999999,매칭,0.0,생활 밀착형,0.0,0.0,0.0,0.0,0.0,1.0,0.05873701196426769
11470680,양천구,신정7동,방문성 검토,관찰 필요,0.05746109905100116,0.05746109905100116,-3.182548740601444,222616.78,7420.559333333334,30,0.19091459447325212,329.82,0.0521042654028436,0.016197472353870458,593,0.1747485072778431,37.99568388330835,0.022921857013653686,0.3608619709619374,0.0631796039813351,0.5898432723714718,0.13558838646394938,0.27456834116457884,8048.540700256289,1166054.28,188100.0,445609.0,8458476.8,1791740214.39,38901.95,5102.79,80333.93000000001,14064.84,131309.01,30184.25,61123.52,144335,30,11470,1234130.0,양천구,신정7동,1115070,6330.0,29.439999999999998,73.09,매칭,0.0,불명확,0.0,0.0,0.0,0.0,0.0,1.0,0.05746109905100116
11290575,성북구,동선동,2030 자취/거주성 높음,관찰 필요,0.040094627201698874,3.6261313180301817,5.122909558326405,614067.7,20468.923333333332,30,0.45459071007124624,4806.8,0.6025824244703523,0.0812022063432368,631,0.15456551451900175,39.23419494300059,0.014796511850403466,0.3978033692376264,0.054443996972972204,0.6238030106452432,0.14307665099467046,0.2331203383600864,6857.071766826362,1350814.45,201635.0,454898.0,24092451.85,4210706288.59,94913.69,9086.06,244278.19999999998,33432.3,383057.28,87858.75,143151.67,200410,30,11290,724957.0,성북구,동선동,1108083,7977.0,522.1,125.65,매칭,5.122909558326405,생활 밀착형,0.0,0.0,0.0,0.0,0.0,1.0,0.040094627201698874
11710720,송파구,잠실7동,방문성 검토,관찰 필요,0.03670666574058428,0.03670666574058428,-3.2383137885203186,146147.69,4871.589666666667,30,0.2740680460861658,193.35,0.1023015873015873,0.02417989417989418,596,0.11772372180497687,44.09264265483772,0.04852399651338998,0.3778154139829374,0.056642496367886486,0.567885609413327,0.12306448360559102,0.3090499069810819,10759.184278246204,533253.3,206533.0,445319.0,6444037.87,1572429928.55,17205.05,7091.67,55216.85,8278.17,82995.17,17985.59,45166.93,101269,30,11710,723486.0,송파구,잠실7동,1124078,1890.0,16.13,29.57,매칭,0.0,불명확,0.0,0.0,0.0,0.0,0.0,1.0,0.03670666574058428
11110580,종로구,교남동,방문성 검토,관찰 필요,0.03443576612498503,0.03443576612498503,-2.569219593111443,177139.49,5904.649666666666,30,0.27240598752360373,289.85,0.14956140350877195,0.020283797729618164,606,0.10840394764600485,41.222917148513865,0.06088885092759384,0.3777394300954576,0.05740888155430503,0.6550367171092115,0.14509796770895075,0.19986531518183778,8831.518391805237,650277.52,196830.0,452392.0,7302206.52,1564410663.85,19202.62,10785.82,66912.57,10169.38,116032.87,25702.58,35404.04,123517,30,11110,346926.0,종로구,교남동,1101058,1938.0,25.36,13.950000000000001,매칭,0.0,생활 밀착형,0.0,0.0,0.0,0.0,0.0,1.0,0.03443576612498503
11305603,강북구,번2동,방문성 검토,관찰 필요,0.012578531673258952,0.012578531673258952,-2.0009539288992015,110010.33,3667.011,30,0.2177468989765689,431.53,0.10644548593981253,0.03689935865811544,546,0.19218722459972623,41.16608485766746,0.02292793776729876,0.308514845833114,0.08950841252816895,0.6286111495165954,0.14049326095103976,0.23089558953236483,7331.89214958268,505221.11,203067.0,458876.0,4528694.58,806583874.9,21142.58,2522.31,33939.82,9846.85,69153.72,15455.71,25400.9,88649,30,11305,974298.0,강북구,번2동,1109061,4054.0,45.33,104.25999999999999,매칭,0.0,생활 밀착형,0.0,0.0,0.0,0.0,0.0,1.0,0.012578531673258952
11470590,양천구,신월4동,방문성 검토,관찰 필요,0.0022913732922635877,0.0022913732922635877,-2.956240838731201,79486.9,2649.563333333333,30,0.22761927583492195,274.17,0.05877170418006431,0.03165487674169346,505,0.21140703688280713,39.28637901339718,0.014553844721583054,0.32776608472591084,0.06339484871091967,0.6106625116843153,0.14039105814920447,0.24894643016648027,8577.908022957243,349209.88,185843.0,446975.0,3122752.48,681831317.23,16804.09,1156.84,26053.11,5039.06,48539.67,11159.25,19787.98,56444,30,11470,469873.0,양천구,신월4동,1115060,4665.0,26.57,121.1,매칭,0.0,불명확,0.0,0.0,0.0,0.0,0.0,1.0,0.0022913732922635877
11230545,동대문구,제기동,2030 자취/거주성 높음,관찰 필요,-0.008634110826741148,1.5901830557706804,2.2840245237106025,474308.23,15810.274333333333,30,0.29732273949985794,3021.4900000000002,0.33479113573407204,0.06029141274238227,629,0.15329238541781154,36.451545717433575,0.02876848668638957,0.3675309829643901,0.08759904925115888,0.6522823565595731,0.13738599897370535,0.21033164446672156,6340.669279510499,1595263.89,203288.0,453800.0,17289268.13,3007431622.98,72707.84,13645.130000000001,174322.97,41548.95,309382.89,65163.31,99762.03,224285,30,11230,1181705.0,동대문구,제기동,1106082,9025.0,312.13,232.0,매칭,2.2840245237106025,생활 밀착형,0.0,0.0,0.0,0.0,0.0,1.0,-0.008634110826741148
11680640,강남구,역삼1동,2030 자취/거주성 높음,광역 목적지형,-0.008653162489332011,4.22043248339269,6.041550922688604,3872521.22,129084.04066666667,30,0.5215861596431783,10964.09,0.6298305376838236,0.07389016544117646,654,0.06482117869453533,48.035562439087165,0.05091426974801703,0.3399818916938046,0.038422056729233364,0.6691129584049121,0.16310134512316501,0.16778569647192276,11366.268386260774,7424509.16,203139.0,444598.0,186018734.86,44016115518.01,251021.38999999998,197166.59,1316587.09,148790.23,2591154.13,631613.42,649753.67,710018,30,11680,2362133.0,강남구,역삼1동,1123064,17408.0,872.37,413.91,매칭,6.041550922688604,생활 밀착형,0.0,0.0,0.0,0.0,0.0,1.0,-0.008653162489332011
11545710,금천구,시흥5동,방문성 검토,관찰 필요,-0.02134402372289268,-0.02134402372289268,-1.326778110293933,128029.4,4267.6466666666665,30,0.2167524143213628,571.56,0.11358505564387916,0.049439586645469005,551,0.18313621715012335,40.40839572785626,0.018768735930965855,0.3429581018109903,0.07061963892668402,0.6099412322482181,0.14169643847428795,0.24836232927749408,8729.056305036187,590671.16,192245.0,438677.0,5173462.66,1117575841.3,23446.82,2402.95,43908.72,9041.39,78090.41,18141.31,31797.68,72636,30,11545,1386972.0,금천구,시흥5동,1118061,5032.0,58.730000000000004,190.05,매칭,0.0,불명확,0.0,0.0,0.0,0.0,0.0,1.0,-0.02134402372289268
11110560,종로구,평창동,방문성 검토,관찰 필요,-0.03649920821946662,-0.03649920821946662,-2.1581903653145966,161333.12,5377.770666666666,30,0.2120065922222931,452.1,0.10989304812834225,0.02762032085561497,587,0.16433674623040823,41.57658681614785,0.03629137030263842,0.3638071959433996,0.07057558919086174,0.6160991617840156,0.13248947271335235,0.2514113655026321,8570.82973186163,760981.62,197186.0,457344.0,6707680.47,1382758701.63,26512.96,5855.0,58694.15,11386.18,99397.2,21374.94,40560.98,115215,30,11110,8947328.0,종로구,평창동,1101056,4114.0,28.79,84.84,매칭,0.0,생활 밀착형,0.0,0.0,0.0,0.0,0.0,1.0,-0.03649920821946662
11620715,관악구,난향동,방문성 검토,관찰 필요,-0.053850902668704514,-0.053850902668704514,-2.404504859488405,97058.74,3235.2913333333336,30,0.2422597250159177,345.01,0.09354934924078091,0.034170281995661606,534,0.17610572731523197,43.642000194933495,0.03682161956769684,0.3214006281144799,0.049816121659935,0.6482105578539346,0.15290462249973572,0.19888481964632962,9694.497011294397,400639.19,192792.0,440235.0,4235837.55,940935664.85,17092.6,3573.86,31194.739999999998,4835.09,62914.5,14840.73,19303.51,70130,30,11620,821397.0,관악구,난향동,1121071,3688.0,30.740000000000002,95.28,매칭,0.0,생활 밀착형,0.0,0.0,0.0,0.0,0.0,1.0,-0.053850902668704514
11110650,종로구,혜화동,2030 자취/거주성 높음,광역 목적지형,-0.05612242335492379,3.3800674063553493,4.908842613871819,734962.52,24498.750666666667,30,0.4733298302563619,5754.97,0.561241466744685,0.0757284961966062,638,0.11247547698078535,44.34840969849728,0.016853539687983,0.4675007237103737,0.040085445445571834,0.6076857769563542,0.14317584521180754,0.24913837783183826,8653.926619088004,1552749.21,199773.0,454212.0,32594418.95,6360311715.86,82665.26,12386.720000000001,343595.51,29461.3,446626.27,105228.88,183107.37,224935,30,11110,1132421.0,종로구,혜화동,1101073,10254.0,574.86,201.66,매칭,4.908842613871819,불명확,0.0,0.0,0.0,0.0,0.0,1.0,-0.05612242335492379
11320681,도봉구,쌍문4동,방문성 검토,관찰 필요,-0.10439194093731796,-0.10439194093731796,-3.007931715656809,107032.42,3567.7473333333332,30,0.19353361020387813,309.43,0.06684597105206308,0.022052279109958953,524,0.21389939608952127,41.251337772237605,0.022075180585471203,0.31207282802724634,0.08145027459904204,0.6141879254902394,0.13751992153405482,0.2482921529757059,8482.053967947282,553043.06,202684.0,461755.0,4415230.51,907854762.76,22894.17,2362.7599999999998,33401.91,8717.82,65738.02,14719.09,26575.31,78483,30,11320,554868.0,도봉구,쌍문4동,1110054,4629.0,31.33,70.75,매칭,0.0,불명확,0.0,0.0,0.0,0.0,0.0,1.0,-0.10439194093731796
11110700,종로구,숭인1동,방문성 검토,관찰 필요,-0.1329221476915985,-0.1329221476915985,-0.3680341338776378,81539.77,2717.9923333333336,30,0.23875893609959503,508.03999999999996,0.2659895287958115,0.05208376963350785,563,0.1688533092501978,38.67190133109279,0.02831219661276945,0.34519032859670806,0.08946677185868933,0.6083230305898581,0.14098396402148303,0.2506930053886588,6408.331672630423,341515.05,201492.0,453071.0,3153297.94,522533890.67,13768.26,2308.57,28146.74,7295.1,49602.52,11495.800000000001,20441.45,71748,30,11110,239396.0,종로구,숭인1동,1101070,1910.0,54.42,45.06,매칭,0.0,불명확,0.0,0.0,0.0,0.0,0.0,1.0,-0.1329221476915985
11305595,강북구,번1동,2030 자취/거주성 높음,관찰 필요,-0.13838181299717123,1.34425099869098,2.1180468738402163,321043.76,10701.458666666667,30,0.2973261317732427,2096.36,0.35085523012552305,0.06561673640167363,613,0.15566927698579158,38.329337315261945,0.019356395526890165,0.3609278685248391,0.07727111718352662,0.6083829195122809,0.14298461991598901,0.24863246057173014,6976.45942833463,1079769.74,202702.0,459772.0,12305394.57,2239748766.36,49976.65,6214.25,115873.64,24807.41,195317.54,45904.32,79821.9,154930,30,11305,627036.0,강북구,번1동,1109060,5975.0,264.49,127.57,매칭,2.1180468738402163,불명확,0.0,0.0,0.0,0.0,0.0,1.0,-0.13838181299717123
11470620,양천구,신정1동,방문성 검토,관찰 필요,-0.16066233545003583,-0.16066233545003583,-3.457357464382873,148457.22,4948.574,30,0.21222387828373854,196.6,0.0549622588761532,0.027394464635169136,553,0.17089347355419965,37.482729704894105,0.024340143241265058,0.35160155902151474,0.06223678444200963,0.611251443345093,0.142745768781067,0.24600278787384,7647.392998400482,699531.18,187594.0,446612.0,5564581.85,1135310704.79,25370.37,3613.47,52197.79,9239.5,90744.69,21191.64,36520.89,95786,30,11470,747568.0,양천구,신정1동,1115064,3577.0,20.86,77.13,매칭,0.0,불명확,0.0,0.0,0.0,0.0,0.0,1.0,-0.16066233545003583
11110690,종로구,창신3동,방문성 검토,관찰 필요,-0.1879343818903917,-0.1879343818903917,-1.739986526904239,55769.43,1858.981,30,0.2620435053988938,321.28,0.16160965794768611,0.045623742454728375,517,0.17714023614729432,40.31256998681894,0.02454032612490391,0.3253111964744843,0.08720996431198956,0.6249050779253078,0.13523215137755576,0.2398627706971364,6826.687086814407,212825.08,201168.0,453267.0,2248209.05,380720447.62,9879.01,1368.6,18142.42,4863.65,34850.6,7541.82,13377.01,44665,30,11110,216835.0,종로구,창신3동,1101069,1988.0,23.63,67.07000000000001,매칭,0.0,생활 밀착형,0.0,0.0,0.0,0.0,0.0,1.0,-0.1879343818903917
11350624,노원구,중계4동,방문성 검토,관찰 필요,-0.22028474721981484,-0.22028474721981484,-2.3211277731948674,143095.93,4769.864333333333,30,0.20237870905243227,413.16999999999996,0.08757312420517167,0.03110004239084358,549,0.17783957936469613,39.88858131744208,0.021357071441514795,0.35976334197625326,0.06628217867552208,0.6007525161617107,0.1410760599550246,0.25817142388326486,8784.469225644643,707070.08,207281.0,462195.0,5707893.64,1257021793.4,25448.12,3056.11,51480.67,9484.71,85965.24,20187.41,36943.28,92437,30,11350,1519449.0,노원구,중계4동,1111064,4718.0,45.5,101.23,매칭,0.0,불명확,0.0,0.0,0.0,0.0,0.0,1.0,-0.22028474721981484
11320513,도봉구,창3동,방문성 검토,관찰 필요,-0.22176015068452148,-0.22176015068452148,-1.76949103067448,93868.73,3128.9576666666667,30,0.20828651612468319,463.13,0.13194586894586893,0.03616524216524217,533,0.1944676358143974,40.51085638422934,0.02187363139993478,0.3197172263862524,0.08907673513852804,0.6122554337317656,0.1396920998078913,0.24805246646034307,7299.791076858076,450671.18,203683.0,459743.0,3802702.64,685222117.65,18254.43,2053.25,30011.45,8361.52,57471.64,13112.72,23284.37,73934,30,11320,655485.0,도봉구,창3동,1110061,3510.0,50.63,76.31,매칭,0.0,불명확,0.0,0.0,0.0,0.0,0.0,1.0,-0.22176015068452148
11680656,강남구,도곡2동,방문성 검토,관찰 필요,-0.24028778280450075,-0.24028778280450075,-2.985202781775814,348013.11,11600.437,30,0.22721150830466602,340.12,0.05276450511945392,0.022542662116040956,604,0.10284874038222296,43.10781973127392,0.05247196003621818,0.3507185979286815,0.04893275428618193,0.6416389600954976,0.14813628716458413,0.21022475273991834,9338.346437207494,1531670.26,204335.0,442895.0,15002086.41,3249866985.87,35792.71,18260.93,122054.67,17029.24,223298.77,51553.37,73160.97,200058,30,11680,990763.0,강남구,도곡2동,1123067,6446.0,26.14,119.17,매칭,0.0,생활 밀착형,0.0,0.0,0.0,0.0,0.0,1.0,-0.24028778280450075
11560535,영등포구,영등포동,2030 자취/거주성 높음,광역 목적지형,-0.25551724382382934,3.5497790443442945,5.436137554525891,1510369.74,50345.658,30,0.4374908113212979,8242.93,0.5855185395652792,0.07428967182838471,650,0.12421241304794678,43.21668642540468,0.029883682653758674,0.3761573374742002,0.040242973882673255,0.5625627205693355,0.1441607404025454,0.29327653902811907,9900.813736906568,3452346.2,191832.0,446905.0,65273175.44,14953889469.6,187606.66999999998,45135.409999999996,568136.66,60781.77,849677.71,217736.02,442956.01,415465,30,11560,1372094.0,영등포구,영등포동,1119074,14078.0,829.67,216.18,매칭,5.436137554525891,불명확,0.0,0.0,0.0,0.0,0.0,1.0,-0.25551724382382934
11140570,중구,필동,2030 자취/거주성 높음,광역 목적지형,-0.2565337757909876,1.8087012104598061,2.950335694643991,624501.07,20816.70233333333,30,0.4159969421579325,1170.98,0.48831526271893244,0.08789824854045038,633,0.05735344856975186,43.840440097244354,0.03399616272875241,0.44515792422901695,0.02677859302947231,0.702923455359332,0.14902962456093152,0.1480469200797366,9305.188560541617,1501215.53,199450.0,450816.0,27378401.75,5811100212.61,35817.29,21230.64,278001.6,16723.26,438976.45,93069.16,92455.45999999999,245617,30,11140,1464686.0,중구,필동,1102057,2398.0,159.34,51.440000000000005,매칭,2.950335694643991,생활 밀착형,0.0,0.0,0.0,0.0,0.0,1.0,-0.2565337757909876
11170700,용산구,보광동,2030 자취/거주성 높음,관찰 필요,-0.3944643702899566,0.4307253249720142,1.1788424218028155,88618.63,2953.9543333333336,30,0.29610425757525893,1585.63,0.33537013536379023,0.044661590524534694,570,0.15475369005366027,42.72261611356438,0.0397003429188648,0.3102645572381338,0.08039618757365127,0.6136588886558052,0.14461056326418043,0.24173054808001435,8887.412776410558,299281.85,200080.0,447488.0,3786019.71,787590344.49,13714.06,3518.19,27495.22,7124.6,54381.61,12815.189999999999,21421.83,62161,30,11170,715096.0,용산구,보광동,1103070,4728.0,138.43,72.73,매칭,1.1788424218028155,불명확,0.0,0.0,0.0,0.0,0.0,1.0,-0.3944643702899566
11740540,강동구,명일2동,방문성 검토,관찰 필요,-0.4105719015627046,-0.4105719015627046,-2.540985213187013,169838.84,5661.294666666667,30,0.17629111051089882,353.77,0.09096682951915659,0.028295191565955256,561,0.17553370006530897,38.95068754591117,0.021744555014624453,0.3851293967858,0.06340139864356116,0.6000370115575447,0.1409395518716449,0.2590234365708103,7679.262498318994,963399.91,213634.0,449869.0,6615339.59,1304237034.77,29812.44,3693.07,65409.93,10768.02,101909.59,23937.01,43992.24,111604,30,11740,914329.0,강동구,명일2동,1125054,3889.0,28.19,81.85,매칭,0.0,불명확,0.0,0.0,0.0,0.0,0.0,1.0,-0.4105719015627046
11620735,관악구,대학동,2030 자취/거주성 높음,관찰 필요,-0.42100887380395857,3.9084047242758544,6.184876568685447,1045005.55,34833.51833333333,30,0.5143884059182056,8022.62,0.6625883713247439,0.08473323422530558,645,0.09999287563592366,36.05117698178732,0.023756208758891277,0.408238702655694,0.03896594616172134,0.7074119558503781,0.1401938200232525,0.15239422412636947,6910.572215372445,2031549.58,195445.0,439279.0,37673680.03,7221586318.74,104493.11,24825.37,426611.71,40719.63,739249.42,146503.32,159252.81,236537,30,11620,8405183.0,관악구,대학동,1121073,12108.0,666.72,359.23,매칭,6.184876568685447,생활 밀착형,0.0,0.0,0.0,0.0,0.0,1.0,-0.42100887380395857
11530550,구로구,구로4동,방문성 검토,관찰 필요,-0.512097533124955,0.22087731050184933,1.0471069194668634,141065.68,4702.189333333333,30,0.2245095870216466,1791.3899999999999,0.2312963202065849,0.06190445448676566,564,0.1852829121867204,39.39012699616236,0.023145317840597375,0.3018525838460496,0.07119754429284289,0.6268110003793979,0.1431861385419898,0.23000286107861245,7994.0415137827995,628328.09,190299.0,443578.0,5556595.05,1127684902.09,26137.06,3265.01,42581.04,10043.53,88421.52,20198.649999999998,32445.51,93471,30,11530,524507.0,구로구,구로4동,1117055,7745.0,182.98,296.47,매칭,1.0471069194668634,생활 밀착형,0.0,0.0,0.0,0.0,0.0,1.0,-0.512097533124955
11230710,동대문구,회기동,2030 자취/거주성 높음,관찰 필요,-0.5542362015484512,3.113226148121012,5.239231928099233,469500.54,15650.018,30,0.4598666374572513,4966.38,0.5933548387096774,0.08687455197132617,624,0.12609925858658225,34.921265692260974,0.03277365772571848,0.39970746359524956,0.05334718038875951,0.6845990209084744,0.14081146743728984,0.1745895116542358,6515.122271382265,1020949.34,204549.0,454907.0,16395553.1,3058853424.58,59203.67,15387.25,187662.87,25046.53,321419.61,66111.06,81969.87,139087,30,11230,766917.0,동대문구,회기동,1106071,8370.0,608.16,118.98,매칭,5.239231928099233,생활 밀착형,0.0,0.0,0.0,0.0,0.0,1.0,-0.5542362015484512
11290600,성북구,안암동,2030 자취/거주성 높음,관찰 필요,-0.5684442742010072,4.049472145369672,6.597023456529541,1029049.98,34301.666,30,0.529617521700603,6793.31,0.6482784616852754,0.11245347838534211,638,0.09998274330659819,33.722239944069585,0.021822292829741855,0.46226872284667847,0.0422035866518359,0.7313875949931995,0.13151480747319969,0.13709759753360085,5900.53863745277,1943005.92,202404.0,454241.0,34701870.34,6071949166.86,102887.24,22456.23,475697.62,43429.6,752634.39,135335.31,141080.28,230867,30,11290,1379571.0,성북구,안암동,1108060,10479.0,1019.64,158.76000000000002,매칭,6.597023456529541,생활 밀착형,0.0,0.0,0.0,0.0,0.0,1.0,-0.5684442742010072
11350619,노원구,중계본동,방문성 검토,관찰 필요,-0.5871407652566156,-0.5871407652566156,-3.011196263002568,152634.03,5087.801,30,0.16864176987797877,285.45,0.06073404255319149,0.02714255319148936,568,0.17084591162272267,41.019112841349994,0.026143187073026902,0.3827689670514498,0.0670016378392158,0.5897953424934138,0.14252083889811465,0.2676838186084715,8528.105336863608,905078.44,207591.0,461004.0,6260912.5,1301679085.83,26076.9,3990.34,58423.57,10226.73,90022.84,21753.53,40857.659999999996,109925,30,11350,2183234.0,노원구,중계본동,1111060,4700.0,21.259999999999998,106.31,매칭,0.0,불명확,0.0,0.0,0.0,0.0,0.0,1.0,-0.5871407652566156
11470630,양천구,신정2동,방문성 검토,관찰 필요,-0.6038913783455568,-0.6038913783455568,-3.1971357099966062,164674.32,5489.144,30,0.1936755802846607,288.71000000000004,0.07111083743842365,0.016421182266009852,574,0.14359433820646716,37.42465000007287,0.023516781487240998,0.39362876980454514,0.049770601755027746,0.6084572870864139,0.14406551063942452,0.2474772022741615,7978.773726407371,850258.56,188931.0,446665.0,6162878.79,1313899137.83,23646.3,3872.61,64820.55,8195.94,100197.29,23723.89,40753.14,115284,30,11470,525899.0,양천구,신정2동,1115065,4060.0,30.919999999999998,35.75,매칭,0.0,불명확,0.0,0.0,0.0,0.0,0.0,1.0,-0.6038913783455568
11110710,종로구,숭인2동,2030 자취/거주성 높음,관찰 필요,-1.1135766762064119,1.325462079801818,3.484341080011757,214320.97,7144.032333333334,30,0.2858979792512268,2245.24,0.5198518175503588,0.07180597360500116,618,0.17715965917847423,42.12703516599425,0.022995509958731522,0.359723222603929,0.08491203637236244,0.5898462012373311,0.1381038915604012,0.2720499072022677,8433.078756549114,749641.43,201797.0,452772.0,9028707.04,1807385619.19,37969.03,4928.42,77096.23,18198.43,126416.41,29598.56,58306.0,152801,30,11110,351906.0,종로구,숭인2동,1101071,4319.0,272.76,37.37,매칭,3.484341080011757,목적 방문형,0.0,0.0,0.0,0.0,0.0,1.0,-0.6135766762064119
11350621,노원구,중계1동,방문성 검토,관찰 필요,-0.6215123671170457,-0.6215123671170457,-3.365657550809968,202522.17,6750.7390000000005,30,0.1727668498807118,239.20999999999998,0.05320507117437722,0.02283585409252669,576,0.15160463666767937,38.43577861129969,0.02046719132033792,0.41799087971455173,0.0567200124312316,0.5919035925795185,0.13955484478563507,0.26854156263484635,7991.550908278337,1172228.18,206504.0,461171.0,7784097.29,1618466231.61,30703.3,4145.06,84652.42,11487.06,119873.6,28262.95,54385.62,139256,30,11350,623451.0,노원구,중계1동,1111061,4496.0,27.47,75.2,매칭,0.0,불명확,0.0,0.0,0.0,0.0,0.0,1.0,-0.6215123671170457
11680630,강남구,대치4동,2030 자취/거주성 높음,광역 목적지형,-0.6274586808863996,1.2290042264426182,2.6520898676128826,835538.94,27851.298,30,0.3198946818722337,2708.36,0.4111050394656952,0.05938676381299332,644,0.08298254776731291,44.184852497718424,0.06783231431439929,0.32638661939562025,0.05250496164786767,0.6686919463023472,0.16043715449096843,0.17087089920668452,10089.812746740447,2611918.82,204842.0,444679.0,36918164.82,8430431447.21,69335.15,56676.54,272708.73,43869.94,558718.16,134051.49,142769.29,332859,30,11680,701081.0,강남구,대치4동,1123063,6588.0,218.82999999999998,172.41,매칭,2.6520898676128826,생활 밀착형,0.0,0.0,0.0,0.0,0.0,1.0,-0.6274586808863996
11530540,구로구,구로3동,2030 자취/거주성 높음,광역 목적지형,-0.6343278873472249,2.928545994514562,5.089819831231124,1159163.33,38638.77766666667,30,0.44141478171984466,5585.9,0.5267232437529467,0.09355586987270155,638,0.09065108193165496,42.643306504528574,0.05435320318492131,0.2508580046264921,0.03967163971620807,0.6927150464637283,0.16694645611330716,0.14033849742296453,9080.874372984175,2626018.38,190706.0,442830.0,49430557.17,10526216577.5,105079.41,63004.24,290785.4,45985.91,802969.88,193518.21,162675.24,329052,30,11530,1040120.0,구로구,구로3동,1117054,10605.0,740.49,251.67,매칭,5.089819831231124,생활 밀착형,0.0,0.0,0.0,0.0,0.0,1.0,-0.6343278873472249
11620725,관악구,조원동,2030 자취/거주성 높음,관찰 필요,-0.6430879047651641,2.577307599347874,4.600565005875769,491759.56,16391.985333333334,30,0.38105593626571854,4192.04,0.5104773502191914,0.09114223088163663,631,0.15055109452269724,40.14438718791761,0.03009090458759968,0.33466149595546246,0.05006178222544367,0.6178455991785904,0.14888194547758257,0.23327245534382698,8955.194423205521,1290518.04,191805.0,442602.0,19741386.18,4403802469.27,74034.94,14797.49,164572.99,24618.36,303831.48,73214.12,114713.96,199879,30,11620,666607.0,관악구,조원동,1121072,8212.0,634.2,114.26,매칭,4.600565005875769,생활 밀착형,0.0,0.0,0.0,0.0,0.0,1.0,-0.6430879047651641
11710642,송파구,문정2동,2030 자취/거주성 높음,광역 목적지형,-0.643918287298129,2.2541788630966346,4.140138786278234,1144959.81,38165.327000000005,30,0.38181920862806973,4775.7300000000005,0.4995533472803348,0.06986820083682008,645,0.09135302312489028,43.48936185803762,0.06379142687986576,0.32542759732326326,0.04402732703779357,0.6579060622223936,0.15288237060478133,0.18921156717282506,10552.142422623549,2998696.2,210538.0,442424.0,49793571.49,12081778983.3,104595.54,73038.62,372601.52,50409.52,753276.0,175044.17,216639.64,341930,30,11710,2242033.0,송파구,문정2동,1124069,9560.0,481.90999999999997,186.03,매칭,4.140138786278234,생활 밀착형,0.0,0.0,0.0,0.0,0.0,1.0,-0.643918287298129
11470670,양천구,신정6동,방문성 검토,관찰 필요,-0.6485137335809621,-0.6485137335809621,-3.9420716449123434,103170.36,3439.012,30,0.17483541346134782,183.37,0.03639015677713832,0.016092478666402066,525,0.19214976084216437,37.014622416748374,0.026534849737851068,0.3333246098976489,0.06779040026612294,0.6169129389487445,0.13893079368919523,0.24415626736206017,8065.594835183283,590099.9,188487.0,446275.0,3818811.92,832130322.76,19824.16,2737.61,34389.22,6993.96,63647.13,14333.54,25189.69,81857,30,11470,940885.0,양천구,신정6동,1115069,5039.0,23.25,57.839999999999996,매칭,0.0,생활 밀착형,0.0,0.0,0.0,0.0,0.0,1.0,-0.6485137335809621
11230740,동대문구,이문1동,2030 자취/거주성 높음,관찰 필요,-0.6644258631267497,3.6359212548962625,6.143353025747161,766523.07,25550.768999999997,30,0.4790680559909641,7776.43,0.6105865263819096,0.09842101130653266,634,0.12548660798950254,37.94494356184218,0.020931581354752964,0.4326920910547415,0.05620934540169809,0.6881307042722147,0.13366540944423239,0.17820388628355308,7099.27047326834,1600029.6,205338.0,455313.0,29085674.63,5441754597.93,96188.38,16044.539999999999,331668.47,43085.76,527468.06,102457.62,136597.38999999998,216661,30,11230,1039602.0,동대문구,이문1동,1106089,12736.0,996.21,257.28000000000003,매칭,6.143353025747161,생활 밀착형,0.0,0.0,0.0,0.0,0.0,1.0,-0.6644258631267497
11110670,종로구,창신1동,방문성 검토,관찰 필요,-0.6847988294256011,-0.6847988294256011,-0.46690805023689724,147246.34,4908.211333333334,30,0.23437625000457624,462.46999999999997,0.2582188721384701,0.05439419318816304,599,0.09883546171673945,46.52947529969166,0.02912384783214306,0.46426328830991653,0.06473736460953801,0.534406356042534,0.1300606860584786,0.3355329578989875,9221.299465304197,628247.7,201219.0,452536.0,6851294.94,1357802596.31,14553.16,4288.38,68361.06999999999,9532.34,78689.38,19150.96,49406.0,126143,30,11110,305337.0,종로구,창신1동,1101067,1791.0,76.66,20.76,매칭,0.0,불명확,0.0,0.0,0.0,0.0,0.0,1.0,-0.6847988294256011
11320521,도봉구,도봉1동,방문성 검토,관찰 필요,-0.7041651821173621,-0.7041651821173621,-1.175927875769429,161627.74,5387.591333333333,30,0.16944108704303953,578.26,0.11915516175561508,0.0534555944776427,582,0.15471372674022418,40.593529118207066,0.028415976118950872,0.3690789093505855,0.06392844446132824,0.5819946501757681,0.13610572046605365,0.2818996293581783,9535.634750878779,953887.53,202364.0,465073.0,6561040.37,1541223094.25,25006.03,4592.81,59653.39,10332.61,94066.48,21998.46,45562.8,122426,30,11320,8451468.0,도봉구,도봉1동,1110064,4853.0,60.15,199.27,매칭,0.0,불명확,0.0,0.0,0.0,0.0,0.0,1.0,-0.7041651821173621
11110615,종로구,종로1·2·3·4가동,2030 자취/거주성 높음,광역 목적지형,-0.7366683335092943,2.087410633062644,4.034398523674198,2437158.0,81238.6,30,0.3783969854288721,1793.9299999999998,0.5436151515151515,0.0974,652,0.05235901406474262,47.72444011426423,0.0481641854980268,0.4198904338577966,0.028290693504483502,0.6228391470721225,0.16001736448765322,0.2171434884402242,10367.60779903888,6440743.7,199104.0,452849.0,116312001.02,25267498288.29,127607.19,117383.73,1023339.33,68948.89,1517957.41,389987.6,529212.99,667802,30,11110,2417171.0,종로구,종로1·2·3·4가동,1101061,3300.0,204.06,117.36,매칭,4.034398523674198,생활 밀착형,0.0,0.0,0.0,0.0,0.0,1.0,-0.7366683335092943
11545690,금천구,시흥3동,방문성 검토,관찰 필요,-0.7447112713372506,-0.7447112713372506,-2.4263412379816667,99907.74,3330.2580000000003,30,0.2190595456386058,318.02,0.11111809923130678,0.03219776380153739,533,0.14614603433127404,42.513214391597685,0.04428715933320081,0.31152571362338893,0.060469589243035624,0.6526377235637598,0.14946059234249517,0.19790168409374487,10466.482586834612,456075.72000000003,191681.0,437858.0,4247399.17,1045682621.0,14601.12,4424.63,31123.83,6041.38,65203.56,14932.27,19771.91,71951,30,11545,1261391.0,금천구,시흥3동,1118059,2862.0,28.73,63.42,매칭,0.0,생활 밀착형,0.0,0.0,0.0,0.0,0.0,1.0,-0.7447112713372506
11140590,중구,광희동,2030 자취/거주성 높음,광역 목적지형,-0.77369111668803,1.5866594158711156,3.371929332227351,572785.39,19092.846333333335,30,0.36762100424348665,1443.6,0.4836180904522613,0.09669681742043551,636,0.08459307944289571,43.46943531503134,0.04983840457243506,0.39243888535634613,0.04566998470404421,0.6177714833124497,0.14839734302580587,0.23383117366174438,9561.79873702784,1558086.68,200333.0,451736.0,24898657.46,5476858618.69,48453.68,28546.71,224783.26,26159.1,353850.48,84999.83,133935.08,273033,30,11140,737204.0,중구,광희동,1102059,2985.0,203.12,85.52000000000001,매칭,3.371929332227351,생활 밀착형,0.0,0.0,0.0,0.0,0.0,1.0,-0.77369111668803
11110570,종로구,무악동,방문성 검토,관찰 필요,-0.7783704772309785,-0.7783704772309785,-3.1821889894318933,51721.0,1724.0333333333333,30,0.2383856972821975,201.49,0.12130644190246839,0.0194942805538832,557,0.14256800912588696,43.349281529746136,0.05038262987954603,0.36492507878811314,0.05779876645849848,0.5749302991048124,0.14167688173082502,0.28339281916436265,10625.007032153284,216963.52,196342.0,453063.0,2242068.19,549535988.71,7373.76,2605.84,18874.29,2989.41,29735.97,7327.67,14657.36,48387,30,11110,369520.0,종로구,무악동,1101057,1661.0,17.45,14.93,매칭,0.0,불명확,0.0,0.0,0.0,0.0,0.0,1.0,-0.7783704772309785
11140520,중구,소공동,2030 자취/거주성 높음,광역 목적지형,-0.8024332652337118,1.2546348179654998,2.9386686902845884,1058655.13,35288.50433333333,30,0.38120993932448366,409.75,0.4831957547169811,0.13549528301886793,640,0.02574672263667206,45.912087631408355,0.07342851113374382,0.3631799526631492,0.032603063095722216,0.7050320060320305,0.16686814713683013,0.12809984683113945,10499.573966717568,2777092.15,197736.0,451636.0,48605067.1,11115427842.68,27256.899999999998,77735.47,384482.32,34515.4,746385.75,176655.82,135613.56,376213,30,11140,943795.0,중구,소공동,1102052,848.0,50.27,64.63,매칭,2.9386686902845884,생활 밀착형,0.0,0.0,0.0,0.0,0.0,1.0,-0.8024332652337118
11140580,중구,장충동,2030 자취/거주성 높음,관찰 필요,-1.0039308000355929,1.2405771004028825,3.206439857769251,310013.84,10333.794666666667,30,0.39926654661214667,1614.8500000000001,0.5341878928217003,0.07151835924578234,620,0.06143148318797638,45.11674646525458,0.0382951290174658,0.44841707712146006,0.03799043294325182,0.6300367106191129,0.13858345808045214,0.23137983130043482,10149.576225693665,776458.34,200191.0,450671.0,13986815.82,3146509100.1,19044.61,11872.02,139015.5,11777.56,195320.1,42962.79,71730.95,151624,30,11140,1017925.0,중구,장충동,1102058,3023.0,159.52,56.68,매칭,3.206439857769251,생활 밀착형,0.0,0.0,0.0,0.0,0.0,1.0,-1.0039308000355929
11680600,강남구,대치1동,방문성 검토,관찰 필요,-1.0822798889966232,-1.0822798889966232,-3.8415154374762515,289282.88,9642.762666666667,30,0.16473440696562666,137.63,0.044368149580915534,0.030667311411992262,593,0.10660070862126372,41.41927586589293,0.04559260471964328,0.4057778324109605,0.0497898112740028,0.615262161383349,0.14601019597150028,0.23872764264515062,8704.727621316546,1756056.22,205226.0,443769.0,11981887.41,2518128675.91,30837.76,13189.16,117384.58,14403.34,177984.81,42238.25,69059.81999999999,209584,30,11680,809823.0,강남구,대치1동,1123060,3102.0,10.64,84.49,매칭,0.0,불명확,0.0,0.0,0.0,0.0,0.0,1.0,-1.0822798889966232
11140615,중구,신당동,2030 자취/거주성 높음,관찰 필요,-1.0971974870576944,1.7344107926401053,4.045154685282571,350723.66,11690.788666666665,30,0.3297374383047355,2184.95,0.4184124856376867,0.12266373037150516,620,0.15032236490688997,40.33134009265301,0.028329568641020687,0.3282314344005192,0.10290192569272344,0.6217634704199883,0.13673406008593775,0.24150246949407408,8267.451132353033,1063645.25,201211.0,451795.0,14145155.21,2899590720.01,52721.61,9935.85,115118.53,36090.14,218067.16,47955.87,84700.63,198972,30,11140,534942.0,중구,신당동,1102069,5222.0,558.53,82.02,매칭,4.045154685282571,생활 밀착형,0.0,0.0,0.0,0.0,0.0,1.0,-1.0971974870576944
11110540,종로구,삼청동,2030 자취/거주성 높음,소규모 2030 집중형,-1.1894459662948729,0.12495015822670408,1.8777087493165385,183535.6,6117.8533333333335,30,0.3748852328157653,426.95,0.4661026200873362,0.09585152838427949,605,0.027552965201301544,51.12143763934626,0.034750587896843994,0.5916036997726871,0.026583344048783993,0.5214964290306622,0.1393381992376411,0.3391653717316967,10226.72429975438,489578.1,198340.0,454312.0,9382603.73,1876967980.39,5056.95,6377.97,108580.34,4878.99,95713.16,25573.52,62248.92,96850,30,11110,1479255.0,종로구,삼청동,1101054,916.0,79.87,7.93,매칭,1.8777087493165385,불명확,0.0,0.0,0.0,0.0,0.0,1.0,-1.1894459662948729
11140605,중구,을지로동,2030 자취/거주성 높음,관찰 필요,-1.3182109833768387,1.4042828891114327,3.889276960697531,518470.45,17282.348333333335,30,0.3708133678707442,787.14,0.6670677966101695,0.09511016949152543,628,0.07533054198170792,45.50834551901656,0.03579365034207832,0.3914266087874439,0.02936985126153284,0.6040444156460604,0.16985091435779995,0.2261046699961396,9765.374026137844,1398197.84,199696.0,451898.0,23594732.38,5063057865.75,39056.66,18557.95,202943.13,15227.4,313179.18,88062.68000000001,117228.59,245588,30,11140,611524.0,중구,을지로동,1102060,1180.0,84.08,28.150000000000002,매칭,3.889276960697531,불명확,0.0,0.0,0.0,0.0,0.0,1.0,-1.3182109833768387
11545510,금천구,가산동,2030 자취/거주성 높음,광역 목적지형,-1.438339728863688,3.1026605547102544,6.48714326224849,1854841.79,61828.05966666667,30,0.45844070596795133,8041.75,0.6512593132491091,0.09974975704567542,648,0.06805083898826757,43.844650324597225,0.07167587053341083,0.2506777357005742,0.037333038522924376,0.7240709731906569,0.16604662007318696,0.1098824067361562,10061.911463467728,4045979.7,189721.0,441920.0,81324889.69,18663253869.72,126223.54000000001,132947.4,464967.54,69246.88,1343037.1,307990.21,203814.48,412469,30,11545,2512852.0,금천구,가산동,1118051,12348.0,1026.56,205.15,매칭,6.48714326224849,생활 밀착형,0.0,0.0,0.0,0.0,0.0,1.0,-1.438339728863688
11140550,중구,명동,2030 자취/거주성 높음,광역 목적지형,-1.4968439411938828,1.8607286796331663,4.796532315467213,1776368.37,59212.279,30,0.4059619369215788,596.22,0.5390777576853526,0.17808318264014467,649,0.02574852196901029,46.19313522791446,0.07309622947181839,0.40082216167809825,0.027476378674767776,0.667584708232561,0.15953186556682494,0.172883426200614,10704.720444031549,4375701.78,198613.0,451602.0,82056024.33,19015526806.47,45738.86,129845.83,712007.8099999999,48808.17,1185876.36,283387.36,307104.65,522146,30,11140,969729.0,중구,명동,1102055,1106.0,81.65,115.31,매칭,4.796532315467213,생활 밀착형,0.0,0.0,0.0,0.0,0.0,1.0,-1.4968439411938828
11650550,서초구,반포본동,방문성 검토,관찰 필요,-1.5666574972545981,-1.5666574972545981,-3.757645955259504,42855.64,1428.5213333333334,30,0.2688303585643475,112.31,0.12368942731277534,0.02170704845814978,504,0.08901838824481445,46.6114369077209,0.08498811358318298,0.35316541766731285,0.2100612661483996,0.6084447694632492,0.14900839189427578,0.24254683864247506,10542.848848832966,159415.18,198900.0,444972.0,1997562.96,451820534.84,3814.94,3642.22,15135.13,9002.31,26075.29,6385.85,10394.5,35348,30,11650,972536.0,서초구,반포본동,1122056,908.0,19.71,0.0,매칭,0.0,불명확,0.0,0.0,0.0,0.0,0.0,1.0,-1.5666574972545981
11110630,종로구,종로5·6가동,2030 자취/거주성 높음,관찰 필요,-2.1596775200433322,0.2609025533060054,3.457971533356197,419257.53,13975.251,30,0.29589450623296143,1278.68,0.5878988505747127,0.07754022988505746,624,0.06677504396879884,46.657214123262136,0.03640275703575318,0.4573337299392094,0.03645709118211902,0.6532461563659929,0.15562558888328135,0.19112825475072565,10089.491773206792,1416915.56,200389.0,452590.0,19561388.35,4230095399.79,27995.94,15262.130000000001,191740.61,15284.91,273878.37,65247.2,80131.96,244645,30,11110,603167.0,종로구,종로5·6가동,1101063,2175.0,131.10999999999999,37.54,매칭,3.457971533356197,생활 밀착형,0.0,0.0,0.0,0.0,0.0,1.0,-2.1596775200433322
