d_admdong_cd,st_time_cd,cnt_2030,total_cnt
11110515,00,931.8100000000001,2012.75
11110515,01,2050.54,4541.44
11110515,02,1320.19,3268.17
11110515,03,1252.6399999999999,3292.48
11110515,04,1536.97,5860.6
11110515,05,5721.9,21022.94
11110515,06,13671.2,50331.87
11110515,0700,7633.76,26372.83
11110515,0720,9192.98,29633.1
11110515,0740,9506.97,27635.46
11110515,0800,9598.31,25936.5
11110515,0820,9504.74,24859.95
11110515,0840,9187.61,23102.18
11110515,0900,9086.55,23109.2
11110515,0920,8477.58,21799.22
11110515,0940,8185.49,20693.15
11110515,10,22002.72,60123.86
11110515,11,28110.74,73533.77
11110515,12,29070.83,77034.3
11110515,13,29419.77,74453.04
11110515,14,25568.66,66003.32
11110515,15,22995.190000000002,60095.15
11110515,16,21338.89,54813.53
11110515,1700,6899.139999999999,17591.77
11110515,1720,6970.82,17321.55
11110515,1740,6609.67,17576.84
11110515,1800,8277.59,20199.35
11110515,1820,5864.72,15043.210000000001
11110515,1840,5200.99,13381.210000000001
11110515,1900,4673.3099999999995,12749.78
11110515,1920,3639.5,10470.75
11110515,1940,3497.39,10263.06
11110515,20,9668.43,27602.39
11110515,21,8671.87,22954.829999999998
11110515,22,4795.58,12035.05
11110515,23,549.1,1592.78
11110530,00,1297.16,3216.98
11110530,01,2651.6,6808.92
11110530,02,1848.96,5094.06
11110530,03,2091.96,6075.87
11110530,04,5443.6,18619.26
11110530,05,22516.07,74541.92
11110530,06,57270.03,157630.82
11110530,0700,34214.78,83063.72
11110530,0720,41183.25,96312.68000000001
11110530,0740,48569.17,107074.78
11110530,0800,51094.81,110092.54
11110530,0820,38119.19,87360.43
11110530,0840,26350.52,66947.52
11110530,0900,22289.45,60034.81
11110530,0920,17640.24,52675.81
11110530,0940,15138.98,48893.18
11110530,10,47095.24,148718.86
11110530,11,69008.47,185283.68
11110530,12,75492.86,192708.41999999998
11110530,13,56777.56,152408.66999999998
11110530,14,43996.38,118274.57
11110530,15,41031.0,113128.35
11110530,16,42559.659999999996,116028.66
11110530,1700,16120.3,42434.0
11110530,1720,15682.75,39968.05
11110530,1740,15905.1,39850.27
11110530,1800,22385.07,50267.54
11110530,1820,14053.67,32833.14
11110530,1840,11039.210000000001,25728.64
11110530,1900,9970.2,22778.02
11110530,1920,8123.86,18827.76
11110530,1940,7056.98,16930.97
11110530,20,17876.5,42915.25
11110530,21,13054.37,31191.329999999998
11110530,22,7201.39,18061.77
11110530,23,1053.59,3160.38
11110540,00,155.52,502.71
11110540,01,348.91,1076.15
11110540,02,334.47,990.3
11110540,03,338.77,1083.8600000000001
11110540,04,832.9300000000001,2785.69
11110540,05,2708.79,8765.72
11110540,06,6377.97,25979.75
11110540,0700,3238.12,11991.25
11110540,0720,4015.21,12165.06
11110540,0740,4308.68,11643.57
11110540,0800,5249.49,13198.91
11110540,0820,5520.04,13116.44
11110540,0840,4074.54,11096.87
11110540,0900,4014.85,12166.09
11110540,0920,4098.7,12484.11
11110540,0940,4114.22,12352.16
11110540,10,12464.7,39771.39
11110540,11,18764.45,50740.340000000004
11110540,12,18549.66,47860.29
11110540,13,17688.4,43066.18
11110540,14,16016.32,38123.71
11110540,15,13888.02,31142.25
11110540,16,11208.79,26032.02
11110540,1700,3346.58,8219.18
11110540,1720,3357.42,7646.31
11110540,1740,3169.7599999999998,6965.18
11110540,1800,3124.6,6926.38
11110540,1820,1976.61,4714.1
11110540,1840,1523.23,3792.5299999999997
11110540,1900,1328.24,3388.98
11110540,1920,1225.6200000000001,2764.8
11110540,1940,1115.04,2760.96
11110540,20,2412.0,6193.26
11110540,21,1569.91,4863.49
11110540,22,915.44,2802.79
11110540,23,159.6,405.32
11110550,00,864.53,2157.0
11110550,01,1760.02,5296.07
11110550,02,1212.9,3634.79
11110550,03,997.17,3271.73
11110550,04,936.02,3766.9
11110550,05,1986.82,9922.91
11110550,06,6855.33,25448.61
11110550,0700,3688.49,12538.5
11110550,0720,4702.97,15295.26
11110550,0740,5057.11,15300.73
11110550,0800,5551.67,16148.47
11110550,0820,5334.62,15624.7
11110550,0840,5453.31,14103.84
11110550,0900,5863.92,14267.09
11110550,0920,5901.33,14379.08
11110550,0940,5818.51,14096.61
11110550,10,16287.1,41428.39
11110550,11,15264.32,41170.33
11110550,12,13734.97,41090.39
11110550,13,12540.4,38560.27
11110550,14,10839.47,37430.18
11110550,15,8254.63,33560.56
11110550,16,8921.46,33921.2
11110550,1700,3354.71,11874.01
11110550,1720,3206.46,11090.369999999999
11110550,1740,3096.16,11076.68
11110550,1800,3939.39,13359.89
11110550,1820,2706.45,9557.57
11110550,1840,2538.88,9734.34
11110550,1900,2733.94,9543.68
11110550,1920,2260.0,8212.87
11110550,1940,2492.05,7958.58
11110550,20,7502.67,23428.85
11110550,21,7418.0199999999995,22149.739999999998
11110550,22,4332.72,14147.69
11110550,23,629.17,2312.9900000000002
11110560,00,1218.68,4188.6
11110560,01,3030.23,11715.78
11110560,02,1495.57,5262.21
11110560,03,1168.1,4461.29
11110560,04,1325.6,6112.13
11110560,05,2246.96,13397.83
11110560,06,5855.0,37197.520000000004
11110560,0700,3054.1,17464.1
11110560,0720,3003.93,14503.7
11110560,0740,3150.23,14386.539999999999
11110560,0800,2889.82,13373.55
11110560,0820,2415.57,13372.75
11110560,0840,2573.72,13219.77
11110560,0900,2706.25,14448.03
11110560,0920,2527.53,14024.460000000001
11110560,0940,2328.27,12962.01
11110560,10,6858.83,37434.07
11110560,11,8203.58,41602.92
11110560,12,8619.3,44372.38
11110560,13,8352.8,44392.18
11110560,14,9025.13,45031.08
11110560,15,8296.59,46803.93
11110560,16,9337.92,48491.92
11110560,1700,3828.4900000000002,17430.23
11110560,1720,4085.31,16454.36
11110560,1740,4104.46,17492.02
11110560,1800,5848.4,20906.69
11110560,1820,3833.17,15443.61
11110560,1840,3288.63,14691.86
11110560,1900,3830.63,15012.35
11110560,1920,3243.92,13275.95
11110560,1940,3073.44,12916.14
11110560,20,10101.33,38674.29
11110560,21,9642.02,34838.0
11110560,22,5868.57,21791.48
11110560,23,901.04,3835.89
11110570,00,269.18,708.8
11110570,01,548.65,1807.59
11110570,02,274.29,1186.08
11110570,03,325.78000000000003,1353.95
11110570,04,460.93,2142.17
11110570,05,921.61,4284.3
11110570,06,2605.84,9410.48
11110570,0700,982.14,3964.33
11110570,0720,1143.64,3915.09
11110570,0740,1225.05,4929.55
11110570,0800,1123.04,4867.6900000000005
11110570,0820,962.43,5279.72
11110570,0840,831.33,5074.67
11110570,0900,952.37,5202.75
11110570,0920,844.66,4835.86
11110570,0940,818.24,4583.73
11110570,10,2044.62,10953.14
11110570,11,2250.77,11026.27
11110570,12,3006.41,14095.97
11110570,13,3059.09,14523.8
11110570,14,2969.21,13872.96
11110570,15,2840.25,13742.19
11110570,16,2703.94,12471.3
11110570,1700,928.99,4163.39
11110570,1720,986.21,3960.23
11110570,1740,1192.18,4186.72
11110570,1800,2010.46,5940.08
11110570,1820,1281.08,4249.64
11110570,1840,1238.57,4308.12
11110570,1900,1273.21,4134.07
11110570,1920,1160.01,3419.42
11110570,1940,1113.06,3502.93
11110570,20,2760.07,10130.15
11110570,21,2745.91,8774.31
11110570,22,1678.81,5255.13
11110570,23,188.97,706.9399999999999
11110580,00,775.36,2125.5
11110580,01,1454.01,4464.14
11110580,02,1149.78,3432.85
11110580,03,799.04,2891.95
11110580,04,1199.7,5267.54
11110580,05,4194.53,14049.49
11110580,06,10785.82,33994.9
11110580,0700,5205.0199999999995,17692.649999999998
11110580,0720,5715.25,19741.63
11110580,0740,5854.09,22320.66
11110580,0800,5949.92,20065.01
11110580,0820,4590.49,18355.4
11110580,0840,3719.19,15656.62
11110580,0900,3248.93,14620.19
11110580,0920,2955.94,13315.27
11110580,0940,2874.64,12612.46
11110580,10,8194.01,35563.3
11110580,11,11187.11,40713.520000000004
11110580,12,11738.17,46353.78
11110580,13,10474.27,41638.26
11110580,14,8274.51,37410.04
11110580,15,8389.15,36212.87
11110580,16,8655.35,35620.62
11110580,1700,3605.73,12293.64
11110580,1720,3629.94,12131.59
11110580,1740,3458.35,12603.5
11110580,1800,5115.78,16490.24
11110580,1820,3634.0,11550.63
11110580,1840,3074.38,9903.64
11110580,1900,2892.51,9369.08
11110580,1920,2651.75,8338.99
11110580,1940,2490.15,7704.29
11110580,20,7584.599999999999,22241.6
11110580,21,6827.07,19700.76
11110580,22,4193.99,11838.65
11110580,23,596.96,1992.26
11110600,00,250.1,682.6899999999999
11110600,01,581.53,1686.2
11110600,02,405.94,1115.24
11110600,03,345.67,1366.8799999999999
11110600,04,875.67,3277.27
11110600,05,5483.93,20601.079999999998
11110600,06,17346.25,58527.54
11110600,0700,8996.89,22901.96
11110600,0720,7512.48,18844.5
11110600,0740,7148.25,18714.25
11110600,0800,6840.6,18888.37
11110600,0820,5962.75,18227.98
11110600,0840,5599.25,17834.25
11110600,0900,5396.78,17141.39
11110600,0920,5062.12,16160.01
11110600,0940,4975.45,15321.91
11110600,10,15672.220000000001,45595.22
11110600,11,23096.87,55058.53
11110600,12,23021.58,54695.32
11110600,13,19927.77,44871.93
11110600,14,17868.6,39210.8
11110600,15,15898.16,33923.26
11110600,16,14771.68,32127.06
11110600,1700,5051.48,10609.45
11110600,1720,4634.03,9660.65
11110600,1740,4546.24,9655.09
11110600,1800,5142.59,10611.86
11110600,1820,3035.04,6387.98
11110600,1840,2231.65,5316.04
11110600,1900,2094.38,4844.25
11110600,1920,1503.77,3808.2
11110600,1940,1297.71,3267.51
11110600,20,3107.66,8572.58
11110600,21,2275.78,6876.5
11110600,22,1231.11,3797.04
11110600,23,138.6,524.27
11110615,00,4489.28,7783.85
11110615,01,8130.29,15546.52
11110615,02,5655.02,12167.38
11110615,03,4575.25,12456.83
11110615,04,7763.070000000001,30575.18
11110615,05,34575.32,134075.13999999998
11110615,06,117383.73,359889.83
11110615,0700,75627.77,203966.99
11110615,0720,95077.08,245490.5
11110615,0740,111686.93000000001,270312.67
11110615,0800,115169.65,260465.22
11110615,0820,85958.92,216117.76
11110615,0840,63639.35,180872.66999999998
11110615,0900,53104.68,167026.12
11110615,0920,41464.18,147908.3
11110615,0940,36163.21,137111.56
11110615,10,109553.77,418992.33
11110615,11,186257.25,550276.68
11110615,12,202498.06,566613.16
11110615,13,149393.4,436999.78
11110615,14,123494.0,350674.58999999997
11110615,15,121414.77,323728.45
11110615,16,130728.08,322291.48
11110615,1700,55174.69,121920.34
11110615,1720,55955.74,118369.65
11110615,1740,56827.299999999996,116240.84
11110615,1800,78377.2,148415.47
11110615,1820,51592.090000000004,96013.58
11110615,1840,39874.82,74762.52
11110615,1900,34930.22,64996.54
11110615,1920,28283.3,53020.86
11110615,1940,24732.39,46710.96
11110615,20,61390.6,112293.51999999999
11110615,21,40285.0,71386.67
11110615,22,22170.93,38618.24
11110615,23,3760.66,6651.5199999999995
11110630,00,1292.92,2902.51
11110630,01,2426.03,5877.72
11110630,02,2055.19,4678.09
11110630,03,1504.49,4752.57
11110630,04,1886.47,10066.77
11110630,05,5071.8,33322.87
11110630,06,15262.130000000001,75933.86
11110630,0700,10385.93,39081.97
11110630,0720,13488.57,46653.64
11110630,0740,14829.710000000001,51208.57
11110630,0800,16327.779999999999,54169.69
11110630,0820,14546.24,51799.75
11110630,0840,11903.57,45888.36
11110630,0900,10653.34,43806.95
11110630,0920,10122.15,40930.63
11110630,0940,8810.94,37573.340000000004
11110630,10,26405.86,111669.42
11110630,11,30575.69,113443.33
11110630,12,34152.26,116433.47
11110630,13,30246.22,103741.67
11110630,14,26566.34,86440.96
11110630,15,22628.97,72234.22
11110630,16,21165.27,62882.08
11110630,1700,7801.53,21162.88
11110630,1720,7702.14,19618.93
11110630,1740,7581.07,19142.39
11110630,1800,9814.55,22093.04
11110630,1820,6335.99,15065.56
11110630,1840,5655.67,13344.97
11110630,1900,5038.52,12117.5
11110630,1920,4566.97,10708.89
11110630,1940,4457.28,10164.36
11110630,20,11788.02,24826.94
11110630,21,9501.99,18740.16
11110630,22,5657.92,11869.57
11110630,23,1048.01,2567.93
11110640,00,3440.18,7121.28
11110640,01,6995.49,15255.09
11110640,02,5352.76,12467.27
11110640,03,4628.92,11829.88
11110640,04,6410.37,23625.83
11110640,05,25668.95,95953.82
11110640,06,86435.0,246427.05
11110640,0700,51080.7,121540.01
11110640,0720,57168.04,131780.08
11110640,0740,60180.479999999996,133524.56
11110640,0800,58065.25,128139.79
11110640,0820,47609.01,110295.14
11110640,0840,40497.15,94886.0
11110640,0900,34222.04,85149.98
11110640,0920,29255.39,75936.66
11110640,0940,25777.36,68897.02
11110640,10,76024.4,200533.93
11110640,11,100443.86,241033.8
11110640,12,131304.97,307524.83
11110640,13,104200.79,250426.17
11110640,14,87042.05,201779.6
11110640,15,68401.2,159877.74
11110640,16,72840.36,152541.21
11110640,1700,26698.08,52419.67
11110640,1720,25839.4,49960.48
11110640,1740,26816.29,51025.51
11110640,1800,30111.010000000002,55279.18
11110640,1820,21173.74,40381.07
11110640,1840,18299.67,35841.25
11110640,1900,16272.67,32463.1
11110640,1920,12827.94,26274.62
11110640,1940,11670.3,23702.75
11110640,20,27763.03,56692.63
11110640,21,22989.04,43497.67
11110640,22,13268.31,26426.64
11110640,23,3063.77,6222.27
11110650,00,3139.65,5687.37
11110650,01,6028.6900000000005,11710.78
11110650,02,4767.43,9283.98
11110650,03,3637.88,7852.75
11110650,04,3113.54,9775.73
11110650,05,5555.47,20463.19
11110650,06,12386.720000000001,41790.87
11110650,0700,8210.75,23082.68
11110650,0720,10286.16,27050.02
11110650,0740,12279.95,29074.54
11110650,0800,12396.44,30686.829999999998
11110650,0820,13212.47,31078.65
11110650,0840,12841.82,28788.739999999998
11110650,0900,11152.02,27149.23
11110650,0920,11474.83,27885.72
11110650,0940,11874.74,27515.8
11110650,10,40886.76,92732.42
11110650,11,54444.35,113894.38
11110650,12,53476.8,112733.39
11110650,13,47912.53,102840.64
11110650,14,47418.64,101323.02
11110650,15,43482.77,97455.37
11110650,16,55973.66,112905.33
11110650,1700,22096.510000000002,42094.08
11110650,1720,21457.44,40325.75
11110650,1740,24137.57,45011.66
11110650,1800,26115.62,47203.88
11110650,1820,18170.45,33204.53
11110650,1840,16323.95,30526.31
11110650,1900,14174.07,27026.57
11110650,1920,12009.83,23206.39
11110650,1940,11857.75,22435.77
11110650,20,32340.81,60401.48
11110650,21,29268.25,50825.62
11110650,22,17837.56,32089.52
11110650,23,3218.64,5636.22
11110670,00,890.79,2601.13
11110670,01,1708.05,4958.04
11110670,02,1499.71,4208.34
11110670,03,1446.73,4161.5
11110670,04,1605.05,6041.37
11110670,05,1825.88,13379.83
11110670,06,4288.38,26946.72
11110670,0700,2789.97,13369.539999999999
11110670,0720,3652.96,14919.58
11110670,0740,4171.57,17220.67
11110670,0800,3225.65,16929.66
11110670,0820,3026.38,17509.74
11110670,0840,2539.97,16447.7
11110670,0900,2401.76,16011.16
11110670,0920,2283.61,15937.14
11110670,0940,2377.73,15878.92
11110670,10,6973.8,45663.869999999995
11110670,11,8537.02,46855.5
11110670,12,10679.05,50344.71
11110670,13,11269.73,47577.5
11110670,14,11407.43,42246.06
11110670,15,10415.32,37689.590000000004
11110670,16,9078.72,32663.44
11110670,1700,3065.34,10921.33
11110670,1720,3023.75,9796.3
11110670,1740,2847.64,9428.27
11110670,1800,4308.77,11839.39
11110670,1820,2757.79,8586.64
11110670,1840,2286.72,7061.32
11110670,1900,2322.42,6932.82
11110670,1920,2069.44,6073.42
11110670,1940,1916.05,5633.92
11110670,20,5298.75,15366.43
11110670,21,5037.07,13779.9
11110670,22,3661.21,11333.78
11110670,23,556.13,1932.47
11110680,00,494.52,1596.7
11110680,01,1197.47,3664.38
11110680,02,991.44,2991.46
11110680,03,787.31,2402.81
11110680,04,721.56,2720.45
11110680,05,713.4,3820.28
11110680,06,1232.46,7147.24
11110680,0700,516.49,2935.9
11110680,0720,604.48,3063.76
11110680,0740,776.09,3580.26
11110680,0800,630.03,3991.06
11110680,0820,611.9499999999999,4211.69
11110680,0840,439.31,3923.61
11110680,0900,478.62,3545.68
11110680,0920,436.19,3504.28
11110680,0940,507.46,3336.21
11110680,10,1662.66,10574.74
11110680,11,1993.32,10947.24
11110680,12,2587.65,13372.91
11110680,13,3113.07,13866.32
11110680,14,3090.65,14933.89
11110680,15,3536.02,17197.48
11110680,16,3921.49,17443.57
11110680,1700,1795.56,6496.99
11110680,1720,1661.65,6335.17
11110680,1740,1884.58,6639.11
11110680,1800,3166.02,8590.36
11110680,1820,1799.73,5714.11
11110680,1840,1568.68,5294.17
11110680,1900,2083.95,5929.599999999999
11110680,1920,1502.45,5124.68
11110680,1940,1680.97,5268.55
11110680,20,4501.01,14037.36
11110680,21,3900.08,12770.89
11110680,22,2324.86,8295.53
11110680,23,312.46,1750.46
11110690,00,425.01,1419.83
11110690,01,1064.09,3426.51
11110690,02,745.09,2478.2
11110690,03,484.3,1904.68
11110690,04,676.36,2866.52
11110690,05,1176.58,4583.39
11110690,06,1368.6,6671.7
11110690,0700,494.93,2722.13
11110690,0720,711.46,2993.01
11110690,0740,879.46,3431.46
11110690,0800,924.25,3454.07
11110690,0820,726.88,3347.18
11110690,0840,552.8,2982.38
11110690,0900,484.65999999999997,2821.59
11110690,0920,701.4399999999999,2915.04
11110690,0940,733.61,2742.81
11110690,10,1966.32,8454.16
11110690,11,2163.68,8895.09
11110690,12,2315.98,10082.18
11110690,13,2532.7,10623.37
11110690,14,2489.16,11620.97
11110690,15,3064.67,14227.2
11110690,16,3609.91,15107.48
11110690,1700,1893.5,6133.0199999999995
11110690,1720,1845.97,5970.47
11110690,1740,1924.52,6129.43
11110690,1800,2424.58,7127.31
11110690,1820,1522.57,5363.36
11110690,1840,1567.15,5568.4400000000005
11110690,1900,1647.49,5188.75
11110690,1920,1449.73,4776.91
11110690,1940,1322.97,4506.86
11110690,20,3802.0099999999998,12519.11
11110690,21,3685.39,11573.09
11110690,22,2099.39,7059.42
11110690,23,292.22,1137.96
11110700,00,715.81,1949.21
11110700,01,1518.2,4211.23
11110700,02,1155.95,3444.35
11110700,03,1026.07,3206.11
11110700,04,1007.31,3705.31
11110700,05,1389.19,7885.58
11110700,06,2308.57,14126.39
11110700,0700,983.37,6228.2
11110700,0720,1305.09,6239.03
11110700,0740,1437.89,6365.45
11110700,0800,1382.2,7488.98
11110700,0820,1040.59,7413.79
11110700,0840,982.45,6051.5199999999995
11110700,0900,1162.49,5916.63
11110700,0920,1147.02,5857.96
11110700,0940,982.86,5413.66
11110700,10,2956.16,16677.83
11110700,11,3490.17,17831.29
11110700,12,4153.6,20091.0
11110700,13,4273.81,19502.77
11110700,14,4011.59,20017.26
11110700,15,4291.86,21308.67
11110700,16,4969.55,21854.77
11110700,1700,2270.58,8004.64
11110700,1720,2106.48,7799.6
11110700,1740,2215.12,8108.77
11110700,1800,3405.36,10704.119999999999
11110700,1820,2504.36,7615.29
11110700,1840,1996.01,6471.9400000000005
11110700,1900,2086.75,6755.46
11110700,1920,1813.57,5759.51
11110700,1940,1681.48,5434.08
11110700,20,5270.71,16013.03
11110700,21,4793.25,14437.539999999999
11110700,22,3221.73,9859.62
11110700,23,482.57,1764.46
11110710,00,1919.1499999999999,3610.63
11110710,01,3962.89,7407.53
11110710,02,3051.28,6041.09
11110710,03,2359.4,5255.38
11110710,04,2439.2,7249.26
11110710,05,3239.02,15820.45
11110710,06,4928.42,29102.63
11110710,0700,1929.22,14616.99
11110710,0720,2723.9,16358.539999999999
11110710,0740,3253.61,18421.57
11110710,0800,3826.58,20315.89
11110710,0820,3578.51,17549.54
11110710,0840,2974.41,16022.41
11110710,0900,2871.62,16001.49
11110710,0920,2603.15,15811.47
11110710,0940,2823.61,15950.32
11110710,10,8033.67,47426.31
11110710,11,9653.57,48785.659999999996
11110710,12,10875.18,57111.69
11110710,13,11364.91,53555.18
11110710,14,12164.83,48590.11
11110710,15,12435.45,43822.28
11110710,16,12568.619999999999,39669.81
11110710,1700,5541.46,13998.22
11110710,1720,5492.85,13585.63
11110710,1740,5756.59,13789.75
11110710,1800,8956.25,18078.3
11110710,1820,5715.57,12511.38
11110710,1840,5005.21,10954.89
11110710,1900,5336.2,11083.52
11110710,1920,4445.08,9510.59
11110710,1940,4522.53,9308.26
11110710,20,14256.76,27765.829999999998
11110710,21,13527.18,25229.48
11110710,22,8957.6,16526.38
11110710,23,1227.49,2802.97
11140520,00,827.71,1895.04
11140520,01,1859.35,4539.85
11140520,02,1387.71,3693.23
11140520,03,1596.15,5426.35
11140520,04,4398.18,18441.56
11140520,05,23653.9,87253.53
11140520,06,77735.47,245997.83
11140520,0700,56378.36,149160.61
11140520,0720,72269.77,171018.05
11140520,0740,84776.49,178896.32
11140520,0800,78400.47,157804.95
11140520,0820,52403.71,114167.42
11140520,0840,30363.2,79227.16
11140520,0900,22775.1,63259.13
11140520,0920,16426.170000000002,51836.85
11140520,0940,14665.69,48788.94
11140520,10,44140.0,149993.54
11140520,11,83327.3,226070.25
11140520,12,93805.57,243768.11000000002
11140520,13,55671.36,161858.16999999998
11140520,14,37892.51,113339.23
11140520,15,35527.03,101692.09
11140520,16,34118.55,94332.02
11140520,1700,14268.94,35451.67
11140520,1720,13271.57,32983.6
11140520,1740,13043.28,31629.55
11140520,1800,22103.74,47246.57
11140520,1820,13206.41,28353.489999999998
11140520,1840,9996.67,21764.1
11140520,1900,8518.45,18666.05
11140520,1920,6552.24,14673.39
11140520,1940,6037.18,13191.03
11140520,20,13740.17,30434.19
11140520,21,8415.47,18488.7
11140520,22,4308.86,9983.32
11140520,23,792.4,1766.26
11140540,00,998.09,2423.12
11140540,01,2059.45,5154.9800000000005
11140540,02,1571.88,4418.86
11140540,03,1497.8799999999999,5416.59
11140540,04,3329.0,16149.03
11140540,05,16504.93,70952.72
11140540,06,60635.33,184665.91999999998
11140540,0700,42629.41,107276.37
11140540,0720,57483.47,130051.11
11140540,0740,65169.74,140326.4
11140540,0800,66877.32,140945.13
11140540,0820,47499.22,113459.96
11140540,0840,34728.07,93489.22
11140540,0900,28951.49,85446.44
11140540,0920,20988.579999999998,73732.19
11140540,0940,18053.41,69739.67
11140540,10,50220.659999999996,201556.47
11140540,11,69609.78,228445.53
11140540,12,82221.05,244079.45
11140540,13,54839.71,188721.63
11140540,14,41485.37,145440.92
11140540,15,36273.91,118705.87
11140540,16,32690.21,98887.54
11140540,1700,11302.05,32257.86
11140540,1720,11195.56,30008.17
11140540,1740,10183.83,27518.29
11140540,1800,13717.7,33754.95
11140540,1820,9369.16,22004.47
11140540,1840,6932.68,17206.98
11140540,1900,6575.4,15764.87
11140540,1920,4929.3,12607.73
11140540,1940,4186.59,10928.64
11140540,20,10757.82,27225.5
11140540,21,7106.66,17797.75
11140540,22,4062.6,10072.89
11140540,23,815.56,2155.96
11140550,00,1213.6,3121.92
11140550,01,2567.6,6770.06
11140550,02,2266.06,6119.69
11140550,03,2144.77,7061.41
11140550,04,5527.95,23166.2
11140550,05,33883.2,126264.66
11140550,06,129845.83,352531.9
11140550,0700,84071.66,197260.56
11140550,0720,102212.57,225302.58000000002
11140550,0740,111855.75,233197.62
11140550,0800,105984.27,210734.85
11140550,0820,72453.62,157835.81
11140550,0840,50976.05,124891.73
11140550,0900,44672.39,112793.0
11140550,0920,34894.09,94550.02
11140550,0940,28936.7,85764.8
11140550,10,83880.98,260061.06
11140550,11,136765.48,359457.98
11140550,12,164271.08000000002,403173.59
11140550,13,104489.52,278592.8
11140550,14,78213.47,208168.83
11140550,15,72931.09,189075.91
11140550,16,71456.19,178874.42
11140550,1700,28269.25,66156.88
11140550,1720,27108.49,62905.25
11140550,1740,26123.3,59027.44
11140550,1800,38505.61,77517.53
11140550,1820,24859.84,50641.23
11140550,1840,19598.92,39529.66
11140550,1900,16727.78,32616.829999999998
11140550,1920,12984.15,25694.77
11140550,1940,10938.25,21858.260000000002
11140550,20,24141.69,49101.09
11140550,21,13816.449999999999,28621.06
11140550,22,6575.73,14606.61
11140550,23,1204.99,2653.77
11140570,00,1260.13,2769.86
11140570,01,2487.6,5657.03
11140570,02,2043.43,4648.43
11140570,03,1518.73,3883.75
11140570,04,1746.48,7304.72
11140570,05,6430.28,27876.02
11140570,06,21230.64,73649.43
11140570,0700,15389.77,44720.63
11140570,0720,21218.94,55780.33
11140570,0740,25149.27,61116.85
11140570,0800,26081.09,61490.4
11140570,0820,21732.45,51812.19
11140570,0840,17328.16,43482.2
11140570,0900,17474.01,42374.98
11140570,0920,14397.42,36640.479999999996
11140570,0940,12617.53,32816.85
11140570,10,35729.13,96963.16
11140570,11,53223.25,126675.48
11140570,12,50461.76,118109.3
11140570,13,41622.54,100020.97
11140570,14,34116.04,82835.62
11140570,15,30213.28,72367.54
11140570,16,32635.6,74899.88
11140570,1700,13507.74,28220.97
11140570,1720,13679.99,28360.46
11140570,1740,14454.76,29474.97
11140570,1800,16900.82,32185.66
11140570,1820,12057.4,23414.079999999998
11140570,1840,9808.98,19015.86
11140570,1900,8749.3,16901.9
11140570,1920,7050.82,13816.9
11140570,1940,6366.44,12701.12
11140570,20,16308.46,30882.37
11140570,21,11644.54,22504.62
11140570,22,6627.68,13137.37
11140570,23,1236.6100000000001,2703.15
11140580,00,909.59,1933.66
11140580,01,1655.54,3399.68
11140580,02,1358.64,2727.08
11140580,03,1047.18,2567.7599999999998
11140580,04,1530.09,5955.92
11140580,05,4484.44,19134.38
11140580,06,11872.02,39717.63
11140580,0700,7107.82,19427.78
11140580,0720,10017.23,24855.95
11140580,0740,12934.9,28088.92
11140580,0800,12548.84,27206.19
11140580,0820,10008.39,22643.16
11140580,0840,7877.84,20365.2
11140580,0900,7085.21,18980.83
11140580,0920,6222.0599999999995,17632.41
11140580,0940,6375.23,17463.54
11140580,10,18908.49,51969.02
11140580,11,23797.579999999998,59865.16
11140580,12,22756.69,57608.8
11140580,13,20523.34,54145.44
11140580,14,18445.14,46927.520000000004
11140580,15,16656.84,44336.47
11140580,16,17927.42,43707.63
11140580,1700,7448.75,16355.48
11140580,1720,6885.84,15399.84
11140580,1740,6931.0199999999995,14791.94
11140580,1800,7783.35,16317.91
11140580,1820,5292.36,11397.71
11140580,1840,4356.48,9697.37
11140580,1900,4130.68,8967.81
11140580,1920,3159.11,7320.139999999999
11140580,1940,2931.12,6707.99
11140580,20,7820.76,17105.34
11140580,21,6220.57,12397.37
11140580,22,4211.2,7654.42
11140580,23,792.08,1684.89
11140590,00,1992.15,4115.71
11140590,01,3887.1,8501.86
11140590,02,3414.06,7274.92
11140590,03,2725.59,6693.5599999999995
11140590,04,3262.97,11506.39
11140590,05,9197.86,41075.86
11140590,06,28546.71,89767.69
11140590,0700,16632.12,46402.26
11140590,0720,23185.88,59029.06
11140590,0740,25299.17,62983.04
11140590,0800,25341.15,61604.82
11140590,0820,18406.52,50138.68
11140590,0840,13439.32,40712.090000000004
11140590,0900,11862.74,39320.27
11140590,0920,9948.07,35630.409999999996
11140590,0940,8807.17,33363.15
11140590,10,26429.01,99618.48
11140590,11,32987.35,106605.48
11140590,12,41835.51,120893.58
11140590,13,34640.31,101964.34
11140590,14,31425.170000000002,85586.76
11140590,15,29121.59,76423.44
11140590,16,28344.32,71063.24
11140590,1700,11395.89,25883.67
11140590,1720,10818.32,24577.95
11140590,1740,11444.77,25359.52
11140590,1800,14809.07,30116.420000000002
11140590,1820,10645.53,22499.22
11140590,1840,9721.43,20200.62
11140590,1900,9441.08,19106.42
11140590,1920,7913.68,16628.14
11140590,1940,7410.1,15645.0
11140590,20,19658.45,40403.45
11140590,21,16663.89,33249.1
11140590,22,10451.97,20318.71
11140590,23,1679.37,3823.37
11140605,00,991.0500000000001,1866.76
11140605,01,1963.57,3963.3199999999997
11140605,02,1576.16,3611.45
11140605,03,1238.77,3871.2
11140605,04,1696.61,10862.74
11140605,05,6641.71,39040.31
11140605,06,18557.95,90619.43000000001
11140605,0700,12468.57,49450.44
11140605,0720,16158.01,59678.16
11140605,0740,18165.010000000002,63984.57
11140605,0800,17839.64,59815.73
11140605,0820,14476.58,50438.56
11140605,0840,9747.48,39287.29
11140605,0900,8898.92,32564.0
11140605,0920,6992.85,27784.35
11140605,0940,6129.04,24902.42
11140605,10,19996.58,73819.66
11140605,11,35539.78,99571.65
11140605,12,34539.55,98023.86
11140605,13,26694.59,77911.31
11140605,14,23631.49,61763.45
11140605,15,27074.61,62974.35
11140605,16,35466.53,73002.04
11140605,1700,17058.8,31068.1
11140605,1720,17589.82,31620.54
11140605,1740,17732.82,30936.71
11140605,1800,24768.25,40096.76
11140605,1820,15947.52,25920.46
11140605,1840,12469.5,20225.739999999998
11140605,1900,11137.199999999999,17571.15
11140605,1920,8594.51,14078.78
11140605,1940,7630.32,12678.7
11140605,20,18943.3,31504.54
11140605,21,12278.17,20562.2
11140605,22,6715.66,11125.62
11140605,23,1119.53,2001.49
11140615,00,3390.38,8404.98
11140615,01,7100.41,17686.02
11140615,02,5832.59,14342.93
11140615,03,5016.55,13055.49
11140615,04,5429.13,16737.31
11140615,05,6667.78,29337.22
11140615,06,9935.85,49012.83
11140615,0700,5419.02,24991.6
11140615,0720,6942.43,29329.94
11140615,0740,8595.24,30664.07
11140615,0800,10165.73,31303.05
11140615,0820,7902.01,29947.27
11140615,0840,6633.12,25054.02
11140615,0900,5891.41,23620.56
11140615,0920,5364.92,21899.7
11140615,0940,4917.68,20338.68
11140615,10,13518.67,56040.979999999996
11140615,11,16431.82,57483.7
11140615,12,18714.53,60549.78
11140615,13,17233.29,55289.46
11140615,14,15258.64,48405.3
11140615,15,15694.92,45429.56
11140615,16,18266.66,49366.23
11140615,1700,7888.13,19117.0
11140615,1720,8403.79,19552.19
11140615,1740,8691.65,20007.44
11140615,1800,11554.289999999999,24571.81
11140615,1820,8471.17,19232.17
11140615,1840,8101.18,20285.4
11140615,1900,9068.33,21854.24
11140615,1920,8443.99,20007.09
11140615,1940,7056.74,17490.54
11140615,20,19230.55,45796.58
11140615,21,17489.08,39818.0
11140615,22,13348.68,30803.03
11140615,23,2653.3,6819.08
11140625,00,1797.32,3815.17
11140625,01,3495.4,7905.35
11140625,02,2597.93,6596.0199999999995
11140625,03,2147.37,5261.94
11140625,04,1992.48,6571.53
11140625,05,2853.14,13451.77
11140625,06,6619.08,28177.95
11140625,0700,4761.35,16100.51
11140625,0720,6370.46,20730.06
11140625,0740,8876.710000000001,23666.15
11140625,0800,9561.95,26493.23
11140625,0820,8335.74,23599.51
11140625,0840,6443.29,18535.56
11140625,0900,5451.95,17375.85
11140625,0920,4735.09,16266.380000000001
11140625,0940,4346.51,15432.83
11140625,10,12349.45,45001.27
11140625,11,15434.5,50528.96
11140625,12,17089.41,52689.26
11140625,13,15157.14,49207.27
11140625,14,13921.55,48050.32
11140625,15,14956.57,52281.02
11140625,16,18120.67,58435.99
11140625,1700,7988.1,23472.55
11140625,1720,8016.45,22247.48
11140625,1740,8332.16,22129.37
11140625,1800,12062.92,27423.73
11140625,1820,8018.52,19133.09
11140625,1840,7126.13,17502.53
11140625,1900,6983.58,17159.81
11140625,1920,5428.7699999999995,14196.48
11140625,1940,5124.09,13159.27
11140625,20,15243.5,36653.81
11140625,21,12911.4,30607.93
11140625,22,8716.01,21021.9
11140625,23,1339.42,3669.12
11140635,00,1170.93,3362.41
11140635,01,2746.44,7993.1900000000005
11140635,02,1892.49,5778.48
11140635,03,1442.8200000000002,4959.69
11140635,04,1477.01,6123.51
11140635,05,2232.5,11278.95
11140635,06,3903.23,17792.34
11140635,0700,1844.55,8507.15
11140635,0720,2339.03,9262.75
11140635,0740,2783.67,9965.43
11140635,0800,3307.23,11049.27
11140635,0820,3135.71,11153.91
11140635,0840,2642.52,9679.76
11140635,0900,2435.9700000000003,9891.87
11140635,0920,2454.28,9897.12
11140635,0940,2263.53,9414.19
11140635,10,5528.94,25739.14
11140635,11,6278.52,26161.17
11140635,12,7238.13,29264.99
11140635,13,7428.26,31759.54
11140635,14,7273.09,32225.09
11140635,15,8083.64,35876.08
11140635,16,9943.6,38026.07
11140635,1700,3752.8,14149.0
11140635,1720,4485.38,14137.4
11140635,1740,4573.25,14997.49
11140635,1800,7549.59,20112.32
11140635,1820,4419.83,13632.41
11140635,1840,4056.82,12772.31
11140635,1900,4258.51,12300.0
11140635,1920,3604.45,11217.2
11140635,1940,3542.08,11098.01
11140635,20,10436.69,31682.04
11140635,21,9684.75,27667.09
11140635,22,6604.4400000000005,18390.67
11140635,23,983.16,3207.78
11140645,00,1035.95,2600.48
11140645,01,2295.45,6177.14
11140645,02,1250.14,3301.39
11140645,03,924.0600000000001,2381.31
11140645,04,800.39,3789.39
11140645,05,1312.55,6682.6900000000005
11140645,06,3128.16,13424.84
11140645,0700,1347.66,6223.37
11140645,0720,1496.29,6525.82
11140645,0740,1764.06,8163.96
11140645,0800,2197.36,8469.62
11140645,0820,2194.42,7582.7
11140645,0840,1887.5,5895.25
11140645,0900,1460.34,5368.2
11140645,0920,1351.34,5067.92
11140645,0940,1053.6100000000001,4504.48
11140645,10,3300.38,14095.789999999999
11140645,11,3945.63,15928.199999999999
11140645,12,4662.76,18568.38
11140645,13,4745.71,18586.46
11140645,14,4649.66,20627.53
11140645,15,5044.93,22607.26
11140645,16,6086.56,24358.82
11140645,1700,2906.52,9631.76
11140645,1720,3042.58,9466.14
11140645,1740,3217.45,9812.52
11140645,1800,4738.6,12502.32
11140645,1820,3098.86,8419.92
11140645,1840,2798.2000000000003,7987.0
11140645,1900,3272.09,9222.32
11140645,1920,2821.23,7585.01
11140645,1940,2682.71,7182.38
11140645,20,8207.45,22198.26
11140645,21,7295.39,19243.42
11140645,22,4718.4,11948.6
11140645,23,699.62,2044.87
11140650,00,1062.7,2768.37
11140650,01,2531.95,6726.53
11140650,02,1861.69,4697.04
11140650,03,1462.8799999999999,3736.99
11140650,04,1268.43,4042.17
11140650,05,1524.16,7051.12
11140650,06,2787.9,15475.27
11140650,0700,1183.66,7649.26
11140650,0720,1669.44,9313.39
11140650,0740,1860.68,9259.92
11140650,0800,2099.73,7877.88
11140650,0820,2162.16,8319.54
11140650,0840,1646.53,7202.32
11140650,0900,1491.75,7539.5
11140650,0920,1528.2,6830.85
11140650,0940,1390.65,6639.09
11140650,10,4668.44,22059.68
11140650,11,5369.86,24188.36
11140650,12,5425.6,25017.05
11140650,13,5729.64,24927.57
11140650,14,5735.43,26360.38
11140650,15,7361.45,29726.57
11140650,16,9542.05,33133.42
11140650,1700,4746.54,13527.73
11140650,1720,4596.4800000000005,12824.41
11140650,1740,5099.1,13703.27
11140650,1800,8328.460000000001,18469.36
11140650,1820,5115.21,12506.87
11140650,1840,4372.32,11400.34
11140650,1900,4427.66,11564.06
11140650,1920,3620.94,9698.29
11140650,1940,3631.07,9159.99
11140650,20,9711.49,25079.61
11140650,21,8697.62,21810.13
11140650,22,5626.51,14248.74
11140650,23,898.23,2788.4
11140665,00,829.56,2361.41
11140665,01,1885.45,5454.64
11140665,02,1321.33,3796.82
11140665,03,856.28,3056.24
11140665,04,876.43,3868.88
11140665,05,1477.3,8229.09
11140665,06,3214.6800000000003,16084.82
11140665,0700,2347.63,9222.87
11140665,0720,3269.84,10684.09
11140665,0740,3541.45,12251.31
11140665,0800,3915.85,13184.49
11140665,0820,3136.46,11766.68
11140665,0840,2665.13,9762.09
11140665,0900,2552.03,9199.94
11140665,0920,2176.06,7702.04
11140665,0940,1856.81,7000.08
11140665,10,5109.88,20622.86
11140665,11,5254.62,20198.26
11140665,12,6576.35,23424.01
11140665,13,6484.5599999999995,24571.21
11140665,14,6319.48,25246.65
11140665,15,7155.5199999999995,27213.13
11140665,16,7987.599999999999,29564.52
11140665,1700,3285.2599999999998,11159.86
11140665,1720,3446.72,10649.37
11140665,1740,3313.52,10681.55
11140665,1800,4996.06,13803.77
11140665,1820,3103.56,10229.1
11140665,1840,2752.07,9438.71
11140665,1900,2871.55,9274.9
11140665,1920,2394.35,7588.14
11140665,1940,2389.87,7908.37
11140665,20,7037.97,21608.45
11140665,21,6705.73,19666.97
11140665,22,3923.9,12005.52
11140665,23,520.41,2125.94
11140670,00,2262.21,4304.86
11140670,01,4523.72,8645.58
11140670,02,3212.19,6572.99
11140670,03,2463.52,5738.9
11140670,04,2433.72,6725.36
11140670,05,2875.38,9445.53
11140670,06,3893.66,16198.9
11140670,0700,1979.21,7727.21
11140670,0720,1993.26,7875.55
11140670,0740,2342.06,8606.61
11140670,0800,3055.5,10055.65
11140670,0820,2632.75,10495.95
11140670,0840,2147.4,9187.22
11140670,0900,1923.62,8528.23
11140670,0920,2048.71,8524.77
11140670,0940,1894.3799999999999,8342.58
11140670,10,6658.73,26987.32
11140670,11,8089.11,29940.82
11140670,12,9093.99,32031.079999999998
11140670,13,9269.81,32110.64
11140670,14,9998.25,32971.77
11140670,15,10805.92,33833.59
11140670,16,14183.51,38319.38
11140670,1700,6764.58,15640.65
11140670,1720,7336.24,15936.039999999999
11140670,1740,7418.47,16040.42
11140670,1800,11444.26,21895.21
11140670,1820,8016.16,15728.95
11140670,1840,7063.3,14482.44
11140670,1900,7097.73,13928.1
11140670,1920,6225.6,12162.34
11140670,1940,6022.89,11883.35
11140670,20,17423.31,33612.94
11140670,21,15293.52,28341.47
11140670,22,9709.789999999999,18951.56
11140670,23,1425.28,3337.82
11140680,00,892.11,2346.06
11140680,01,1993.1799999999998,4888.92
11140680,02,1880.23,4576.07
11140680,03,1172.23,3487.48
11140680,04,1386.61,5627.16
11140680,05,2625.13,11754.34
11140680,06,7118.2,28261.55
11140680,0700,4555.79,16665.96
11140680,0720,6011.23,18086.74
11140680,0740,7167.82,18302.6
11140680,0800,6336.91,16486.38
11140680,0820,4457.12,13728.78
11140680,0840,4045.92,11443.74
11140680,0900,3787.74,10468.15
11140680,0920,2724.59,8812.28
11140680,0940,2448.9,8250.51
11140680,10,8209.47,25837.170000000002
11140680,11,12988.55,34848.71
11140680,12,12875.98,37767.92
11140680,13,10844.54,33288.4
11140680,14,10704.07,32480.35
11140680,15,11017.5,34297.82
11140680,16,12587.89,37521.71
11140680,1700,5974.21,15238.27
11140680,1720,5924.36,15183.19
11140680,1740,5972.72,15389.36
11140680,1800,9299.43,20729.989999999998
11140680,1820,5961.41,14005.99
11140680,1840,4623.55,11916.08
11140680,1900,4550.43,11601.39
11140680,1920,4117.78,10478.11
11140680,1940,3995.93,10077.04
11140680,20,10788.33,26378.06
11140680,21,9192.27,22149.6
11140680,22,5887.78,13746.05
11140680,23,789.32,2052.69
11170510,00,1551.04,3212.39
11170510,01,2875.99,6472.24
11170510,02,1740.66,3854.11
11170510,03,1448.04,3374.55
11170510,04,1322.84,4509.06
11170510,05,2066.7599999999998,8887.94
11170510,06,5330.32,20145.329999999998
11170510,0700,2738.17,9472.62
11170510,0720,2980.7200000000003,9479.3
11170510,0740,3239.85,9896.61
11170510,0800,3402.69,10192.12
11170510,0820,2797.6,9607.89
11170510,0840,2328.43,8710.39
11170510,0900,2302.07,8201.57
11170510,0920,2312.67,8257.32
11170510,0940,2479.3399999999997,8904.32
11170510,10,7546.04,26263.25
11170510,11,11830.6,33726.56
11170510,12,11632.11,35096.29
11170510,13,11316.62,34530.01
11170510,14,11363.17,35605.23
11170510,15,11886.55,39034.34
11170510,16,12867.83,41013.18
11170510,1700,5962.53,16866.82
11170510,1720,6027.15,15488.92
11170510,1740,6017.69,15949.11
11170510,1800,9695.59,22436.89
11170510,1820,6265.07,15586.93
11170510,1840,5363.79,13717.08
11170510,1900,5586.33,13782.16
11170510,1920,4771.86,11923.14
11170510,1940,4388.09,11259.14
11170510,20,14092.44,33108.6
11170510,21,12457.72,30370.57
11170510,22,7617.06,18917.03
11170510,23,1066.5,2767.59
11170520,00,1685.08,2816.9
11170520,01,3188.37,5749.82
11170520,02,2363.17,4252.87
11170520,03,1531.1999999999998,3329.06
11170520,04,1383.12,3889.08
11170520,05,2157.09,8532.53
11170520,06,5119.0199999999995,21174.8
11170520,0700,2530.88,12361.43
11170520,0720,2084.3,11047.92
11170520,0740,2165.81,8692.17
11170520,0800,2188.18,7813.5199999999995
11170520,0820,2241.43,7484.52
11170520,0840,2272.44,6574.96
11170520,0900,2589.77,7479.59
11170520,0920,2466.43,6766.99
11170520,0940,2656.95,7125.79
11170520,10,10213.81,24245.04
11170520,11,13610.1,28278.8
11170520,12,14962.36,31175.52
11170520,13,15601.03,31439.58
11170520,14,16190.36,33350.02
11170520,15,17003.18,34885.22
11170520,16,18402.71,36902.01
11170520,1700,7243.84,13996.77
11170520,1720,7035.16,12945.38
11170520,1740,6952.8099999999995,13355.82
11170520,1800,8762.04,15755.36
11170520,1820,6293.16,11720.02
11170520,1840,5584.91,10799.21
11170520,1900,5651.01,10767.56
11170520,1920,4765.44,8983.69
11170520,1940,4469.42,8572.869999999999
11170520,20,12842.1,23227.25
11170520,21,10790.789999999999,20820.8
11170520,22,6870.45,12486.26
11170520,23,1114.94,1959.78
11170530,00,1469.45,2942.61
11170530,01,3045.02,6530.14
11170530,02,2438.61,5444.5
11170530,03,2146.92,5146.23
11170530,04,3448.12,11671.36
11170530,05,8977.23,33560.69
11170530,06,25310.28,65182.84
11170530,0700,15844.08,35468.51
11170530,0720,20864.32,42660.87
11170530,0740,22653.79,46827.87
11170530,0800,21636.57,46200.57
11170530,0820,16185.24,38793.72
11170530,0840,12059.62,32211.34
11170530,0900,11219.22,29328.64
11170530,0920,9186.27,26079.35
11170530,0940,8904.82,25217.76
11170530,10,28601.39,81600.84
11170530,11,36517.22,90708.84
11170530,12,39507.18,93930.21
11170530,13,30462.05,79532.68
11170530,14,29966.760000000002,77165.46
11170530,15,30418.79,78373.95
11170530,16,36280.56,85103.0
11170530,1700,14916.29,31515.010000000002
11170530,1720,14621.79,30272.010000000002
11170530,1740,15393.45,30070.65
11170530,1800,20649.15,38096.68
11170530,1820,13880.95,25958.46
11170530,1840,11312.99,21454.12
11170530,1900,10682.68,19659.05
11170530,1920,8694.460000000001,16193.81
11170530,1940,7947.29,14687.48
11170530,20,20782.1,38721.86
11170530,21,15040.17,27910.83
11170530,22,8667.13,16456.01
11170530,23,1371.05,2970.08
11170555,00,2478.2,4926.31
11170555,01,5698.01,11615.75
11170555,02,4265.49,8567.36
11170555,03,3498.49,7492.5199999999995
11170555,04,3281.55,8912.07
11170555,05,5783.57,20039.55
11170555,06,14569.18,46027.93
11170555,0700,9019.51,26428.53
11170555,0720,11695.43,31540.91
11170555,0740,13543.65,33940.51
11170555,0800,13816.21,32199.21
11170555,0820,13436.28,32653.61
11170555,0840,13116.48,31091.14
11170555,0900,13814.76,30149.23
11170555,0920,12348.66,27208.13
11170555,0940,10338.57,23336.59
11170555,10,28667.739999999998,67694.38
11170555,11,31526.97,68676.35
11170555,12,31595.89,71425.94
11170555,13,28104.989999999998,65876.8
11170555,14,27770.4,66659.2
11170555,15,24632.81,63925.65
11170555,16,29499.04,71334.94
11170555,1700,12153.55,26061.95
11170555,1720,12778.19,26146.88
11170555,1740,12873.89,26951.95
11170555,1800,19168.17,35503.18
11170555,1820,12043.95,23836.6
11170555,1840,10696.7,21573.9
11170555,1900,10598.28,20731.85
11170555,1920,8900.82,18330.31
11170555,1940,8746.28,17626.62
11170555,20,26147.14,50945.74
11170555,21,23124.079999999998,42856.03
11170555,22,14083.74,26891.1
11170555,23,2029.88,4404.11
11170560,00,2429.61,4248.17
11170560,01,5078.13,9313.4
11170560,02,3585.88,6899.58
11170560,03,2708.95,5520.56
11170560,04,2871.14,6963.37
11170560,05,4754.57,16158.710000000001
11170560,06,10467.68,29232.66
11170560,0700,5896.6,15628.76
11170560,0720,7442.91,19258.42
11170560,0740,9630.64,22048.23
11170560,0800,9251.52,23085.989999999998
11170560,0820,7582.06,21246.05
11170560,0840,7122.6,18059.07
11170560,0900,6087.46,15787.05
11170560,0920,4491.65,13682.35
11170560,0940,3831.55,12358.47
11170560,10,11688.0,35313.19
11170560,11,14534.36,39287.58
11170560,12,16876.85,44519.1
11170560,13,15485.93,42980.39
11170560,14,14948.890000000001,42642.38
11170560,15,15906.99,44179.33
11170560,16,19607.94,50591.95
11170560,1700,9094.05,20249.56
11170560,1720,9218.93,19710.3
11170560,1740,9604.36,20788.07
11170560,1800,15615.99,28930.94
11170560,1820,10381.18,20824.75
11170560,1840,8938.36,18282.94
11170560,1900,9178.32,18150.38
11170560,1920,7668.26,15643.02
11170560,1940,7564.65,15488.14
11170560,20,21977.61,42891.07
11170560,21,19717.01,37197.52
11170560,22,12961.2,23997.83
11170560,23,1843.7,3782.92
11170570,00,1439.81,2980.82
11170570,01,2654.32,5649.4
11170570,02,2058.04,4569.4
11170570,03,1370.93,3459.09
11170570,04,1361.74,4819.03
11170570,05,2722.5,14018.28
11170570,06,7921.81,25953.08
11170570,0700,4778.04,14818.470000000001
11170570,0720,5261.1,16549.85
11170570,0740,5312.4400000000005,14640.4
11170570,0800,5064.28,13536.7
11170570,0820,3237.59,11781.6
11170570,0840,2358.08,9003.16
11170570,0900,1928.56,7778.85
11170570,0920,1675.06,7636.02
11170570,0940,1752.41,7063.3
11170570,10,4489.33,19486.9
11170570,11,5170.0599999999995,21221.09
11170570,12,7062.08,27036.75
11170570,13,6867.37,28120.18
11170570,14,6949.7,29595.34
11170570,15,7570.599999999999,32244.75
11170570,16,9645.1,35368.74
11170570,1700,4289.45,13522.36
11170570,1720,4408.53,13036.69
11170570,1740,4711.54,14159.63
11170570,1800,6795.299999999999,18421.79
11170570,1820,4324.48,12930.33
11170570,1840,3967.9399999999996,11694.93
11170570,1900,4093.95,12002.47
11170570,1920,3956.33,10884.8
11170570,1940,3896.14,10565.48
11170570,20,11849.91,31183.4
11170570,21,11085.84,28082.85
11170570,22,7255.13,17876.13
11170570,23,1005.96,2709.31
11170580,00,1349.19,2987.09
11170580,01,2783.55,7005.19
11170580,02,1986.06,4702.95
11170580,03,1394.08,3821.62
11170580,04,1523.27,4893.69
11170580,05,2306.93,9599.8
11170580,06,6985.0,24495.2
11170580,0700,4066.5,13587.52
11170580,0720,4905.92,15903.43
11170580,0740,5364.84,16714.11
11170580,0800,5255.82,15833.28
11170580,0820,4489.12,13530.23
11170580,0840,4779.98,12396.12
11170580,0900,4458.83,11544.28
11170580,0920,4334.2,11072.47
11170580,0940,3814.22,9963.47
11170580,10,9697.82,27367.66
11170580,11,11248.28,30016.45
11170580,12,11899.46,33672.42
11170580,13,11600.81,33265.96
11170580,14,11679.57,33124.67
11170580,15,9976.85,32220.68
11170580,16,11106.98,32685.809999999998
11170580,1700,4516.47,12055.16
11170580,1720,4697.87,12013.539999999999
11170580,1740,4537.93,11993.27
11170580,1800,7244.75,16266.39
11170580,1820,4252.35,10972.539999999999
11170580,1840,4083.33,10462.14
11170580,1900,4211.83,10431.21
11170580,1920,3444.22,8913.35
11170580,1940,3664.28,9042.04
11170580,20,10895.21,26457.079999999998
11170580,21,10377.7,23969.4
11170580,22,7278.3,16677.06
11170580,23,1080.8,2833.16
11170590,00,923.39,2115.04
11170590,01,1966.06,4704.04
11170590,02,1385.58,2980.9900000000002
11170590,03,912.56,2322.38
11170590,04,904.47,3373.2799999999997
11170590,05,1066.39,5918.74
11170590,06,2206.44,10777.85
11170590,0700,1105.59,4671.04
11170590,0720,1789.28,5491.69
11170590,0740,2032.6399999999999,5869.25
11170590,0800,1904.29,6274.92
11170590,0820,1701.42,6073.69
11170590,0840,1480.59,5495.89
11170590,0900,1273.32,5737.4800000000005
11170590,0920,1261.02,5890.59
11170590,0940,1295.52,5991.53
11170590,10,3660.96,17681.5
11170590,11,4792.26,20394.12
11170590,12,5432.53,21106.77
11170590,13,5286.03,21916.16
11170590,14,5886.77,23536.81
11170590,15,6686.98,26343.16
11170590,16,8213.14,30294.31
11170590,1700,3653.25,11422.73
11170590,1720,3875.4300000000003,11401.94
11170590,1740,3793.93,11083.3
11170590,1800,6239.02,15449.89
11170590,1820,4240.98,10898.289999999999
11170590,1840,3728.94,10174.74
11170590,1900,4106.03,10573.57
11170590,1920,3192.1,8919.65
11170590,1940,3254.62,8874.09
11170590,20,9889.25,24760.92
11170590,21,9523.1,21172.49
11170590,22,6154.93,14085.0
11170590,23,828.46,2125.15
11170625,00,4170.23,7952.73
11170625,01,8433.47,16622.7
11170625,02,6015.94,12558.25
11170625,03,4741.7699999999995,11922.11
11170625,04,5966.85,21154.75
11170625,05,18695.08,70808.23
11170625,06,61883.18,177027.43
11170625,0700,39504.6,94727.84
11170625,0720,49443.47,110675.05
11170625,0740,56403.93,120098.67
11170625,0800,58955.07,120602.3
11170625,0820,51570.4,109480.83
11170625,0840,46381.21,98156.32
11170625,0900,44016.1,95377.01
11170625,0920,38287.69,87656.44
11170625,0940,34688.18,83989.84
11170625,10,112451.36,264731.24
11170625,11,142825.4,300037.77
11170625,12,163618.69,333463.9
11170625,13,144761.12,296715.32
11170625,14,139241.66,277995.5
11170625,15,142361.32,278336.22
11170625,16,157757.23,292467.72
11170625,1700,63294.369999999995,109893.37
11170625,1720,60741.59,105109.41
11170625,1740,60668.37,102140.27
11170625,1800,79587.55,125377.65
11170625,1820,54272.99,87812.96
11170625,1840,44108.69,73010.83
11170625,1900,40960.53,67833.01
11170625,1920,33723.090000000004,57037.26
11170625,1940,30007.43,51561.11
11170625,20,72399.75,125673.98
11170625,21,46707.89,84120.93000000001
11170625,22,26153.5,46041.05
11170625,23,4315.17,8266.04
11170630,00,1529.8,4402.71
11170630,01,2967.87,9318.47
11170630,02,2114.66,7248.49
11170630,03,1624.98,6109.72
11170630,04,1588.51,8173.85
11170630,05,2788.77,18094.72
11170630,06,5911.72,31498.69
11170630,0700,3821.71,16291.880000000001
11170630,0720,3672.44,17737.75
11170630,0740,3808.01,18844.01
11170630,0800,3498.49,19930.56
11170630,0820,3049.58,17979.37
11170630,0840,3084.24,15673.07
11170630,0900,3103.92,16299.72
11170630,0920,2821.65,15044.58
11170630,0940,2761.54,14499.65
11170630,10,9411.3,47641.38
11170630,11,12416.7,53546.71
11170630,12,13783.33,61130.66
11170630,13,13352.98,62249.78
11170630,14,13140.23,64640.02
11170630,15,14056.97,69546.4
11170630,16,17682.65,75837.81
11170630,1700,7147.45,28072.41
11170630,1720,7175.7300000000005,26830.78
11170630,1740,7361.21,27294.25
11170630,1800,9444.22,32828.62
11170630,1820,6928.4,25375.5
11170630,1840,6050.37,23744.41
11170630,1900,5970.19,22307.53
11170630,1920,5617.74,20734.59
11170630,1940,5479.51,20655.97
11170630,20,16714.05,59214.06
11170630,21,14888.35,52926.32
11170630,22,9153.73,32077.43
11170630,23,1201.65,4552.0599999999995
11170640,00,676.1899999999999,1566.23
11170640,01,1110.99,3022.94
11170640,02,862.17,2528.43
11170640,03,609.63,2000.27
11170640,04,615.9,2215.43
11170640,05,750.5,3719.88
11170640,06,1217.03,5503.35
11170640,0700,557.18,2103.01
11170640,0720,482.81,2079.33
11170640,0740,528.43,2525.91
11170640,0800,510.14,2561.46
11170640,0820,532.3,2677.16
11170640,0840,588.27,2548.15
11170640,0900,425.16,2310.13
11170640,0920,476.05,2396.52
11170640,0940,498.07,2351.11
11170640,10,1570.01,7060.84
11170640,11,1830.15,7480.45
11170640,12,2405.18,9355.77
11170640,13,2738.48,10900.02
11170640,14,3133.51,11955.59
11170640,15,3601.11,13679.41
11170640,16,4151.25,14191.99
11170640,1700,1898.49,5109.89
11170640,1720,1609.34,5038.26
11170640,1740,1915.08,5265.32
11170640,1800,2432.21,7049.29
11170640,1820,1652.74,5129.12
11170640,1840,1567.75,4586.59
11170640,1900,1732.98,4996.64
11170640,1920,1340.8899999999999,4435.8
11170640,1940,1354.51,3924.94
11170640,20,4393.9,12422.61
11170640,21,4071.97,10909.83
11170640,22,2686.93,7216.32
11170640,23,435.4,1311.54
11170650,00,5206.3,6481.4800000000005
11170650,01,8745.42,11363.88
11170650,02,6015.0199999999995,8116.2
11170650,03,3662.6,5569.3
11170650,04,3355.76,7717.65
11170650,05,5438.47,17363.57
11170650,06,6623.59,18897.37
11170650,0700,2849.25,8028.79
11170650,0720,3462.56,9070.63
11170650,0740,4107.22,10120.64
11170650,0800,4448.99,10652.46
11170650,0820,4308.62,10444.72
11170650,0840,4264.84,10803.44
11170650,0900,4102.88,10604.94
11170650,0920,3895.9,10226.66
11170650,0940,3768.17,10030.21
11170650,10,12372.11,33428.37
11170650,11,14408.41,36187.26
11170650,12,15206.75,38235.17
11170650,13,14726.91,35118.61
11170650,14,14487.16,33626.74
11170650,15,16029.380000000001,35601.51
11170650,16,20144.24,40484.62
11170650,1700,8090.39,15354.42
11170650,1720,7799.58,14351.85
11170650,1740,8360.43,14572.16
11170650,1800,10333.35,17513.43
11170650,1820,8322.38,13437.37
11170650,1840,7637.88,12190.64
11170650,1900,8064.05,12568.289999999999
11170650,1920,7096.78,11324.89
11170650,1940,7249.03,11471.49
11170650,20,21873.74,32715.45
11170650,21,21697.04,30859.53
11170650,22,15836.6,20934.8
11170650,23,2105.91,3004.29
11170660,00,1741.34,3102.08
11170660,01,3232.3,6065.07
11170660,02,2521.11,4616.96
11170660,03,1923.36,3980.46
11170660,04,1909.72,5230.99
11170660,05,3246.45,11213.58
11170660,06,6043.71,21374.88
11170660,0700,2957.22,9093.71
11170660,0720,3570.89,9814.44
11170660,0740,3693.84,9440.45
11170660,0800,4132.14,10635.87
11170660,0820,4147.76,10693.6
11170660,0840,4311.58,9877.07
11170660,0900,4766.25,11183.15
11170660,0920,4208.68,10589.94
11170660,0940,4242.26,10315.64
11170660,10,12330.41,30530.25
11170660,11,14751.12,33511.48
11170660,12,17376.86,38023.84
11170660,13,18528.16,39482.97
11170660,14,18011.6,39394.82
11170660,15,17869.91,38695.51
11170660,16,18983.53,39971.08
11170660,1700,6989.51,14471.75
11170660,1720,6947.8,13889.19
11170660,1740,6653.11,13361.29
11170660,1800,8125.49,15567.1
11170660,1820,6063.92,12375.06
11170660,1840,5482.64,10859.97
11170660,1900,6026.88,11363.66
11170660,1920,4959.89,9794.69
11170660,1940,4845.42,9444.78
11170660,20,13623.82,27277.13
11170660,21,11062.1,22544.59
11170660,22,7371.54,14848.56
11170660,23,1028.76,2140.08
11170685,00,4299.82,7312.46
11170685,01,7923.01,14521.66
11170685,02,5074.62,9811.73
11170685,03,4061.04,8617.57
11170685,04,4174.18,13527.85
11170685,05,12405.33,45448.07
11170685,06,30690.7,91296.76
11170685,0700,16093.22,43027.74
11170685,0720,16567.38,45277.4
11170685,0740,19508.48,45456.33
11170685,0800,22104.59,48218.29
11170685,0820,21466.58,46963.17
11170685,0840,19708.31,43152.54
11170685,0900,19652.61,42115.71
11170685,0920,16711.61,37999.36
11170685,0940,14444.31,33738.73
11170685,10,42857.36,100267.1
11170685,11,45690.17,106256.89
11170685,12,50678.79,115621.81
11170685,13,52034.35,115377.68
11170685,14,48387.81,106512.74
11170685,15,47693.78,102947.85
11170685,16,49322.65,105536.22
11170685,1700,18742.91,40073.81
11170685,1720,17662.739999999998,37387.84
11170685,1740,17374.88,36482.25
11170685,1800,20106.09,39092.26
11170685,1820,15767.37,31121.03
11170685,1840,14278.21,28000.36
11170685,1900,13630.96,26113.07
11170685,1920,11044.8,22325.12
11170685,1940,10341.21,21297.63
11170685,20,26836.88,56187.86
11170685,21,22725.34,46972.76
11170685,22,15887.460000000001,29831.72
11170685,23,2945.66,5432.8
11170690,00,982.36,2634.06
11170690,01,1816.1,5315.23
11170690,02,1423.67,4283.09
11170690,03,1443.62,5834.05
11170690,04,2547.31,13234.57
11170690,05,6220.44,31223.329999999998
11170690,06,7791.26,37079.19
11170690,0700,3799.7,14896.05
11170690,0720,3802.49,16513.11
11170690,0740,4665.08,19544.56
11170690,0800,4777.94,20167.62
11170690,0820,4538.43,19863.6
11170690,0840,3878.69,17757.87
11170690,0900,4167.0199999999995,18824.62
11170690,0920,3907.25,18376.48
11170690,0940,3946.34,17846.93
11170690,10,12209.07,51806.2
11170690,11,13838.75,50721.93
11170690,12,20280.61,68880.99
11170690,13,24296.12,71059.54
11170690,14,23634.56,63541.63
11170690,15,20128.510000000002,57158.01
11170690,16,13566.66,46246.7
11170690,1700,4341.32,15670.53
11170690,1720,4334.15,15444.28
11170690,1740,3933.85,14720.43
11170690,1800,5412.98,17649.29
11170690,1820,4026.28,13738.89
11170690,1840,4214.84,13770.45
11170690,1900,4040.62,13262.17
11170690,1920,3055.96,10550.99
11170690,1940,3205.9,10441.77
11170690,20,8630.05,29295.53
11170690,21,7922.95,25480.48
11170690,22,4872.33,15675.43
11170690,23,661.42,2382.79
11170700,00,794.1899999999999,1656.66
11170700,01,1501.8899999999999,3344.37
11170700,02,1165.93,2724.67
11170700,03,983.73,2387.95
11170700,04,919.91,3137.63
11170700,05,1305.89,6375.38
11170700,06,3518.19,13967.21
11170700,0700,2274.59,7133.63
11170700,0720,3071.36,8756.63
11170700,0740,3042.35,8100.74
11170700,0800,2531.32,6963.26
11170700,0820,2136.85,6335.22
11170700,0840,1964.35,5540.13
11170700,0900,1267.46,4698.88
11170700,0920,870.75,4105.47
11170700,0940,872.87,4168.53
11170700,10,2630.58,11763.93
11170700,11,3309.15,13830.74
11170700,12,3890.3399999999997,15654.97
11170700,13,4013.51,16600.63
11170700,14,3993.25,17084.52
11170700,15,4545.49,18459.15
11170700,16,5112.9,18909.36
11170700,1700,1901.83,6860.24
11170700,1720,2058.48,6640.72
11170700,1740,2040.1499999999999,6792.93
11170700,1800,3061.26,8457.7
11170700,1820,2116.86,6445.75
11170700,1840,2024.72,5862.77
11170700,1900,2100.44,6498.2300000000005
11170700,1920,1910.3,5955.19
11170700,1940,1973.68,5850.93
11170700,20,5455.66,15491.01
11170700,21,4648.76,12937.3
11170700,22,3156.58,8427.56
11170700,23,453.06,1361.86
11200520,00,2038.47,4916.02
11200520,01,4238.85,10650.47
11200520,02,3239.29,8144.2
11200520,03,2389.53,6664.89
11200520,04,2240.37,7152.3
11200520,05,2574.13,11162.33
11200520,06,4577.1,18463.78
11200520,0700,2152.48,8585.67
11200520,0720,2809.0,9988.78
11200520,0740,3184.68,11010.89
11200520,0800,3159.96,11598.33
11200520,0820,2877.61,11620.68
11200520,0840,2530.38,9262.99
11200520,0900,2555.14,8577.48
11200520,0920,2244.83,8280.2
11200520,0940,2173.28,7698.81
11200520,10,5890.37,23570.75
11200520,11,6514.23,24787.38
11200520,12,8314.32,30359.81
11200520,13,8167.86,30631.57
11200520,14,8928.31,34839.91
11200520,15,9411.98,39475.46
11200520,16,12202.85,44498.44
11200520,1700,5281.36,17214.11
11200520,1720,5453.66,16232.84
11200520,1740,5854.58,16792.59
11200520,1800,9218.12,23241.39
11200520,1820,5950.5599999999995,17146.78
11200520,1840,5218.26,14766.16
11200520,1900,5414.94,15373.22
11200520,1920,4720.26,14319.33
11200520,1940,4687.11,13647.31
11200520,20,14471.91,39462.97
11200520,21,14138.43,37589.76
11200520,22,8719.69,23917.59
11200520,23,1543.66,4388.09
11200535,00,4283.0,9290.47
11200535,01,10028.56,22109.27
11200535,02,8239.21,20381.59
11200535,03,6147.78,15582.04
11200535,04,6340.61,19979.36
11200535,05,8547.22,32410.07
11200535,06,14320.01,53216.58
11200535,0700,7757.73,27617.260000000002
11200535,0720,9665.02,33115.28
11200535,0740,11154.04,37520.7
11200535,0800,12666.39,43092.0
11200535,0820,12097.98,41211.87
11200535,0840,10445.03,34423.65
11200535,0900,10115.73,32543.87
11200535,0920,9224.539999999999,30757.57
11200535,0940,8506.57,29468.48
11200535,10,26683.09,85865.15
11200535,11,31355.94,92685.7
11200535,12,32657.81,99908.53
11200535,13,29610.05,97080.59
11200535,14,30840.22,101169.23
11200535,15,33225.78,106265.08
11200535,16,39408.9,117718.26
11200535,1700,18312.31,46075.31
11200535,1720,18096.91,45291.68
11200535,1740,18254.65,44585.73
11200535,1800,25859.92,56903.84
11200535,1820,18199.88,41815.37
11200535,1840,15136.6,36395.03
11200535,1900,15492.51,36999.88
11200535,1920,12921.37,30990.25
11200535,1940,12736.74,29500.739999999998
11200535,20,35991.8,82678.81
11200535,21,31765.86,72010.74
11200535,22,21090.45,46789.8
11200535,23,3516.87,8485.91
11200540,00,3052.69,6464.0599999999995
11200540,01,6444.69,14456.95
11200540,02,4850.91,12268.31
11200540,03,3938.95,11142.75
11200540,04,4030.59,13661.1
11200540,05,6539.3,26798.28
11200540,06,13978.65,52819.56
11200540,0700,6189.55,23020.62
11200540,0720,7424.66,26000.39
11200540,0740,8047.51,27954.37
11200540,0800,7038.25,27571.670000000002
11200540,0820,6764.85,26924.94
11200540,0840,5384.67,21685.77
11200540,0900,4759.9,19968.71
11200540,0920,4180.97,19008.11
11200540,0940,4384.78,18754.46
11200540,10,13447.97,55153.3
11200540,11,14507.2,56982.5
11200540,12,16827.21,63008.59
11200540,13,16007.08,61085.62
11200540,14,16612.79,62438.84
11200540,15,18420.93,66262.62
11200540,16,21601.84,72625.38
11200540,1700,9596.89,27912.81
11200540,1720,10461.28,28180.09
11200540,1740,10601.51,28320.59
11200540,1800,15670.76,37356.8
11200540,1820,10258.58,26212.84
11200540,1840,8714.34,23138.53
11200540,1900,8861.11,23509.37
11200540,1920,7488.59,19978.04
11200540,1940,7530.55,19341.93
11200540,20,22289.68,54345.57
11200540,21,21239.34,48692.409999999996
11200540,22,13534.34,31088.850000000002
11200540,23,1947.38,5381.07
11200550,00,4458.65,6586.27
11200550,01,8560.74,13728.44
11200550,02,6166.47,10274.8
11200550,03,4234.77,7951.85
11200550,04,4356.37,10210.83
11200550,05,8178.47,27090.45
11200550,06,20344.8,57191.07
11200550,0700,13615.29,32363.15
11200550,0720,18773.28,41915.32
11200550,0740,22374.72,50436.83
11200550,0800,25199.46,51676.56
11200550,0820,27447.42,50819.29
11200550,0840,25836.51,46923.54
11200550,0900,21106.42,40167.25
11200550,0920,21800.78,40299.91
11200550,0940,20881.14,39320.77
11200550,10,56186.96,108527.17
11200550,11,70718.21,129756.94
11200550,12,89643.47,160090.27
11200550,13,54152.93,110450.0
11200550,14,55235.47,108131.72
11200550,15,50242.55,96431.9
11200550,16,50277.01,97276.93
11200550,1700,19847.96,35606.26
11200550,1720,20992.38,36446.4
11200550,1740,21705.08,36902.75
11200550,1800,25567.75,41977.84
11200550,1820,20402.45,33290.06
11200550,1840,18866.2,30613.16
11200550,1900,16755.24,27376.010000000002
11200550,1920,14909.97,24318.670000000002
11200550,1940,14758.99,23806.47
11200550,20,39750.32,62145.65
11200550,21,34082.75,51507.2
11200550,22,22153.0,33165.64
11200550,23,4317.6,6569.94
11200560,00,3165.36,6357.0199999999995
11200560,01,6439.82,13899.4
11200560,02,4610.76,10512.12
11200560,03,3905.69,10498.7
11200560,04,4042.96,13298.26
11200560,05,9040.78,32516.21
11200560,06,22629.13,67766.83
11200560,0700,11595.55,34079.75
11200560,0720,14312.6,39128.21
11200560,0740,17804.36,44758.16
11200560,0800,20043.17,50221.89
11200560,0820,18651.26,50515.92
11200560,0840,15882.72,43882.06
11200560,0900,14613.710000000001,41874.090000000004
11200560,0920,14378.64,40678.82
11200560,0940,13573.25,38920.05
11200560,10,37079.89,113567.48
11200560,11,44655.1,121498.07
11200560,12,53339.56,139576.74
11200560,13,43728.03,122586.41
11200560,14,41428.31,117524.3
11200560,15,38536.25,113710.81999999999
11200560,16,43003.95,118434.62
11200560,1700,18036.82,43832.59
11200560,1720,18783.43,42835.2
11200560,1740,18921.37,42924.49
11200560,1800,25878.33,53471.57
11200560,1820,18940.05,39856.299999999996
11200560,1840,16756.72,35117.28
11200560,1900,15950.48,34179.48
11200560,1920,13528.77,29459.19
11200560,1940,13141.02,27914.7
11200560,20,35134.97,73294.71
11200560,21,26634.27,55956.06
11200560,22,17459.170000000002,35901.4
11200560,23,3271.26,6927.94
11200570,00,1946.6299999999999,4862.84
11200570,01,4042.47,10942.72
11200570,02,2879.86,8445.66
11200570,03,2144.22,7194.38
11200570,04,1981.02,8149.45
11200570,05,2402.5,11546.7
11200570,06,3778.56,20720.02
11200570,0700,2153.85,10145.92
11200570,0720,2571.07,12612.57
11200570,0740,2432.17,13208.87
11200570,0800,2292.18,13978.07
11200570,0820,2147.23,13026.63
11200570,0840,1849.71,10501.74
11200570,0900,1874.72,9574.73
11200570,0920,1820.39,9007.06
11200570,0940,1639.39,9107.61
11200570,10,6027.71,28249.21
11200570,11,6845.43,32552.2
11200570,12,8196.81,38442.23
11200570,13,8438.92,40500.3
11200570,14,9580.41,47562.31
11200570,15,10984.15,54550.69
11200570,16,14695.98,63041.96
11200570,1700,6885.01,24358.2
11200570,1720,7076.89,23409.12
11200570,1740,7011.09,23798.92
11200570,1800,11428.31,31838.09
11200570,1820,7055.349999999999,22619.07
11200570,1840,6409.74,20542.68
11200570,1900,6390.5599999999995,20882.67
11200570,1920,5557.35,18315.22
11200570,1940,5851.74,18547.83
11200570,20,17612.21,52783.66
11200570,21,16067.11,47182.15
11200570,22,10065.99,29780.059999999998
11200570,23,1412.42,4607.88
11200580,00,894.66,2549.85
11200580,01,1800.8899999999999,5077.52
11200580,02,1286.02,3899.32
11200580,03,861.04,3316.23
11200580,04,783.34,4228.05
11200580,05,962.27,5602.15
11200580,06,1781.27,11448.02
11200580,0700,890.9,5607.03
11200580,0720,1190.41,6957.37
11200580,0740,1029.68,8164.21
11200580,0800,1190.36,9605.13
11200580,0820,1022.41,6895.21
11200580,0840,895.37,5258.83
11200580,0900,784.8,5504.37
11200580,0920,852.52,5429.9
11200580,0940,754.88,4945.59
11200580,10,2924.56,16723.27
11200580,11,3522.09,19197.52
11200580,12,4507.34,24222.15
11200580,13,5183.11,26513.53
11200580,14,5549.2699999999995,29128.73
11200580,15,6087.03,32044.48
11200580,16,6857.02,35159.61
11200580,1700,3120.95,13111.96
11200580,1720,3258.87,12754.66
11200580,1740,3366.8399999999997,12831.78
11200580,1800,5639.11,17984.420000000002
11200580,1820,3280.88,13045.09
11200580,1840,3012.97,12492.34
11200580,1900,3589.36,13000.07
11200580,1920,2860.46,11000.62
11200580,1940,3058.41,10649.07
11200580,20,8688.76,30676.39
11200580,21,8395.12,26691.69
11200580,22,5333.94,15938.42
11200580,23,681.85,2362.5
11200590,00,1071.62,3007.11
11200590,01,2089.21,5713.13
11200590,02,1488.15,4154.42
11200590,03,996.6,3414.1299999999997
11200590,04,996.9,4573.29
11200590,05,1722.26,9223.9
11200590,06,3183.68,16443.66
11200590,0700,1325.21,7010.35
11200590,0720,1547.01,7430.93
11200590,0740,1613.36,7921.51
11200590,0800,2099.63,9586.19
11200590,0820,2170.71,10824.18
11200590,0840,1938.46,8921.47
11200590,0900,2050.66,9125.81
11200590,0920,2009.02,9073.14
11200590,0940,1592.82,8623.97
11200590,10,5461.69,25529.99
11200590,11,5649.12,27066.92
11200590,12,6464.77,30370.9
11200590,13,7273.13,33025.95
11200590,14,7383.57,37058.020000000004
11200590,15,8352.72,40697.46
11200590,16,10273.9,44519.54
11200590,1700,4138.47,16293.99
11200590,1720,4279.54,15394.65
11200590,1740,4389.89,15837.62
11200590,1800,6784.33,20637.38
11200590,1820,4836.58,15702.19
11200590,1840,4033.13,14164.18
11200590,1900,4315.35,14459.84
11200590,1920,3678.19,12620.68
11200590,1940,3497.86,11757.58
11200590,20,10629.35,33423.58
11200590,21,9818.65,29784.52
11200590,22,6373.9,18800.13
11200590,23,925.84,3049.13
11200615,00,2219.1,5682.45
11200615,01,4375.01,11606.48
11200615,02,3405.21,9389.56
11200615,03,2577.34,7529.13
11200615,04,2387.88,8834.54
11200615,05,3069.37,13928.27
11200615,06,5922.8,26752.53
11200615,0700,2335.61,11798.9
11200615,0720,2826.54,14256.65
11200615,0740,2561.76,14347.15
11200615,0800,2628.41,13279.24
11200615,0820,3027.16,14012.26
11200615,0840,2603.57,11714.04
11200615,0900,2515.54,11478.43
11200615,0920,2334.98,11218.6
11200615,0940,2196.13,10951.25
11200615,10,7375.83,33525.21
11200615,11,7822.14,34729.86
11200615,12,9466.5,40521.77
11200615,13,9953.35,43642.05
11200615,14,10922.87,49339.29
11200615,15,12275.21,53024.83
11200615,16,14436.28,58963.07
11200615,1700,6514.53,22787.9
11200615,1720,6414.88,22660.43
11200615,1740,6970.5,22722.54
11200615,1800,10397.93,28959.08
11200615,1820,6927.1900000000005,21352.18
11200615,1840,6427.21,19880.88
11200615,1900,6814.46,20718.95
11200615,1920,5490.62,17801.34
11200615,1940,5695.91,17727.62
11200615,20,17622.32,50783.38
11200615,21,16630.13,46658.64
11200615,22,11583.52,31831.63
11200615,23,1663.25,5441.99
11200620,00,1316.17,3318.9
11200620,01,2764.32,7202.29
11200620,02,2121.64,5981.01
11200620,03,1688.99,4935.6
11200620,04,1400.62,6145.66
11200620,05,1767.37,8161.55
11200620,06,2868.7599999999998,14243.19
11200620,0700,1467.49,6110.83
11200620,0720,1801.73,7149.2699999999995
11200620,0740,1976.18,8876.38
11200620,0800,1977.97,8546.38
11200620,0820,1722.96,9094.85
11200620,0840,1460.69,7789.88
11200620,0900,1552.66,7500.48
11200620,0920,1425.95,7508.87
11200620,0940,1477.28,8020.58
11200620,10,4504.93,23313.84
11200620,11,5415.76,23856.38
11200620,12,6352.12,27977.16
11200620,13,6792.89,30458.61
11200620,14,7036.13,33196.53
11200620,15,7977.57,35786.1
11200620,16,10270.27,40710.55
11200620,1700,4534.95,15035.68
11200620,1720,4601.71,15136.62
11200620,1740,4577.26,15169.66
11200620,1800,6381.99,18474.72
11200620,1820,4581.89,13781.76
11200620,1840,4145.18,12798.18
11200620,1900,4570.17,13814.43
11200620,1920,3656.6,11571.94
11200620,1940,3734.07,12008.66
11200620,20,10953.57,33277.31
11200620,21,10063.08,28421.25
11200620,22,6644.02,18200.01
11200620,23,948.07,3187.01
11200645,00,2651.4,7028.14
11200645,01,5106.72,15115.17
11200645,02,3795.54,11314.79
11200645,03,3026.09,9853.55
11200645,04,2647.78,11368.33
11200645,05,4356.98,20469.09
11200645,06,7305.2,36567.84
11200645,0700,4003.71,18240.76
11200645,0720,4680.96,20239.05
11200645,0740,4986.65,22181.7
11200645,0800,5138.62,21215.06
11200645,0820,4680.38,21077.0
11200645,0840,4720.32,18089.26
11200645,0900,5184.45,17093.21
11200645,0920,4269.65,16477.69
11200645,0940,3946.29,16684.84
11200645,10,11894.87,51315.21
11200645,11,12750.210000000001,53089.35
11200645,12,14479.32,60444.479999999996
11200645,13,15178.76,65424.99
11200645,14,15779.93,71786.92
11200645,15,17257.51,75848.84
11200645,16,20035.11,81025.31
11200645,1700,9251.9,31394.48
11200645,1720,8825.78,29235.9
11200645,1740,9155.83,30873.96
11200645,1800,13524.53,37175.11
11200645,1820,9937.99,29381.85
11200645,1840,8456.85,27493.65
11200645,1900,9062.92,27725.54
11200645,1920,7603.4,24322.010000000002
11200645,1940,7850.17,24669.45
11200645,20,21912.53,69299.68000000001
11200645,21,20140.01,59982.18
11200645,22,13220.53,39260.74
11200645,23,2002.88,6611.74
11200650,00,1693.19,3660.8
11200650,01,3065.24,6764.96
11200650,02,2374.64,5353.59
11200650,03,1755.24,4576.26
11200650,04,1883.43,7087.74
11200650,05,5909.45,23512.920000000002
11200650,06,19311.26,50535.54
11200650,0700,11479.77,27070.899999999998
11200650,0720,13150.53,30642.25
11200650,0740,14620.0,30942.47
11200650,0800,14671.27,31424.11
11200650,0820,13521.81,29492.100000000002
11200650,0840,12371.63,25998.4
11200650,0900,11819.56,25017.29
11200650,0920,10117.52,22915.03
11200650,0940,8487.23,20133.22
11200650,10,20365.86,54730.82
11200650,11,22602.2,57877.77
11200650,12,26872.69,65790.76
11200650,13,25038.53,63122.76
11200650,14,21397.62,57847.0
11200650,15,20892.78,56494.9
11200650,16,21797.57,56747.1
11200650,1700,8287.86,20984.35
11200650,1720,8063.71,20246.14
11200650,1740,8051.38,19560.9
11200650,1800,10851.93,24545.45
11200650,1820,7830.11,18413.41
11200650,1840,6453.04,15969.56
11200650,1900,6437.76,16171.44
11200650,1920,5376.09,14333.220000000001
11200650,1940,5078.26,13123.4
11200650,20,14466.94,34805.75
11200650,21,12281.28,29368.79
11200650,22,8060.7300000000005,18156.5
11200650,23,1252.43,3086.09
11200660,00,2105.37,4083.67
11200660,01,4024.38,8096.41
11200660,02,3027.08,6280.86
11200660,03,2070.65,5064.43
11200660,04,2405.41,7928.42
11200660,05,7026.28,23690.97
11200660,06,22435.15,57666.54
11200660,0700,15712.74,34822.5
11200660,0720,21208.260000000002,42922.11
11200660,0740,25778.12,48429.979999999996
11200660,0800,28816.19,52282.55
11200660,0820,27541.3,49028.1
11200660,0840,24944.23,43289.42
11200660,0900,23534.91,41205.86
11200660,0920,18833.92,34373.52
11200660,0940,15300.31,29553.55
11200660,10,40971.2,85916.57
11200660,11,49214.74,98357.18
11200660,12,56561.11,110713.95
11200660,13,45512.03,93733.67
11200660,14,39115.59,82648.52
11200660,15,37759.8,83297.24
11200660,16,41132.14,88846.51
11200660,1700,17120.0,33827.1
11200660,1720,16509.44,32624.47
11200660,1740,16102.42,32433.29
11200660,1800,21582.88,39686.75
11200660,1820,15267.06,28997.649999999998
11200660,1840,13091.23,25330.38
11200660,1900,12535.369999999999,23993.86
11200660,1920,9575.89,18954.81
11200660,1940,8749.16,18000.52
11200660,20,22432.5,46292.02
11200660,21,16822.29,35555.62
11200660,22,11118.28,22935.49
11200660,23,1728.9,3774.2
11200670,00,2068.99,4418.59
11200670,01,3571.7799999999997,8332.33
11200670,02,2930.35,7209.32
11200670,03,2325.52,6694.02
11200670,04,2671.9,10830.23
11200670,05,6176.72,25102.56
11200670,06,12848.83,39389.49
11200670,0700,7038.23,19070.31
11200670,0720,10311.8,23621.14
11200670,0740,12631.48,27584.39
11200670,0800,11982.72,26700.13
11200670,0820,10689.78,23859.88
11200670,0840,9331.26,20471.27
11200670,0900,8940.5,19219.05
11200670,0920,7349.17,17602.31
11200670,0940,6627.24,16425.39
11200670,10,21083.4,50357.59
11200670,11,25032.27,56578.409999999996
11200670,12,27134.36,61581.94
11200670,13,24342.31,57713.49
11200670,14,23235.5,57165.11
11200670,15,24143.66,60166.12
11200670,16,25389.88,62449.619999999995
11200670,1700,10088.09,23692.08
11200670,1720,9603.11,21999.52
11200670,1740,10166.17,22853.27
11200670,1800,13518.8,28599.0
11200670,1820,9650.68,20836.65
11200670,1840,8155.2,18843.78
11200670,1900,8473.96,18827.77
11200670,1920,6830.64,15768.19
11200670,1940,6261.37,15861.52
11200670,20,16575.41,40970.23
11200670,21,14001.28,34110.07
11200670,22,8660.46,21155.9
11200670,23,1606.25,4081.38
11200690,00,2401.21,4619.17
11200690,01,4126.84,8525.75
11200690,02,2986.63,6732.92
11200690,03,2283.51,6330.7
11200690,04,3354.7200000000003,13462.29
11200690,05,13651.92,51169.29
11200690,06,44514.01,124557.98
11200690,0700,30483.6,73273.39
11200690,0720,45065.89,94951.78
11200690,0740,53865.96,103731.98
11200690,0800,54262.06,101003.19
11200690,0820,46157.37,85283.47
11200690,0840,38212.44,69311.31
11200690,0900,32194.04,60323.18
11200690,0920,27768.53,52932.67
11200690,0940,23321.63,47620.6
11200690,10,64932.21,134936.77
11200690,11,73466.8,143044.19
11200690,12,88518.54,167504.09
11200690,13,80854.77,157754.17
11200690,14,74479.86,142744.29
11200690,15,68712.1,131882.68
11200690,16,66156.39,123925.06
11200690,1700,23337.53,42506.04
11200690,1720,22269.84,39844.26
11200690,1740,21715.920000000002,39003.270000000004
11200690,1800,28800.86,48965.39
11200690,1820,20058.79,35229.57
11200690,1840,17287.96,30780.9
11200690,1900,16461.33,28424.41
11200690,1920,12828.73,22980.94
11200690,1940,11733.0,21382.62
11200690,20,28353.44,53000.55
11200690,21,19144.29,36191.76
11200690,22,11031.73,21562.89
11200690,23,2011.53,3807.78
11200720,00,1388.59,2468.7200000000003
11200720,01,2545.0,5022.7
11200720,02,2001.77,4040.59
11200720,03,1417.24,3110.97
11200720,04,1245.23,3527.4700000000003
11200720,05,1501.31,5516.46
11200720,06,3280.96,12007.09
11200720,0700,2134.1,5462.82
11200720,0720,2673.61,6648.14
11200720,0740,2701.75,7199.38
11200720,0800,2747.58,7778.3
11200720,0820,2397.6,7051.65
11200720,0840,1647.74,5052.82
11200720,0900,1615.47,4830.34
11200720,0920,1640.96,4904.36
11200720,0940,1378.5900000000001,4518.56
11200720,10,3925.55,13294.43
11200720,11,4535.25,14081.19
11200720,12,5921.02,17270.58
11200720,13,5393.12,16560.42
11200720,14,5422.99,17446.34
11200720,15,5670.71,17601.78
11200720,16,6488.34,19789.37
11200720,1700,2952.85,7618.5
11200720,1720,2882.88,7530.32
11200720,1740,2926.32,7541.47
11200720,1800,4482.21,10320.03
11200720,1820,3038.38,7457.06
11200720,1840,2800.02,6703.49
11200720,1900,3216.02,7268.16
11200720,1920,2685.9,6175.17
11200720,1940,2615.8,5919.77
11200720,20,8664.74,17855.22
11200720,21,8114.89,16005.46
11200720,22,5351.24,9869.75
11200720,23,998.39,1882.62
11200790,00,2597.44,4877.78
11200790,01,5073.9800000000005,10811.79
11200790,02,3940.98,8719.26
11200790,03,3008.12,7560.58
11200790,04,3244.55,10289.93
11200790,05,6135.35,23683.06
11200790,06,10642.83,36064.09
11200790,0700,5577.13,17276.329999999998
11200790,0720,6996.29,20175.31
11200790,0740,7279.07,21844.15
11200790,0800,6799.26,21267.46
11200790,0820,6199.67,20460.27
11200790,0840,5392.75,17349.03
11200790,0900,4166.12,14978.87
11200790,0920,3498.38,13790.72
11200790,0940,3374.87,12889.3
11200790,10,9168.69,37675.92
11200790,11,9840.73,38925.37
11200790,12,13322.72,47570.21
11200790,13,11924.1,43478.62
11200790,14,12049.89,42095.87
11200790,15,12795.79,43520.15
11200790,16,15136.26,44831.34
11200790,1700,6897.77,17551.86
11200790,1720,7726.77,17609.89
11200790,1740,7169.54,17212.68
11200790,1800,11916.99,23078.17
11200790,1820,8202.43,16918.24
11200790,1840,7211.13,15077.75
11200790,1900,7342.87,15550.61
11200790,1920,6305.05,12866.68
11200790,1940,6390.12,13106.27
11200790,20,18522.09,36344.41
11200790,21,17344.86,32492.65
11200790,22,10912.130000000001,22254.32
11200790,23,1865.66,4107.15
11215710,00,9522.56,13033.58
11215710,01,17902.08,24450.9
11215710,02,13229.789999999999,18810.21
11215710,03,9384.47,13695.9
11215710,04,7724.9,14270.74
11215710,05,12595.210000000001,29735.99
11215710,06,28384.239999999998,66291.52
11215710,0700,15747.32,36670.09
11215710,0720,20178.36,43726.7
11215710,0740,24259.93,49269.83
11215710,0800,27035.13,51101.46
11215710,0820,27425.07,52754.299999999996
11215710,0840,25936.87,49107.7
11215710,0900,21642.94,45035.81
11215710,0920,22619.09,45350.25
11215710,0940,22747.46,42818.72
11215710,10,65822.43,125925.61
11215710,11,78199.24,140588.02
11215710,12,84768.52,154949.15
11215710,13,76024.9,141446.29
11215710,14,76877.96,141688.38
11215710,15,70259.07,129424.81999999999
11215710,16,88874.4,156187.28
11215710,1700,38376.49,62379.93
11215710,1720,40389.31,65279.76
11215710,1740,41763.9,67700.69
11215710,1800,54510.56,81649.16
11215710,1820,40496.52,60777.340000000004
11215710,1840,37501.35,55630.79
11215710,1900,37150.99,53981.64
11215710,1920,30451.82,44573.049999999996
11215710,1940,29387.95,42967.97
11215710,20,83078.01,118305.98
11215710,21,71986.11,100577.11
11215710,22,47634.090000000004,65882.16
11215710,23,8641.93,12450.369999999999
11215730,00,3432.36,5568.93
11215730,01,6185.16,10787.81
11215730,02,4380.26,8020.3
11215730,03,3144.19,6450.96
11215730,04,3191.01,8142.37
11215730,05,4448.89,14329.84
11215730,06,11049.1,28944.42
11215730,0700,7821.81,17277.7
11215730,0720,10938.04,23178.05
11215730,0740,14163.61,29078.17
11215730,0800,16466.35,32370.46
11215730,0820,16439.88,34429.25
11215730,0840,14962.47,30091.8
11215730,0900,14045.52,29441.19
11215730,0920,14134.04,27864.41
11215730,0940,14269.75,27119.48
11215730,10,37193.66,75245.84
11215730,11,41255.28,83139.09
11215730,12,39273.7,81001.26
11215730,13,37126.4,77475.95
11215730,14,36968.979999999996,80026.0
11215730,15,27993.93,70372.29
11215730,16,32914.86,78062.34
11215730,1700,13029.39,28727.81
11215730,1720,14203.39,29790.83
11215730,1740,15315.36,31419.09
11215730,1800,20283.86,37766.090000000004
11215730,1820,13978.68,26173.56
11215730,1840,12682.31,23672.31
11215730,1900,13231.63,23868.11
11215730,1920,10316.04,18598.72
11215730,1940,9978.83,18080.489999999998
11215730,20,28016.21,51398.06
11215730,21,24905.03,43366.27
11215730,22,16166.0,27445.29
11215730,23,2886.39,5104.49
11215740,00,1960.16,3906.19
11215740,01,3783.69,7755.37
11215740,02,2704.79,5776.51
11215740,03,2210.6,4981.19
11215740,04,1963.0900000000001,5362.62
11215740,05,2363.65,8524.39
11215740,06,4576.16,17519.98
11215740,0700,2451.7,9435.95
11215740,0720,2613.9900000000002,11038.64
11215740,0740,3389.6,11834.73
11215740,0800,3623.0299999999997,12589.77
11215740,0820,3613.16,12844.46
11215740,0840,2821.32,11776.49
11215740,0900,2881.19,10231.81
11215740,0920,2805.4,10132.68
11215740,0940,2596.54,9696.49
11215740,10,7346.25,28077.52
11215740,11,8970.34,30709.7
11215740,12,9853.77,32835.06
11215740,13,10393.25,33665.06
11215740,14,10061.97,34988.99
11215740,15,12228.89,39939.06
11215740,16,15349.14,44787.85
11215740,1700,7280.79,18398.64
11215740,1720,7064.42,16908.13
11215740,1740,7493.150000000001,17882.16
11215740,1800,12046.16,24435.84
11215740,1820,7841.2300000000005,17096.350000000002
11215740,1840,6738.28,15347.61
11215740,1900,7127.29,16486.34
11215740,1920,5875.9,13333.81
11215740,1940,5679.58,12515.45
11215740,20,17435.15,36084.16
11215740,21,15779.81,30403.41
11215740,22,9976.09,19166.04
11215740,23,1318.91,3161.34
11215750,00,2161.44,4554.25
11215750,01,4244.26,9375.97
11215750,02,3143.53,7032.23
11215750,03,2247.27,5821.59
11215750,04,2127.96,6719.01
11215750,05,2469.64,10291.44
11215750,06,4175.03,17970.33
11215750,0700,1876.81,8389.62
11215750,0720,2513.9900000000002,10480.27
11215750,0740,3171.8,11944.38
11215750,0800,3983.99,13775.960000000001
11215750,0820,4327.16,16115.44
11215750,0840,3793.28,13780.03
11215750,0900,2925.19,11919.97
11215750,0920,2820.98,11254.04
11215750,0940,2760.6,10640.27
11215750,10,9809.460000000001,35653.4
11215750,11,10806.4,37775.44
11215750,12,12192.800000000001,40590.44
11215750,13,12679.460000000001,43190.02
11215750,14,13550.74,46160.41
11215750,15,14808.77,52369.65
11215750,16,19412.11,60154.41
11215750,1700,9062.08,22728.19
11215750,1720,9733.11,24105.25
11215750,1740,9783.98,23611.73
11215750,1800,15177.71,33307.03
11215750,1820,9333.47,21305.82
11215750,1840,8241.46,19666.34
11215750,1900,8942.15,21040.13
11215750,1920,7246.6,17050.2
11215750,1940,6926.5199999999995,15564.6
11215750,20,20161.33,45981.86
11215750,21,18404.23,40108.17
11215750,22,11243.17,24491.92
11215750,23,1410.09,3740.55
11215760,00,1894.5,3846.9900000000002
11215760,01,3453.79,8370.04
11215760,02,2619.72,6334.23
11215760,03,1905.32,5158.79
11215760,04,1804.92,6387.42
11215760,05,2555.48,9324.28
11215760,06,5567.13,19104.38
11215760,0700,3006.55,9915.119999999999
11215760,0720,3369.7,10845.9
11215760,0740,3307.88,11123.45
11215760,0800,3330.98,12128.08
11215760,0820,3320.1,12417.43
11215760,0840,2536.39,9188.69
11215760,0900,2389.46,8649.6
11215760,0920,1749.59,8170.07
11215760,0940,1628.63,8117.05
11215760,10,5352.61,23813.36
11215760,11,6087.7300000000005,25880.1
11215760,12,8461.03,31993.48
11215760,13,6930.8,31203.16
11215760,14,7816.3,34606.0
11215760,15,8811.25,37207.56
11215760,16,10501.630000000001,40439.909999999996
11215760,1700,4772.89,15402.53
11215760,1720,5224.45,14621.88
11215760,1740,5066.51,15108.2
11215760,1800,8253.81,20225.99
11215760,1820,5612.68,15149.32
11215760,1840,4797.58,13003.9
11215760,1900,5219.87,14322.630000000001
11215760,1920,4013.05,11708.62
11215760,1940,4083.98,10948.48
11215760,20,12584.44,32921.95
11215760,21,11879.19,28677.65
11215760,22,7668.74,18468.9
11215760,23,1043.57,2877.28
11215770,00,2596.86,6485.13
11215770,01,5140.67,14707.5
11215770,02,4180.25,10629.38
11215770,03,2974.92,9003.1
11215770,04,2771.42,10877.39
11215770,05,3663.2799999999997,18950.7
11215770,06,7704.13,48907.97
11215770,0700,3698.62,23062.2
11215770,0720,3938.57,25003.23
11215770,0740,4004.55,24438.8
11215770,0800,4013.41,23278.73
11215770,0820,4103.77,22505.19
11215770,0840,4152.82,19577.05
11215770,0900,3440.45,19366.2
11215770,0920,3760.9700000000003,19731.98
11215770,0940,3689.43,19237.36
11215770,10,12038.61,60624.05
11215770,11,13477.74,64952.54
11215770,12,15077.8,71899.81
11215770,13,14818.74,71472.63
11215770,14,14850.69,73845.14
11215770,15,16539.17,80411.26
11215770,16,20130.75,87387.93
11215770,1700,8983.2,32580.829999999998
11215770,1720,9259.91,32163.170000000002
11215770,1740,9427.82,32962.42
11215770,1800,15010.220000000001,41946.92
11215770,1820,9221.43,28235.53
11215770,1840,8288.45,25858.13
11215770,1900,8608.8,26985.09
11215770,1920,7037.55,22736.92
11215770,1940,7496.82,22963.8
11215770,20,21156.94,62340.71
11215770,21,19836.26,53362.27
11215770,22,12540.39,33890.43
11215770,23,1676.15,5708.17
11215780,00,1959.58,3307.47
11215780,01,3605.9900000000002,6277.33
11215780,02,2499.12,4502.94
11215780,03,2061.65,4088.36
11215780,04,1874.18,5545.3
11215780,05,2822.9700000000003,13163.74
11215780,06,6739.71,23296.94
11215780,0700,4192.88,13313.19
11215780,0720,5385.33,16296.81
11215780,0740,6661.7,19231.05
11215780,0800,7829.35,20489.66
11215780,0820,7902.32,22316.92
11215780,0840,7427.08,19887.42
11215780,0900,7433.82,19837.63
11215780,0920,7220.46,19065.89
11215780,0940,7300.78,18641.32
11215780,10,22886.82,58518.4
11215780,11,30965.78,68786.52
11215780,12,30453.66,71636.68
11215780,13,30754.7,74743.09
11215780,14,29521.34,70356.92
11215780,15,25341.78,62434.32
11215780,16,27256.67,61519.06
11215780,1700,11106.32,22673.01
11215780,1720,12126.72,22954.99
11215780,1740,12588.42,23832.78
11215780,1800,16994.66,29847.989999999998
11215780,1820,11603.95,21344.35
11215780,1840,10008.57,19004.32
11215780,1900,10655.3,19667.85
11215780,1920,8430.19,15783.32
11215780,1940,7794.68,14251.0
11215780,20,20654.33,37362.59
11215780,21,16436.08,28608.91
11215780,22,10309.31,17602.74
11215780,23,1845.77,3367.93
11215810,00,2063.19,7167.56
11215810,01,4564.52,15941.14
11215810,02,3513.58,12652.46
11215810,03,2510.95,10147.24
11215810,04,2934.01,13900.64
11215810,05,5678.33,28944.11
11215810,06,10883.68,53168.94
11215810,0700,5894.56,26632.38
11215810,0720,7325.26,32660.87
11215810,0740,8292.78,37919.8
11215810,0800,9253.81,40268.68
11215810,0820,8795.38,35903.63
11215810,0840,6650.32,27080.44
11215810,0900,6104.14,25063.27
11215810,0920,5407.09,24662.88
11215810,0940,4939.03,24755.3
11215810,10,16263.01,75457.96
11215810,11,19146.32,80323.82
11215810,12,22370.66,94159.53
11215810,13,19807.16,89353.55
11215810,14,19522.079999999998,94818.58
11215810,15,20278.43,101157.14
11215810,16,22667.49,113506.91
11215810,1700,9118.66,40985.43
11215810,1720,8709.66,38863.38
11215810,1740,9428.77,40733.36
11215810,1800,12609.82,49063.42
11215810,1820,8865.93,37247.11
11215810,1840,8006.6900000000005,34814.64
11215810,1900,7770.5,33853.61
11215810,1920,7113.04,32190.21
11215810,1940,7296.71,29687.7
11215810,20,20840.84,85095.97
11215810,21,18673.51,76933.24
11215810,22,12304.65,49938.51
11215810,23,1909.44,7681.38
11215820,00,3143.13,5920.9800000000005
11215820,01,5824.63,11192.51
11215820,02,4111.8,8135.51
11215820,03,3089.68,6686.52
11215820,04,2748.65,8271.95
11215820,05,4015.68,15459.22
11215820,06,7747.12,30352.37
11215820,0700,4540.78,15582.949999999999
11215820,0720,6021.81,19693.32
11215820,0740,7122.2300000000005,20686.73
11215820,0800,7684.67,21257.53
11215820,0820,7460.61,23038.34
11215820,0840,7295.38,21078.61
11215820,0900,6744.22,20533.75
11215820,0920,6580.67,19812.32
11215820,0940,6151.87,19048.27
11215820,10,18409.83,55776.78
11215820,11,19094.47,55512.66
11215820,12,21315.05,61356.2
11215820,13,21046.69,63581.75
11215820,14,21315.32,65456.97
11215820,15,21213.35,65732.61
11215820,16,25126.47,70988.21
11215820,1700,10570.15,26943.86
11215820,1720,10715.15,26067.98
11215820,1740,10921.51,25968.62
11215820,1800,17511.68,35199.06
11215820,1820,11770.21,25629.85
11215820,1840,10377.51,22727.93
11215820,1900,11322.29,23896.31
11215820,1920,8942.39,20149.14
11215820,1940,8731.74,19472.1
11215820,20,25874.2,54398.479999999996
11215820,21,23408.29,47778.6
11215820,22,15426.69,30925.47
11215820,23,2353.23,5327.8
11215830,00,2859.74,6810.54
11215830,01,5573.43,13215.39
11215830,02,4047.57,9915.54
11215830,03,3239.91,8834.45
11215830,04,2752.75,11023.78
11215830,05,4378.21,23105.59
11215830,06,9043.66,39109.65
11215830,0700,4036.14,18139.09
11215830,0720,5452.78,24170.54
11215830,0740,6643.66,26478.23
11215830,0800,7660.04,28278.5
11215830,0820,6755.93,26107.989999999998
11215830,0840,4848.93,18734.45
11215830,0900,4013.86,16687.23
11215830,0920,3643.98,16656.36
11215830,0940,3653.84,16644.93
11215830,10,12238.64,53059.55
11215830,11,15398.06,58151.82
11215830,12,19247.29,70559.86
11215830,13,18221.74,69398.82
11215830,14,19857.37,73430.69
11215830,15,20194.41,78149.7
11215830,16,24107.13,84766.61
11215830,1700,10222.47,32404.78
11215830,1720,10331.03,30234.81
11215830,1740,11016.95,31876.43
11215830,1800,16944.2,42240.88
11215830,1820,10788.38,29600.0
11215830,1840,10260.23,28033.91
11215830,1900,10534.78,28656.55
11215830,1920,8276.79,23819.14
11215830,1940,8512.63,24277.67
11215830,20,24752.79,66072.51
11215830,21,22656.28,58372.61
11215830,22,14333.369999999999,36892.5
11215830,23,2013.37,5915.71
11215840,00,2804.36,6345.15
11215840,01,5574.38,12031.25
11215840,02,3957.22,9367.36
11215840,03,2915.58,7104.01
11215840,04,2600.17,9102.09
11215840,05,4787.86,19267.42
11215840,06,11988.81,44313.21
11215840,0700,6887.9,24727.83
11215840,0720,8764.22,29812.36
11215840,0740,9802.0,33076.29
11215840,0800,10186.61,30960.97
11215840,0820,10011.51,31759.06
11215840,0840,9320.47,27534.31
11215840,0900,8199.15,26797.55
11215840,0920,7457.18,26952.57
11215840,0940,6931.16,26954.81
11215840,10,22118.52,85684.25
11215840,11,27441.92,98459.56999999999
11215840,12,33560.02,112944.5
11215840,13,33649.93,114473.63
11215840,14,34641.5,117278.87
11215840,15,36667.45,120923.71
11215840,16,39613.340000000004,123495.64
11215840,1700,15265.5,43799.58
11215840,1720,15559.29,43076.77
11215840,1740,15502.039999999999,43879.33
11215840,1800,20549.14,52583.67
11215840,1820,14947.6,39587.75
11215840,1840,13394.61,36184.65
11215840,1900,13662.119999999999,35102.51
11215840,1920,11856.19,31356.87
11215840,1940,11096.43,29830.69
11215840,20,30855.489999999998,77068.47
11215840,21,24716.48,61984.21
11215840,22,14633.27,36156.45
11215840,23,1968.41,5528.11
11215847,00,3176.04,6278.3
11215847,01,6356.5,13097.119999999999
11215847,02,4985.72,11012.93
11215847,03,3266.34,7901.54
11215847,04,3004.59,9814.09
11215847,05,4889.03,18529.04
11215847,06,12366.15,37320.39
11215847,0700,6876.32,17672.16
11215847,0720,9326.93,21416.37
11215847,0740,10341.0,23550.16
11215847,0800,10996.85,25790.86
11215847,0820,10597.89,25567.33
11215847,0840,8445.61,21248.72
11215847,0900,8073.01,21670.03
11215847,0920,7415.38,20466.18
11215847,0940,6606.49,19344.72
11215847,10,20081.98,58655.8
11215847,11,23691.53,65575.36
11215847,12,31110.03,76639.83
11215847,13,30130.75,75596.14
11215847,14,29695.170000000002,76409.58
11215847,15,32107.69,82219.81
11215847,16,37028.79,89841.33
11215847,1700,16041.77,35091.63
11215847,1720,16103.619999999999,33998.7
11215847,1740,16868.85,35850.09
11215847,1800,24659.9,46750.11
11215847,1820,17150.36,33397.43
11215847,1840,14692.9,29920.07
11215847,1900,14835.8,29289.62
11215847,1920,12134.64,24840.99
11215847,1940,11713.81,23654.66
11215847,20,32616.05,65707.94
11215847,21,25477.52,52107.11
11215847,22,15759.52,32336.510000000002
11215847,23,2425.13,5399.86
11215850,00,3580.57,6243.93
11215850,01,6974.31,11959.39
11215850,02,4580.65,8642.41
11215850,03,3315.59,6627.71
11215850,04,3163.15,8179.76
11215850,05,3855.47,13178.3
11215850,06,8029.06,24871.53
11215850,0700,4020.3,13019.24
11215850,0720,5153.37,16908.81
11215850,0740,6154.85,20363.25
11215850,0800,6683.61,19858.91
11215850,0820,5866.97,17947.08
11215850,0840,5308.6,15915.54
11215850,0900,4880.7,16001.67
11215850,0920,4205.7,14885.53
11215850,0940,4263.97,14591.56
11215850,10,12196.18,43063.79
11215850,11,15270.6,50356.7
11215850,12,18426.59,55173.39
11215850,13,18313.92,54730.67
11215850,14,18474.23,56933.26
11215850,15,19365.62,61145.17
11215850,16,24876.82,71603.57
11215850,1700,11726.01,29389.03
11215850,1720,13320.17,31312.7
11215850,1740,13460.32,30841.68
11215850,1800,23563.65,45645.91
11215850,1820,15278.56,30660.22
11215850,1840,12977.47,27006.22
11215850,1900,14251.53,27456.75
11215850,1920,11802.06,24497.420000000002
11215850,1940,11233.86,23105.1
11215850,20,34344.01,65815.1
11215850,21,30486.69,54969.52
11215850,22,19304.47,34774.72
11215850,23,2756.41,5548.82
11215860,00,2185.71,5293.11
11215860,01,4302.79,11235.66
11215860,02,3214.35,8431.35
11215860,03,2370.23,7045.25
11215860,04,2321.37,9368.48
11215860,05,3671.12,18622.22
11215860,06,6691.74,38758.62
11215860,0700,3861.33,21937.3
11215860,0720,5052.82,24540.9
11215860,0740,6076.25,24950.65
11215860,0800,5834.25,22965.64
11215860,0820,5463.42,24321.3
11215860,0840,4254.06,19121.64
11215860,0900,3803.93,19231.64
11215860,0920,3569.15,18957.92
11215860,0940,3716.43,18304.46
11215860,10,10901.04,53303.31
11215860,11,13415.5,55614.130000000005
11215860,12,16633.91,68645.5
11215860,13,15616.26,66747.39
11215860,14,16386.55,68888.23
11215860,15,17642.9,75763.55
11215860,16,18895.75,79847.74
11215860,1700,8322.13,29027.87
11215860,1720,8022.29,28072.88
11215860,1740,8184.18,29392.739999999998
11215860,1800,13519.800000000001,38322.53
11215860,1820,8783.54,27242.75
11215860,1840,7453.42,24212.27
11215860,1900,8197.36,25182.51
11215860,1920,6651.53,21388.56
11215860,1940,6569.099999999999,21164.73
11215860,20,20066.31,59196.49
11215860,21,17310.81,50907.840000000004
11215860,22,11006.6,31851.989999999998
11215860,23,1506.36,5235.28
11215870,00,2926.4700000000003,6694.44
11215870,01,5692.5,13168.27
11215870,02,4064.7799999999997,10140.19
11215870,03,3189.88,8557.71
11215870,04,3091.34,11949.31
11215870,05,6533.62,28768.48
11215870,06,18068.03,62442.7
11215870,0700,11740.64,32879.64
11215870,0720,15770.35,39773.63
11215870,0740,19386.75,46054.58
11215870,0800,20531.89,49636.57
11215870,0820,19116.65,47718.75
11215870,0840,17044.95,42337.47
11215870,0900,13896.99,38034.68
11215870,0920,11387.57,36821.86
11215870,0940,9378.32,32197.45
11215870,10,23309.18,88797.82
11215870,11,26928.829999999998,95532.27
11215870,12,32674.260000000002,110776.87
11215870,13,31962.920000000002,111482.26
11215870,14,29205.26,109371.98
11215870,15,29700.3,115465.11
11215870,16,31661.65,120017.88
11215870,1700,13082.78,42115.06
11215870,1720,13004.34,41693.89
11215870,1740,14036.26,42733.11
11215870,1800,20266.27,53795.409999999996
11215870,1820,12707.38,37860.51
11215870,1840,11492.67,35215.16
11215870,1900,12450.91,35642.59
11215870,1920,10493.06,30612.57
11215870,1940,9946.95,28177.7
11215870,20,28286.88,77073.67
11215870,21,26026.07,68555.85
11215870,22,16521.38,42094.94
11215870,23,2566.65,7289.93
11230515,00,3166.23,6316.15
11230515,01,7409.67,15107.960000000001
11230515,02,5954.7,12209.36
11230515,03,4742.97,11162.83
11230515,04,4705.64,14350.58
11230515,05,6650.1,25689.829999999998
11230515,06,15378.02,58616.51
11230515,0700,8067.05,30926.63
11230515,0720,10310.49,35072.47
11230515,0740,12141.8,39665.73
11230515,0800,12440.6,39419.33
11230515,0820,11042.92,35894.92
11230515,0840,8583.0,29854.36
11230515,0900,6969.88,28224.68
11230515,0920,6509.09,25009.85
11230515,0940,5529.73,23215.41
11230515,10,16745.25,66787.24
11230515,11,22205.65,73324.73
11230515,12,21444.63,71935.24
11230515,13,19440.37,67137.83
11230515,14,19411.48,62457.32
11230515,15,19075.18,61249.44
11230515,16,24657.71,68259.3
11230515,1700,11071.25,26727.2
11230515,1720,11173.55,26389.739999999998
11230515,1740,11733.69,26753.23
11230515,1800,16187.61,34277.58
11230515,1820,11133.69,24102.64
11230515,1840,9792.14,20908.89
11230515,1900,9533.8,20791.3
11230515,1920,8463.21,17495.94
11230515,1940,8185.1,17350.33
11230515,20,24642.84,50083.12
11230515,21,22801.31,45149.28
11230515,22,15323.33,30117.57
11230515,23,2429.25,5439.34
11230533,00,3037.71,6150.18
11230533,01,6855.63,14966.5
11230533,02,5034.11,11178.58
11230533,03,4036.65,9852.84
11230533,04,3547.3,11194.14
11230533,05,4550.55,18394.85
11230533,06,7562.04,34565.91
11230533,0700,3773.92,16370.76
11230533,0720,4925.88,17876.95
11230533,0740,5768.11,21061.67
11230533,0800,6461.83,23905.89
11230533,0820,6098.72,23705.16
11230533,0840,4489.15,20781.51
11230533,0900,4446.65,20162.48
11230533,0920,4273.92,19683.15
11230533,0940,3804.32,19425.89
11230533,10,12042.58,63834.85
11230533,11,13810.24,68881.8
11230533,12,14623.82,71529.25
11230533,13,14056.52,69753.66
11230533,14,13984.75,65194.22
11230533,15,15585.369999999999,67825.67
11230533,16,19529.79,73209.73
11230533,1700,8650.69,26788.03
11230533,1720,9507.880000000001,26029.95
11230533,1740,9330.38,26275.21
11230533,1800,14178.98,34076.05
11230533,1820,9262.38,23510.26
11230533,1840,8221.14,21407.62
11230533,1900,8474.86,21225.88
11230533,1920,7332.21,17893.1
11230533,1940,7084.490000000001,17471.81
11230533,20,21036.48,49604.37
11230533,21,18390.99,42630.84
11230533,22,12963.28,28666.06
11230533,23,1898.78,4694.96
11230545,00,3935.25,8813.73
11230545,01,9116.11,21483.31
11230545,02,6770.389999999999,16115.76
11230545,03,5210.1,15163.95
11230545,04,5466.18,19998.16
11230545,05,8183.92,35666.98
11230545,06,13645.130000000001,61592.97
11230545,0700,7201.04,28805.22
11230545,0720,8759.97,32676.37
11230545,0740,9499.29,36207.25
11230545,0800,10981.42,40651.46
11230545,0820,10126.22,40013.97
11230545,0840,9538.58,36072.91
11230545,0900,7293.88,33135.94
11230545,0920,7179.01,33199.21
11230545,0940,7495.12,32790.5
11230545,10,21809.53,97868.54
11230545,11,27714.89,107543.35
11230545,12,26695.05,105849.3
11230545,13,25619.2,102713.06
11230545,14,24580.89,97721.46
11230545,15,21001.93,87776.81999999999
11230545,16,26901.48,89195.37
11230545,1700,10319.78,30756.78
11230545,1720,11569.37,31726.41
11230545,1740,12199.52,32034.15
11230545,1800,15813.48,37470.76
11230545,1820,10174.54,26357.48
11230545,1840,9640.26,24903.55
11230545,1900,9838.039999999999,24669.99
11230545,1920,8463.21,21220.739999999998
11230545,1940,8857.61,21521.95
11230545,20,26547.52,61551.47
11230545,21,25631.06,56298.43
11230545,22,17662.26,38543.19
11230545,23,2867.0,7153.4
11230560,00,4162.4,9702.9
11230560,01,9122.6,22002.22
11230560,02,6426.3099999999995,16966.53
11230560,03,5087.38,14467.52
11230560,04,5554.82,19739.47
11230560,05,8371.17,33716.44
11230560,06,16314.75,61970.479999999996
11230560,0700,9031.57,32736.7
11230560,0720,10868.55,40203.64
11230560,0740,11740.09,42040.84
11230560,0800,12060.01,45280.15
11230560,0820,13064.59,44923.31
11230560,0840,12409.41,42725.91
11230560,0900,11795.39,42348.43
11230560,0920,11570.38,41654.0
11230560,0940,12558.77,43140.32
11230560,10,32774.65,125993.41
11230560,11,38922.71,133555.45
11230560,12,44360.46,147411.03
11230560,13,39452.06,140032.51
11230560,14,37242.06,137721.04
11230560,15,39368.5,139629.43
11230560,16,46180.090000000004,150009.07
11230560,1700,18606.79,52672.76
11230560,1720,19011.6,50434.3
11230560,1740,19468.03,51776.79
11230560,1800,25872.46,64156.16
11230560,1820,16991.66,44966.53
11230560,1840,15574.38,40975.8
11230560,1900,14685.97,39461.04
11230560,1920,11963.72,33474.64
11230560,1940,11889.93,32591.97
11230560,20,34318.33,89121.0
11230560,21,31106.260000000002,76715.66
11230560,22,19946.03,47897.82
11230560,23,3234.53,8753.14
11230570,00,1687.6100000000001,5013.49
11230570,01,3336.71,10585.35
11230570,02,2591.38,7812.14
11230570,03,2141.0,7686.98
11230570,04,1928.3600000000001,8829.86
11230570,05,2778.51,13125.92
11230570,06,5075.61,23690.58
11230570,0700,3234.0699999999997,14022.61
11230570,0720,4627.1,16816.81
11230570,0740,5578.28,18131.3
11230570,0800,6894.9,20324.54
11230570,0820,7089.54,20727.7
11230570,0840,7224.52,18519.16
11230570,0900,6349.96,16447.79
11230570,0920,6215.9400000000005,16447.86
11230570,0940,6574.51,17099.81
11230570,10,11178.15,40146.87
11230570,11,13740.48,43220.14
11230570,12,18506.79,54797.16
11230570,13,17779.2,53330.48
11230570,14,12628.83,49415.590000000004
11230570,15,13104.77,55398.13
11230570,16,15365.8,59926.57
11230570,1700,6227.45,21846.0
11230570,1720,6438.46,20826.08
11230570,1740,6920.53,22046.72
11230570,1800,9509.4,28036.09
11230570,1820,6105.18,19198.05
11230570,1840,5398.5,18289.07
11230570,1900,5307.51,18265.54
11230570,1920,4777.48,15680.16
11230570,1940,4792.0,15954.46
11230570,20,14147.2,43781.64
11230570,21,12813.39,39539.24
11230570,22,8499.11,26513.260000000002
11230570,23,1391.24,4763.86
11230600,00,2835.21,6893.27
11230600,01,6366.36,15908.89
11230600,02,4938.9,13164.93
11230600,03,3997.8,11207.9
11230600,04,4449.77,15256.54
11230600,05,5677.44,22797.3
11230600,06,8489.16,36343.44
11230600,0700,4238.89,16899.27
11230600,0720,4819.44,20195.23
11230600,0740,5338.59,22676.62
11230600,0800,6076.74,26955.6
11230600,0820,5369.68,27100.11
11230600,0840,4673.77,20180.76
11230600,0900,4355.76,18565.62
11230600,0920,4013.0,17799.63
11230600,0940,4064.92,17904.13
11230600,10,11023.06,49349.22
11230600,11,12724.7,52602.36
11230600,12,14905.51,60266.03
11230600,13,15115.02,61987.94
11230600,14,15998.53,65633.64
11230600,15,18178.1,72151.55
11230600,16,21765.32,81336.81
11230600,1700,9864.12,30792.04
11230600,1720,11486.43,31374.45
11230600,1740,11292.130000000001,31913.19
11230600,1800,17631.38,43653.42
11230600,1820,11058.19,29968.25
11230600,1840,9697.960000000001,26639.52
11230600,1900,10356.69,27425.89
11230600,1920,8228.05,22673.59
11230600,1940,8874.92,22533.95
11230600,20,25899.82,65490.560000000005
11230600,21,24383.829999999998,58516.16
11230600,22,15591.1,37697.96
11230600,23,2156.64,6450.22
11230610,00,2467.71,7040.27
11230610,01,5248.42,15004.89
11230610,02,4254.52,11879.54
11230610,03,3154.51,10142.17
11230610,04,3145.09,11271.13
11230610,05,4062.52,17127.9
11230610,06,6363.52,27453.489999999998
11230610,0700,3313.56,13696.19
11230610,0720,3796.82,15241.41
11230610,0740,4636.79,17419.96
11230610,0800,4864.64,18257.91
11230610,0820,4558.12,18901.63
11230610,0840,4565.26,16410.45
11230610,0900,3794.94,14321.9
11230610,0920,3696.1800000000003,14186.37
11230610,0940,3629.06,14337.89
11230610,10,9748.52,43412.63
11230610,11,10360.07,46242.19
11230610,12,12708.2,52014.95
11230610,13,12636.16,53591.84
11230610,14,12791.57,57809.75
11230610,15,14116.41,68330.17
11230610,16,17621.95,76561.31
11230610,1700,7932.49,28828.54
11230610,1720,7907.66,26957.48
11230610,1740,8064.36,27583.24
11230610,1800,13336.42,37802.31
11230610,1820,9139.9,27493.39
11230610,1840,7675.21,24602.85
11230610,1900,7700.93,25337.42
11230610,1920,6758.74,21294.32
11230610,1940,6801.55,20636.11
11230610,20,19607.57,59433.71
11230610,21,18383.35,52120.74
11230610,22,12275.0,35304.51
11230610,23,2020.19,6912.04
11230650,00,3896.07,9235.81
11230650,01,8509.15,20813.35
11230650,02,6764.36,17240.17
11230650,03,5044.19,14001.03
11230650,04,5482.58,16778.89
11230650,05,8094.58,29539.89
11230650,06,14890.32,59409.19
11230650,0700,8290.08,31034.02
11230650,0720,12096.19,38877.32
11230650,0740,13868.14,44479.54
11230650,0800,13156.28,44279.3
11230650,0820,11703.68,44728.2
11230650,0840,8813.48,33317.5
11230650,0900,7322.29,30243.739999999998
11230650,0920,6323.33,28255.54
11230650,0940,5790.9800000000005,27064.37
11230650,10,16892.41,78617.16
11230650,11,18966.4,82176.02
11230650,12,21300.98,88947.51
11230650,13,20771.5,85960.03
11230650,14,21109.66,86232.34
11230650,15,22515.46,92679.78
11230650,16,28443.420000000002,103305.44
11230650,1700,13037.37,40451.51
11230650,1720,13421.25,39472.45
11230650,1740,13877.16,41244.53
11230650,1800,20995.03,53169.46
11230650,1820,13926.04,37443.24
11230650,1840,11702.89,32503.85
11230650,1900,13388.130000000001,36291.5
11230650,1920,11254.210000000001,29903.98
11230650,1940,11229.6,29244.43
11230650,20,32959.67,80931.0
11230650,21,29627.79,68924.53
11230650,22,18428.28,43709.78
11230650,23,2856.74,8226.05
11230660,00,3487.63,9659.39
11230660,01,6847.58,20216.78
11230660,02,5647.34,16599.96
11230660,03,4423.2,14421.41
11230660,04,4350.4,17153.93
11230660,05,5702.8,26921.94
11230660,06,9788.04,49278.11
11230660,0700,5016.66,24588.21
11230660,0720,6385.79,31258.47
11230660,0740,6817.12,33225.21
11230660,0800,6756.81,33316.02
11230660,0820,6290.63,34315.2
11230660,0840,5095.06,25129.44
11230660,0900,5255.18,24740.65
11230660,0920,5454.6,24729.04
11230660,0940,5124.68,24119.84
11230660,10,14775.95,72589.5
11230660,11,17373.27,79411.38
11230660,12,19374.58,88928.02
11230660,13,19567.93,89239.16
11230660,14,20033.69,93981.22
11230660,15,22467.47,106266.06
11230660,16,27040.86,120818.22
11230660,1700,11144.15,43744.55
11230660,1720,10919.04,42492.8
11230660,1740,11124.17,41387.13
11230660,1800,17432.16,54637.48
11230660,1820,11485.01,40469.77
11230660,1840,10398.98,37300.03
11230660,1900,10860.9,37406.92
11230660,1920,9638.43,31843.66
11230660,1940,9381.5,29543.95
11230660,20,26851.83,81824.23
11230660,21,24411.69,70685.92
11230660,22,16283.89,46044.01
11230660,23,2665.78,8635.99
11230705,00,1797.09,4914.15
11230705,01,3453.15,11258.13
11230705,02,3184.11,10110.87
11230705,03,2685.6,9305.33
11230705,04,3224.0,13221.86
11230705,05,4831.93,21456.59
11230705,06,7293.32,34847.72
11230705,0700,3701.29,16249.33
11230705,0720,4738.01,18897.61
11230705,0740,5086.83,21681.18
11230705,0800,5958.76,24675.96
11230705,0820,5233.21,24295.41
11230705,0840,4249.69,20219.7
11230705,0900,3849.5,19512.69
11230705,0920,3393.02,19620.95
11230705,0940,3249.33,18931.74
11230705,10,9241.99,59704.85
11230705,11,10647.26,68126.55
11230705,12,13976.55,77907.92
11230705,13,12251.039999999999,68976.64
11230705,14,11581.16,63127.9
11230705,15,12708.34,64644.51
11230705,16,14486.54,66971.46
11230705,1700,6448.54,24291.73
11230705,1720,6912.55,24085.31
11230705,1740,7262.97,24552.79
11230705,1800,10309.48,30447.46
11230705,1820,6553.04,21024.1
11230705,1840,6003.81,19361.8
11230705,1900,6079.97,20145.46
11230705,1920,5192.55,16703.4
11230705,1940,4894.6,16183.55
11230705,20,14574.16,44096.29
11230705,21,13057.09,37235.6
11230705,22,8468.75,25289.05
11230705,23,1356.26,4585.94
11230710,00,2427.7,3968.28
11230710,01,5087.47,8539.26
11230710,02,3886.19,6850.54
11230710,03,2785.2,5368.06
11230710,04,2787.31,7658.57
11230710,05,5716.9,16245.02
11230710,06,15387.25,44631.43
11230710,0700,8998.35,26534.46
11230710,0720,10466.84,32125.13
11230710,0740,10962.85,29601.07
11230710,0800,9743.17,24750.03
11230710,0820,8883.12,22921.38
11230710,0840,8438.99,21068.61
11230710,0900,6795.74,19108.99
11230710,0920,6893.69,19060.07
11230710,0940,6900.4400000000005,18855.24
11230710,10,22050.08,55373.63
11230710,11,33273.52,70859.33
11230710,12,30855.06,70208.71
11230710,13,26011.87,63202.46
11230710,14,24126.04,58304.71
11230710,15,21794.19,50011.42
11230710,16,29552.11,59112.64
11230710,1700,11808.65,21917.1
11230710,1720,13322.79,23825.21
11230710,1740,15831.630000000001,27770.87
11230710,1800,15923.460000000001,27605.18
11230710,1820,11336.91,20804.46
11230710,1840,11111.7,20150.59
11230710,1900,10335.3,18579.73
11230710,1920,8540.3,15292.96
11230710,1940,8262.050000000001,14300.23
11230710,20,23777.59,39258.85
11230710,21,20190.41,32490.72
11230710,22,12879.91,20574.87
11230710,23,2355.76,4019.53
11230720,00,2769.12,5139.78
11230720,01,6056.61,11477.39
11230720,02,4699.48,9187.380000000001
11230720,03,3479.4,7422.49
11230720,04,3171.7400000000002,7995.31
11230720,05,3951.97,12537.15
11230720,06,5634.9,20125.42
11230720,0700,2793.28,10212.57
11230720,0720,3388.34,12843.32
11230720,0740,3384.2,13092.1
11230720,0800,3952.2799999999997,13437.39
11230720,0820,3744.45,12184.29
11230720,0840,3260.07,11225.08
11230720,0900,3352.39,11278.460000000001
11230720,0920,3186.84,11115.83
11230720,0940,3248.79,10829.86
11230720,10,10726.73,33783.56
11230720,11,13136.12,36818.88
11230720,12,13230.26,39682.51
11230720,13,13353.18,39390.09
11230720,14,14817.57,42078.81
11230720,15,16877.36,47613.79
11230720,16,21190.54,54655.49
11230720,1700,9476.25,21637.86
11230720,1720,10208.32,21833.58
11230720,1740,10422.55,22640.06
11230720,1800,14631.75,29744.15
11230720,1820,9226.36,20116.38
11230720,1840,9025.470000000001,18879.760000000002
11230720,1900,8688.31,18521.5
11230720,1920,7539.84,16108.33
11230720,1940,7587.85,15802.38
11230720,20,22847.97,46042.39
11230720,21,22877.06,42518.87
11230720,22,14857.32,27635.96
11230720,23,2295.59,4583.81
11230730,00,3723.41,7208.81
11230730,01,7554.06,15020.63
11230730,02,5947.83,11670.61
11230730,03,4308.54,9754.94
11230730,04,3784.29,11054.960000000001
11230730,05,4714.34,16904.95
11230730,06,9027.42,33673.72
11230730,0700,4970.24,19726.36
11230730,0720,6007.52,23747.62
11230730,0740,6114.01,22049.35
11230730,0800,6228.84,23694.4
11230730,0820,5844.16,19830.88
11230730,0840,5978.82,17404.06
11230730,0900,5200.47,16020.23
11230730,0920,4808.17,15608.73
11230730,0940,5218.83,16195.67
11230730,10,12099.76,41075.43
11230730,11,15596.02,44924.270000000004
11230730,12,20103.07,57274.0
11230730,13,18199.91,55653.8
11230730,14,17169.43,56730.97
11230730,15,19217.36,62998.94
11230730,16,23217.74,66979.06999999999
11230730,1700,9785.05,25425.75
11230730,1720,10216.35,25389.84
11230730,1740,11564.65,26675.34
11230730,1800,15638.64,35362.08
11230730,1820,9389.61,23966.09
11230730,1840,9039.44,22506.98
11230730,1900,9626.98,23653.13
11230730,1920,7831.05,19307.46
11230730,1940,7924.24,19104.33
11230730,20,24273.65,55443.85
11230730,21,24448.53,51067.43
11230730,22,16672.76,33730.93
11230730,23,2597.21,5608.33
11230740,00,4595.73,7911.0599999999995
11230740,01,9484.23,16894.98
11230740,02,7430.46,13349.59
11230740,03,5455.99,10890.96
11230740,04,5015.34,14381.0
11230740,05,7147.23,23245.9
11230740,06,16044.539999999999,47868.78
11230740,0700,9598.44,24613.48
11230740,0720,12661.89,28642.44
11230740,0740,14375.67,32411.13
11230740,0800,16000.62,34094.71
11230740,0820,16170.96,34595.62
11230740,0840,16973.21,33693.05
11230740,0900,13533.03,29941.35
11230740,0920,14066.94,30770.079999999998
11230740,0940,15343.76,31119.87
11230740,10,48934.36,98307.19
11230740,11,51912.94,99321.49
11230740,12,50693.729999999996,101283.51
11230740,13,44856.76,95175.04000000001
11230740,14,53967.479999999996,109116.68000000001
11230740,15,35011.55,86930.37
11230740,16,46291.65,103318.34
11230740,1700,18462.91,37658.87
11230740,1720,18841.75,37989.83
11230740,1740,21281.41,41680.93
11230740,1800,23272.8,44748.59
11230740,1820,16544.34,33263.92
11230740,1840,16297.43,33464.04
11230740,1900,14798.2,30015.17
11230740,1920,12685.1,25632.94
11230740,1940,12584.24,25599.85
11230740,20,36287.87,71294.45
11230740,21,33857.96,62615.27
11230740,22,22085.77,40701.61
11230740,23,3956.78,7487.51
11230750,00,1242.46,3221.5099999999998
11230750,01,2757.08,7358.43
11230750,02,1972.75,5307.27
11230750,03,1674.21,4894.95
11230750,04,1475.55,5306.61
11230750,05,1728.67,7397.46
11230750,06,2474.97,12364.27
11230750,0700,1344.33,5316.14
11230750,0720,1655.8600000000001,6630.62
11230750,0740,1395.97,6770.95
11230750,0800,1814.83,8155.56
11230750,0820,1415.51,8879.98
11230750,0840,1141.17,6522.16
11230750,0900,1269.47,6525.21
11230750,0920,1221.12,6327.3
11230750,0940,1343.1,6400.91
11230750,10,3623.82,19909.59
11230750,11,4361.13,22642.95
11230750,12,5527.5,27527.35
11230750,13,5711.0,29231.73
11230750,14,6396.8099999999995,34142.95
11230750,15,7613.61,39524.74
11230750,16,9387.58,44610.98
11230750,1700,4072.51,16403.16
11230750,1720,4316.84,16173.7
11230750,1740,4539.61,16336.94
11230750,1800,6894.67,21947.63
11230750,1820,4215.85,14632.48
11230750,1840,3937.29,14039.31
11230750,1900,3888.7000000000003,14288.18
11230750,1920,3317.42,12256.699999999999
11230750,1940,3660.27,12441.53
11230750,20,10577.34,34195.6
11230750,21,9623.31,29330.7
11230750,22,5939.62,18226.46
11230750,23,805.33,2710.22
11260520,00,1792.72,4420.44
11260520,01,3481.64,8556.05
11260520,02,2644.86,6854.05
11260520,03,2072.57,5655.26
11260520,04,1761.97,6507.13
11260520,05,1868.39,8364.86
11260520,06,2509.25,13916.25
11260520,0700,1570.04,7027.39
11260520,0720,2120.11,10219.82
11260520,0740,1994.3400000000001,10560.55
11260520,0800,2097.51,13308.039999999999
11260520,0820,2319.88,13636.22
11260520,0840,1871.95,11096.97
11260520,0900,1409.62,9349.59
11260520,0920,1343.2,9271.95
11260520,0940,1432.64,9544.630000000001
11260520,10,4695.91,28158.68
11260520,11,5382.97,28046.25
11260520,12,6300.77,32587.77
11260520,13,6675.99,35265.07
11260520,14,7718.92,37453.85
11260520,15,8923.64,45699.95
11260520,16,11127.5,51105.18
11260520,1700,4680.81,17825.65
11260520,1720,5214.93,17530.85
11260520,1740,5311.4400000000005,18096.63
11260520,1800,9068.23,24257.19
11260520,1820,5168.2,16428.74
11260520,1840,4634.27,15349.97
11260520,1900,5994.9800000000005,18944.58
11260520,1920,4100.96,13415.4
11260520,1940,4312.08,13466.49
11260520,20,13299.5,38945.99
11260520,21,12919.83,34467.37
11260520,22,7564.04,21303.04
11260520,23,1123.05,4229.34
11260540,00,1435.78,4242.31
11260540,01,3122.6,9448.11
11260540,02,2436.22,7134.76
11260540,03,1720.06,6539.6
11260540,04,1854.64,7516.49
11260540,05,2104.82,10359.93
11260540,06,3396.78,19018.16
11260540,0700,1589.75,8555.87
11260540,0720,2132.8,11088.74
11260540,0740,2354.64,12410.16
11260540,0800,2193.89,13266.64
11260540,0820,2172.36,12287.74
11260540,0840,1769.8,9590.61
11260540,0900,1741.56,9309.42
11260540,0920,1702.51,9342.28
11260540,0940,1432.94,8521.79
11260540,10,4839.12,25759.32
11260540,11,5549.11,27968.17
11260540,12,6642.85,33140.94
11260540,13,6701.54,36089.59
11260540,14,6723.45,36603.65
11260540,15,7782.3,40337.13
11260540,16,9646.93,43895.67
11260540,1700,4319.12,16407.71
11260540,1720,4206.3,15779.77
11260540,1740,4506.24,16257.789999999999
11260540,1800,6730.63,20933.34
11260540,1820,4376.36,14718.31
11260540,1840,3923.6800000000003,13697.74
11260540,1900,4267.63,14855.13
11260540,1920,3680.96,12479.83
11260540,1940,3833.94,12206.83
11260540,20,11641.34,35068.520000000004
11260540,21,10959.52,31471.17
11260540,22,6995.68,20629.19
11260540,23,996.41,3737.19
11260550,00,1135.42,3260.32
11260550,01,2288.37,6428.49
11260550,02,1668.29,4752.62
11260550,03,1350.17,3940.46
11260550,04,1156.24,4489.55
11260550,05,1517.26,6834.51
11260550,06,2623.69,11901.51
11260550,0700,1176.71,5307.43
11260550,0720,1030.53,5446.34
11260550,0740,1157.09,6256.1
11260550,0800,1508.76,6862.09
11260550,0820,1238.75,6140.56
11260550,0840,1022.44,4828.56
11260550,0900,1102.58,5052.5
11260550,0920,982.19,5052.79
11260550,0940,1044.29,5177.8
11260550,10,3215.9,16011.75
11260550,11,3601.33,17263.61
11260550,12,4389.96,22929.0
11260550,13,4808.14,25194.15
11260550,14,5123.78,27796.55
11260550,15,6385.18,30960.69
11260550,16,7083.72,34241.02
11260550,1700,3353.94,12588.03
11260550,1720,2994.0,12048.38
11260550,1740,3145.75,12639.74
11260550,1800,5200.57,17175.1
11260550,1820,3416.33,11861.94
11260550,1840,3245.97,11992.66
11260550,1900,3500.58,12670.48
11260550,1920,2899.64,10393.380000000001
11260550,1940,2940.95,10344.31
11260550,20,8724.23,29964.11
11260550,21,7648.3,24543.53
11260550,22,4628.1,15080.29
11260550,23,687.93,2851.71
11260565,00,2777.74,6540.66
11260565,01,5494.55,12506.73
11260565,02,4092.07,9344.460000000001
11260565,03,2952.65,7980.78
11260565,04,2615.68,9465.65
11260565,05,2910.96,13027.64
11260565,06,4521.9,21816.42
11260565,0700,2002.31,9825.68
11260565,0720,2363.1,12664.29
11260565,0740,2761.34,15864.35
11260565,0800,2981.7,18110.99
11260565,0820,3396.32,19182.86
11260565,0840,2892.16,15881.84
11260565,0900,2727.5,15248.529999999999
11260565,0920,2569.47,15313.2
11260565,0940,2608.63,15410.76
11260565,10,8203.01,46482.81
11260565,11,9583.57,50697.590000000004
11260565,12,11295.33,57172.24
11260565,13,12441.2,59922.53
11260565,14,13453.06,66228.95
11260565,15,15977.45,75704.9
11260565,16,20645.97,82925.07
11260565,1700,9578.06,31730.81
11260565,1720,9727.11,30023.18
11260565,1740,10168.73,31224.1
11260565,1800,17687.53,43465.17
11260565,1820,10698.34,29555.32
11260565,1840,9048.77,26330.0
11260565,1900,9695.97,29411.12
11260565,1920,8013.9400000000005,22351.43
11260565,1940,8137.35,22030.74
11260565,20,24760.16,63447.71
11260565,21,22083.22,53566.78
11260565,22,13858.25,32675.2
11260565,23,1904.16,5570.96
11260570,00,1607.06,4329.59
11260570,01,3329.99,9421.76
11260570,02,2556.28,7143.0599999999995
11260570,03,1953.11,5840.03
11260570,04,1684.26,6283.58
11260570,05,1846.3700000000001,8606.72
11260570,06,2572.48,14152.78
11260570,0700,876.37,5575.91
11260570,0720,1200.96,6731.1
11260570,0740,1378.91,7181.24
11260570,0800,1378.8700000000001,8243.57
11260570,0820,1466.76,8881.64
11260570,0840,1393.73,7108.31
11260570,0900,1416.72,7572.98
11260570,0920,1435.9,7000.1
11260570,0940,1232.78,6766.29
11260570,10,4018.7599999999998,21176.67
11260570,11,4664.39,23178.47
11260570,12,5407.15,27258.44
11260570,13,6138.8,29814.7
11260570,14,6584.94,34263.09
11260570,15,7878.54,39626.39
11260570,16,10119.54,44823.7
11260570,1700,4829.18,18147.11
11260570,1720,4930.08,16738.04
11260570,1740,4974.13,17555.39
11260570,1800,8136.139999999999,23235.46
11260570,1820,5492.26,16833.66
11260570,1840,4567.43,14913.3
11260570,1900,4838.94,15928.94
11260570,1920,4293.39,13417.32
11260570,1940,3768.07,13026.83
11260570,20,12948.86,38325.63
11260570,21,12196.93,34725.67
11260570,22,8007.15,23393.75
11260570,23,1408.09,4720.94
11260575,00,2349.58,5806.2300000000005
11260575,01,4589.59,12619.9
11260575,02,3464.04,9073.86
11260575,03,2365.36,7376.92
11260575,04,2535.53,9912.28
11260575,05,3428.61,16468.34
11260575,06,8257.93,36169.11
11260575,0700,5608.33,20423.28
11260575,0720,7151.18,26525.83
11260575,0740,9188.46,31569.53
11260575,0800,9331.31,34188.53
11260575,0820,7958.45,32295.34
11260575,0840,6214.76,24297.71
11260575,0900,5634.28,23286.76
11260575,0920,5658.8,23808.4
11260575,0940,4985.22,22391.12
11260575,10,13541.97,64115.09
11260575,11,16510.17,68487.06
11260575,12,17904.54,75282.83
11260575,13,15280.84,70650.06999999999
11260575,14,15717.869999999999,72002.53
11260575,15,17770.13,79713.64
11260575,16,22155.11,86333.42
11260575,1700,9751.48,31952.95
11260575,1720,9762.119999999999,30817.74
11260575,1740,9199.27,30415.32
11260575,1800,15228.8,40374.99
11260575,1820,9782.41,28219.03
11260575,1840,8323.869999999999,25487.98
11260575,1900,9330.67,27260.89
11260575,1920,7542.34,21505.04
11260575,1940,7374.26,20279.25
11260575,20,21428.67,57174.19
11260575,21,19486.28,48939.26
11260575,22,12367.38,31870.6
11260575,23,2190.74,6377.74
11260580,00,1901.49,4674.38
11260580,01,3662.33,9576.039999999999
11260580,02,2892.66,7419.47
11260580,03,2014.13,6179.76
11260580,04,1933.53,7445.8
11260580,05,2180.52,9635.04
11260580,06,4044.08,17754.14
11260580,0700,2075.01,8394.51
11260580,0720,2445.7400000000002,10517.09
11260580,0740,2911.45,12783.800000000001
11260580,0800,3295.47,15752.46
11260580,0820,2966.34,14299.46
11260580,0840,2826.76,11441.6
11260580,0900,2932.69,11915.66
11260580,0920,2792.25,10952.97
11260580,0940,2811.43,10928.24
11260580,10,9323.28,36198.85
11260580,11,10958.85,40876.22
11260580,12,12873.67,48258.4
11260580,13,13190.7,49875.51
11260580,14,13477.7,52263.26
11260580,15,15145.1,59677.39
11260580,16,17975.6,65486.04
11260580,1700,7325.18,23751.03
11260580,1720,7288.45,22693.37
11260580,1740,7569.55,23690.68
11260580,1800,11334.09,30763.3
11260580,1820,7870.97,21755.78
11260580,1840,6329.6900000000005,18941.49
11260580,1900,6496.24,19520.6
11260580,1920,5455.71,16609.33
11260580,1940,5424.08,15883.69
11260580,20,15986.65,45500.62
11260580,21,13767.75,37744.68
11260580,22,8515.73,23672.3
11260580,23,1252.72,4018.94
11260590,00,4948.0199999999995,8739.22
11260590,01,8903.74,16729.38
11260590,02,6769.0599999999995,13175.49
11260590,03,5021.18,10651.77
11260590,04,4719.39,13333.880000000001
11260590,05,6385.860000000001,21861.98
11260590,06,10496.07,36420.9
11260590,0700,5041.08,18260.12
11260590,0720,5944.94,21615.06
11260590,0740,6795.83,24013.07
11260590,0800,7356.07,28346.73
11260590,0820,7328.28,29512.27
11260590,0840,7166.62,27518.68
11260590,0900,7369.51,30072.07
11260590,0920,7529.6,32496.649999999998
11260590,0940,6947.53,30335.84
11260590,10,21512.0,87134.06999999999
11260590,11,23819.93,88996.48
11260590,12,26445.67,97059.61
11260590,13,27301.43,100038.08
11260590,14,28073.35,98253.29000000001
11260590,15,32605.71,103312.83
11260590,16,40192.53,112871.22
11260590,1700,18398.46,42851.31
11260590,1720,19657.75,43001.63
11260590,1740,19150.31,42616.340000000004
11260590,1800,30153.72,57183.69
11260590,1820,19636.61,39673.03
11260590,1840,17397.01,35765.14
11260590,1900,18386.61,37742.49
11260590,1920,14883.119999999999,30293.57
11260590,1940,14637.82,29476.14
11260590,20,40982.58,79034.16
11260590,21,34564.0,61488.7
11260590,22,23006.91,40235.06
11260590,23,3973.19,7786.31
11260600,00,1760.81,4185.7
11260600,01,3155.86,8627.2
11260600,02,2303.09,6377.16
11260600,03,1810.57,5424.04
11260600,04,1580.31,6004.75
11260600,05,2085.44,9139.39
11260600,06,3506.59,18958.23
11260600,0700,1851.72,9994.69
11260600,0720,2417.46,13478.98
11260600,0740,2667.18,14609.25
11260600,0800,3261.2799999999997,16371.19
11260600,0820,2903.51,17834.670000000002
11260600,0840,2184.26,11875.17
11260600,0900,2200.91,10491.24
11260600,0920,2076.87,10227.59
11260600,0940,1820.33,9883.17
11260600,10,5341.5,27908.06
11260600,11,6304.86,30402.76
11260600,12,7672.02,34822.68
11260600,13,7757.32,35751.22
11260600,14,8248.91,40100.88
11260600,15,8887.369999999999,45598.28
11260600,16,12092.96,50840.83
11260600,1700,5147.83,18209.68
11260600,1720,5538.18,18078.85
11260600,1740,5677.71,18303.6
11260600,1800,9472.88,24502.94
11260600,1820,5734.12,17252.7
11260600,1840,4989.42,15820.64
11260600,1900,4888.93,15770.94
11260600,1920,4533.48,13255.119999999999
11260600,1940,4029.99,12997.96
11260600,20,12846.62,37736.12
11260600,21,12098.9,32574.8
11260600,22,7137.61,19587.0
11260600,23,1137.53,3432.91
11260610,00,2371.49,6044.08
11260610,01,4814.8,13104.46
11260610,02,3594.44,9579.59
11260610,03,2843.37,7915.4400000000005
11260610,04,2679.15,9525.47
11260610,05,3077.49,12742.21
11260610,06,3745.17,18914.65
11260610,0700,1549.54,8179.87
11260610,0720,1816.2,9712.210000000001
11260610,0740,2275.94,11753.539999999999
11260610,0800,2466.72,13134.03
11260610,0820,2575.86,13714.61
11260610,0840,2100.54,11606.6
11260610,0900,2311.06,11387.48
11260610,0920,1957.94,11780.25
11260610,0940,1861.1299999999999,11253.78
11260610,10,5771.15,36159.55
11260610,11,7384.88,39004.04
11260610,12,9039.37,44000.84
11260610,13,9576.38,46574.97
11260610,14,10734.47,51640.58
11260610,15,12937.07,61246.46
11260610,16,16098.13,69667.35
11260610,1700,7298.11,26143.239999999998
11260610,1720,7728.43,24911.59
11260610,1740,7667.28,24902.9
11260610,1800,12825.01,33818.17
11260610,1820,8189.62,23803.46
11260610,1840,6766.97,21279.99
11260610,1900,7211.94,23551.33
11260610,1920,6078.85,18294.28
11260610,1940,6250.76,17894.36
11260610,20,18688.39,51288.159999999996
11260610,21,16735.18,44801.63
11260610,22,11149.79,29838.53
11260610,23,1768.03,5544.2
11260620,00,2885.54,7225.96
11260620,01,6348.99,16744.47
11260620,02,4513.86,12951.55
11260620,03,3021.13,9356.11
11260620,04,2948.67,11704.85
11260620,05,4045.48,19334.49
11260620,06,7276.3,33600.87
11260620,0700,3009.91,15212.34
11260620,0720,4403.57,19930.08
11260620,0740,4650.0,22998.84
11260620,0800,5123.96,25154.43
11260620,0820,4893.72,23845.63
11260620,0840,4512.66,20292.66
11260620,0900,3679.22,19853.13
11260620,0920,3402.91,20155.579999999998
11260620,0940,3548.46,18080.57
11260620,10,11166.76,56466.4
11260620,11,12474.8,60520.06
11260620,12,14626.12,66864.49
11260620,13,15645.41,72623.61
11260620,14,16708.84,77670.52
11260620,15,18347.32,85630.37
11260620,16,22706.13,96054.79000000001
11260620,1700,10481.29,36125.39
11260620,1720,10981.34,35839.68
11260620,1740,10934.98,35306.15
11260620,1800,18441.63,48491.4
11260620,1820,11348.61,33315.81
11260620,1840,9393.95,30025.72
11260620,1900,10173.75,31744.09
11260620,1920,8350.72,25875.86
11260620,1940,8580.16,25286.99
11260620,20,26076.52,70558.52
11260620,21,23180.54,60844.41
11260620,22,14964.82,40279.06
11260620,23,2398.36,7111.45
11260630,00,1809.8,4498.23
11260630,01,3667.28,10416.73
11260630,02,2634.4900000000002,7504.64
11260630,03,1814.93,5474.06
11260630,04,1501.73,5443.89
11260630,05,2053.08,8792.81
11260630,06,2963.88,14614.41
11260630,0700,1191.42,5867.2300000000005
11260630,0720,1430.07,7171.67
11260630,0740,1828.37,8868.99
11260630,0800,2383.32,10665.13
11260630,0820,2472.04,11400.07
11260630,0840,1883.22,9284.04
11260630,0900,1436.5,8478.46
11260630,0920,1677.7,9150.32
11260630,0940,1713.59,8819.23
11260630,10,5179.34,26806.23
11260630,11,5167.31,27999.14
11260630,12,6055.14,32846.32
11260630,13,6697.23,34389.08
11260630,14,6756.93,35673.79
11260630,15,7875.530000000001,40571.79
11260630,16,10147.460000000001,44711.32
11260630,1700,4778.52,17040.28
11260630,1720,5019.32,16396.0
11260630,1740,5132.7300000000005,17624.95
11260630,1800,8404.5,23957.7
11260630,1820,5079.38,15518.18
11260630,1840,4530.21,14521.52
11260630,1900,4925.26,16010.11
11260630,1920,4023.69,12852.93
11260630,1940,3980.49,11972.54
11260630,20,12294.5,35802.19
11260630,21,11319.64,31304.739999999998
11260630,22,8043.59,22106.78
11260630,23,1092.26,3887.9700000000003
11260655,00,3744.84,9492.12
11260655,01,7357.05,19208.64
11260655,02,5388.0,14412.47
11260655,03,4272.97,12123.25
11260655,04,4113.99,15158.79
11260655,05,6124.0,27188.27
11260655,06,10224.29,56603.54
11260655,0700,5123.34,32198.35
11260655,0720,5867.58,39170.83
11260655,0740,6287.15,38855.409999999996
11260655,0800,6726.9800000000005,37141.32
11260655,0820,7123.42,34528.97
11260655,0840,5557.2,26948.31
11260655,0900,5504.72,26597.14
11260655,0920,5100.28,26000.87
11260655,0940,4603.63,25009.66
11260655,10,15240.88,79198.1
11260655,11,16213.83,79767.62
11260655,12,19572.98,90892.15
11260655,13,20341.93,92840.24
11260655,14,21318.24,96602.14
11260655,15,23440.96,104624.28
11260655,16,29598.52,117875.99
11260655,1700,12234.0,42927.590000000004
11260655,1720,13273.32,43559.59
11260655,1740,13376.01,43616.33
11260655,1800,20018.39,54995.72
11260655,1820,12940.89,39311.87
11260655,1840,11513.39,35852.41
11260655,1900,11883.9,36879.51
11260655,1920,9642.7,30347.24
11260655,1940,10181.8,29871.170000000002
11260655,20,29868.83,83371.23
11260655,21,26311.49,69111.09
11260655,22,15961.76,42682.07
11260655,23,2493.29,7864.03
11260660,00,1121.69,2813.11
11260660,01,2095.54,5295.49
11260660,02,1514.79,3986.26
11260660,03,1090.81,3229.45
11260660,04,946.55,3402.19
11260660,05,1077.47,4726.42
11260660,06,1564.93,9145.08
11260660,0700,682.49,5644.41
11260660,0720,758.58,7640.12
11260660,0740,850.04,7049.61
11260660,0800,830.97,7195.95
11260660,0820,1001.14,7495.4
11260660,0840,829.04,5042.26
11260660,0900,713.06,4496.75
11260660,0920,735.62,4196.71
11260660,0940,775.77,4401.83
11260660,10,2520.95,13815.68
11260660,11,3125.22,16541.86
11260660,12,3728.54,19799.32
11260660,13,3955.28,20714.43
11260660,14,4323.0199999999995,23954.22
11260660,15,5468.3,28415.87
11260660,16,7250.36,32398.31
11260660,1700,3055.04,12275.97
11260660,1720,3571.55,12060.32
11260660,1740,3321.29,11237.46
11260660,1800,5409.5199999999995,15074.1
11260660,1820,3253.77,10372.539999999999
11260660,1840,2822.33,9793.03
11260660,1900,3055.98,10879.76
11260660,1920,2773.93,8803.81
11260660,1940,2611.64,8153.71
11260660,20,8847.08,24906.54
11260660,21,7846.46,22131.0
11260660,22,4518.42,12044.41
11260660,23,606.47,1984.88
11260680,00,2897.97,8206.14
11260680,01,5737.39,16751.17
11260680,02,4342.72,14224.61
11260680,03,3400.84,13776.07
11260680,04,3447.9900000000002,17667.41
11260680,05,5284.33,28571.87
11260680,06,11454.55,53354.95
11260680,0700,6875.81,27540.55
11260680,0720,9196.27,33435.82
11260680,0740,10950.29,37172.8
11260680,0800,11608.21,40691.53
11260680,0820,10107.26,39495.48
11260680,0840,7652.07,31932.85
11260680,0900,6239.48,29331.89
11260680,0920,5752.95,28087.75
11260680,0940,5223.79,26993.93
11260680,10,13975.8,77717.66
11260680,11,15966.1,83873.95999999999
11260680,12,19927.46,98364.65
11260680,13,19122.49,97467.76
11260680,14,19959.34,101779.12
11260680,15,21218.95,111759.95
11260680,16,24508.41,117128.77
11260680,1700,10156.91,42606.63
11260680,1720,9924.75,40753.78
11260680,1740,10264.67,40516.34
11260680,1800,15616.75,50655.090000000004
11260680,1820,9792.37,36200.22
11260680,1840,8224.15,33357.5
11260680,1900,8927.32,34144.1
11260680,1920,7518.16,28491.72
11260680,1940,7884.14,28630.72
11260680,20,22489.45,77955.93
11260680,21,20888.74,67692.27
11260680,22,13249.07,42500.58
11260680,23,2092.34,7478.96
11260690,00,1153.47,2974.35
11260690,01,2300.52,6009.97
11260690,02,1428.27,4090.08
11260690,03,1083.91,3438.59
11260690,04,994.7,4146.77
11260690,05,1608.08,7615.43
11260690,06,2937.86,15553.52
11260690,0700,1666.76,9246.65
11260690,0720,2099.71,12322.53
11260690,0740,2596.85,14000.46
11260690,0800,2613.36,13425.789999999999
11260690,0820,2186.49,13871.779999999999
11260690,0840,1867.08,9309.789999999999
11260690,0900,1730.05,8685.82
11260690,0920,1466.3600000000001,8743.17
11260690,0940,1401.88,8826.2
11260690,10,4435.46,26009.46
11260690,11,5513.99,26794.77
11260690,12,6745.42,34002.32
11260690,13,7183.1900000000005,37035.79
11260690,14,7475.22,40607.73
11260690,15,8491.11,46917.14
11260690,16,10728.38,52023.32
11260690,1700,4953.98,18869.37
11260690,1720,5356.28,18899.57
11260690,1740,4889.75,18366.59
11260690,1800,7584.45,24774.39
11260690,1820,4797.84,17020.31
11260690,1840,4107.65,15872.77
11260690,1900,4553.08,15398.7
11260690,1920,3870.1800000000003,13462.56
11260690,1940,3531.63,12761.56
11260690,20,11431.800000000001,37205.92
11260690,21,11091.630000000001,32217.65
11260690,22,6732.07,18979.68
11260690,23,1008.09,3228.16
11290525,00,2187.72,4766.09
11290525,01,4603.66,10450.48
11290525,02,3348.4,7855.75
11290525,03,2483.06,6556.3
11290525,04,2399.36,8626.64
11290525,05,5150.17,19885.53
11290525,06,8959.54,38944.4
11290525,0700,4111.17,18714.25
11290525,0720,4638.14,20107.36
11290525,0740,5483.17,20955.48
11290525,0800,5835.72,21975.8
11290525,0820,5938.17,21861.05
11290525,0840,5510.12,18653.18
11290525,0900,4871.85,18397.83
11290525,0920,4876.24,18404.29
11290525,0940,4613.75,17831.13
11290525,10,14865.69,57156.72
11290525,11,19148.7,64832.91
11290525,12,19940.31,68530.03
11290525,13,20060.5,67911.44
11290525,14,20834.4,65552.18000000001
11290525,15,20007.25,64673.94
11290525,16,22544.82,69849.89
11290525,1700,8730.07,24599.760000000002
11290525,1720,8725.08,23881.82
11290525,1740,9228.25,24791.28
11290525,1800,11679.2,28808.62
11290525,1820,9179.72,22524.44
11290525,1840,8376.78,20928.31
11290525,1900,8419.83,20780.61
11290525,1920,7531.52,18600.85
11290525,1940,7447.75,18033.61
11290525,20,20912.35,50082.82
11290525,21,18645.47,42729.76
11290525,22,11523.18,26264.03
11290525,23,1533.58,4049.64
11290555,00,3101.71,6579.92
11290555,01,6442.55,14434.18
11290555,02,5194.75,12086.75
11290555,03,4224.82,10676.39
11290555,04,4434.32,14339.47
11290555,05,6809.89,26496.7
11290555,06,11081.08,43430.16
11290555,0700,6092.31,23660.02
11290555,0720,8440.61,29465.829999999998
11290555,0740,9514.83,28250.54
11290555,0800,10386.73,32803.03
11290555,0820,10493.06,32146.3
11290555,0840,8806.81,26396.91
11290555,0900,8060.18,25268.739999999998
11290555,0920,7035.63,24960.66
11290555,0940,6609.88,22433.35
11290555,10,20470.36,67868.15
11290555,11,24905.29,75874.97
11290555,12,27267.06,82607.77
11290555,13,27031.3,82253.11
11290555,14,26792.89,83556.75
11290555,15,26361.260000000002,87540.59
11290555,16,32755.97,99285.92
11290555,1700,13804.89,36775.61
11290555,1720,13936.75,36199.77
11290555,1740,14789.0,37393.08
11290555,1800,18752.85,43524.66
11290555,1820,13271.69,32003.86
11290555,1840,11936.42,29957.06
11290555,1900,11913.26,28982.31
11290555,1920,10190.98,24500.15
11290555,1940,9394.59,22095.51
11290555,20,27103.95,64509.48
11290555,21,25167.09,55918.85
11290555,22,15570.04,35316.69
11290555,23,2483.04,6153.9400000000005
11290575,00,3766.92,6292.1900000000005
11290575,01,7383.99,13220.11
11290575,02,5713.13,10341.84
11290575,03,4177.45,8255.98
11290575,04,3761.5099999999998,9367.99
11290575,05,5211.46,16687.25
11290575,06,9086.06,33876.62
11290575,0700,5330.54,20505.28
11290575,0720,7257.65,24501.84
11290575,0740,8448.76,29502.18
11290575,0800,8882.07,25467.93
11290575,0820,9122.38,24747.73
11290575,0840,8147.38,22093.27
11290575,0900,7940.99,21363.19
11290575,0920,8614.99,22688.15
11290575,0940,9503.82,23010.85
11290575,10,31962.97,74232.14
11290575,11,33575.56,76547.85
11290575,12,32313.8,76301.2
11290575,13,34045.7,79869.62
11290575,14,36659.95,82979.84
11290575,15,33864.56,81702.29
11290575,16,41855.66,94155.77
11290575,1700,18126.28,37334.69
11290575,1720,19266.19,38824.55
11290575,1740,20751.34,40064.72
11290575,1800,26001.52,47237.54
11290575,1820,18626.32,34382.909999999996
11290575,1840,16369.01,30993.21
11290575,1900,16301.91,29875.35
11290575,1920,13768.58,25322.53
11290575,1940,13315.56,24313.99
11290575,20,37398.71,65814.53
11290575,21,32799.2,56764.58
11290575,22,21297.94,36019.78
11290575,23,3417.84,6154.96
11290580,00,1257.01,3148.37
11290580,01,2455.07,6628.67
11290580,02,1951.0,5100.58
11290580,03,1398.05,4425.28
11290580,04,1162.19,4528.64
11290580,05,1408.32,6455.96
11290580,06,2687.02,12905.41
11290580,0700,1199.02,6674.17
11290580,0720,1692.14,7553.01
11290580,0740,1764.94,9461.26
11290580,0800,2065.23,9833.03
11290580,0820,2212.26,10944.9
11290580,0840,1535.52,7772.38
11290580,0900,1726.12,8048.85
11290580,0920,1760.8600000000001,7657.06
11290580,0940,1725.8,7206.66
11290580,10,5179.63,22389.62
11290580,11,5932.68,26811.12
11290580,12,6576.9,29529.83
11290580,13,6908.46,32016.510000000002
11290580,14,7542.0199999999995,35258.43
11290580,15,8094.03,41422.19
11290580,16,9987.89,47747.29
11290580,1700,4876.77,18522.24
11290580,1720,4580.6900000000005,18100.96
11290580,1740,4586.07,17732.15
11290580,1800,6890.29,22025.47
11290580,1820,4486.33,15729.26
11290580,1840,4095.2,13721.19
11290580,1900,4152.47,14452.05
11290580,1920,3831.99,12233.06
11290580,1940,3739.59,11706.55
11290580,20,10775.31,33213.86
11290580,21,10563.74,28312.49
11290580,22,6626.86,18653.87
11290580,23,920.14,2942.73
11290590,00,797.37,2845.7599999999998
11290590,01,1745.3,5845.82
11290590,02,1338.6100000000001,4620.37
11290590,03,994.62,3779.8
11290590,04,839.79,4217.12
11290590,05,1043.49,6687.18
11290590,06,1916.77,11631.84
11290590,0700,883.66,5119.99
11290590,0720,1137.02,6399.39
11290590,0740,1317.43,6722.41
11290590,0800,1145.97,6459.02
11290590,0820,899.25,6433.86
11290590,0840,833.07,4872.03
11290590,0900,834.71,4861.0199999999995
11290590,0920,747.39,4283.81
11290590,0940,772.75,4362.01
11290590,10,2688.65,14848.31
11290590,11,3128.85,16302.33
11290590,12,3699.2599999999998,19210.64
11290590,13,4043.7200000000003,22514.25
11290590,14,4412.3099999999995,24917.9
11290590,15,5095.99,29139.65
11290590,16,5697.01,32190.01
11290590,1700,2760.87,11941.32
11290590,1720,2710.64,11377.42
11290590,1740,2827.63,11714.76
11290590,1800,4156.26,14749.1
11290590,1820,2911.89,10966.56
11290590,1840,2726.7599999999998,10385.36
11290590,1900,2666.42,10615.66
11290590,1920,2317.57,9417.76
11290590,1940,2378.09,9609.48
11290590,20,7438.6,28428.69
11290590,21,7713.34,26543.46
11290590,22,4663.46,16660.21
11290590,23,584.13,2613.06
11290600,00,4425.1,7187.12
11290600,01,8846.23,15129.86
11290600,02,6467.17,11636.08
11290600,03,4766.38,9779.81
11290600,04,4919.8,12717.94
11290600,05,9735.36,27908.64
11290600,06,22456.23,62823.75
11290600,0700,15163.75,39579.32
11290600,0720,19724.86,46380.520000000004
11290600,0740,23503.73,49922.87
11290600,0800,26555.41,51794.62
11290600,0820,26792.63,53419.6
11290600,0840,27598.77,51313.88
11290600,0900,24188.88,47751.85
11290600,0920,24627.38,46231.56
11290600,0940,23584.04,44486.76
11290600,10,64862.02,126164.11
11290600,11,83387.0,150475.34
11290600,12,73295.88,139820.26
11290600,13,74161.54,140591.55
11290600,14,71476.83,135768.44
11290600,15,45472.340000000004,93402.9
11290600,16,63042.01,114937.7
11290600,1700,20606.98,36647.78
11290600,1720,23464.77,40272.99
11290600,1740,27092.53,44777.72
11290600,1800,23649.99,39646.29
11290600,1820,18936.5,31913.55
11290600,1840,18456.66,30290.7
11290600,1900,16819.92,28127.16
11290600,1920,14291.4,23922.19
11290600,1940,13790.65,22991.760000000002
11290600,20,39425.84,64189.909999999996
11290600,21,35885.95,57771.8
11290600,22,23305.89,36345.159999999996
11290600,23,4269.56,6884.43
11290610,00,1922.54,4545.06
11290610,01,3870.74,9098.59
11290610,02,3029.46,7117.95
11290610,03,2143.03,5537.17
11290610,04,2046.02,6332.67
11290610,05,2388.51,10341.58
11290610,06,4351.37,18487.2
11290610,0700,2305.38,9066.46
11290610,0720,2912.15,10217.11
11290610,0740,3823.93,11403.62
11290610,0800,4449.45,14360.48
11290610,0820,4300.28,14506.61
11290610,0840,3623.32,11603.23
11290610,0900,3417.9,11644.85
11290610,0920,3131.53,11131.46
11290610,0940,3081.53,10281.55
11290610,10,9607.66,31520.56
11290610,11,12955.03,36115.56
11290610,12,13332.94,38922.61
11290610,13,13674.119999999999,39245.92
11290610,14,14671.39,42033.42
11290610,15,14367.98,43751.77
11290610,16,18372.18,51138.65
11290610,1700,7522.34,19314.170000000002
11290610,1720,7804.37,19649.83
11290610,1740,8745.15,20459.03
11290610,1800,11195.0,24280.54
11290610,1820,8000.28,18027.5
11290610,1840,6978.4,15973.78
11290610,1900,7064.75,16014.45
11290610,1920,5839.45,13660.55
11290610,1940,5656.5,13497.69
11290610,20,16780.28,37782.4
11290610,21,14589.34,33198.41
11290610,22,9071.1,20762.24
11290610,23,1356.67,3751.66
11290620,00,1077.53,3537.93
11290620,01,2494.0,7481.61
11290620,02,1814.9,5885.47
11290620,03,1350.53,4771.57
11290620,04,1388.49,5549.0
11290620,05,1705.99,7922.62
11290620,06,2642.81,13039.9
11290620,0700,1231.56,6163.2
11290620,0720,1502.75,7599.92
11290620,0740,1428.89,8217.89
11290620,0800,1880.38,8663.93
11290620,0820,1488.83,8727.13
11290620,0840,1530.53,7290.01
11290620,0900,1433.16,6962.25
11290620,0920,1272.25,6655.37
11290620,0940,1261.26,6204.25
11290620,10,3626.54,18663.36
11290620,11,4333.29,20841.5
11290620,12,5048.74,24096.53
11290620,13,5461.48,26678.22
11290620,14,5506.0,28772.62
11290620,15,6393.9,33844.37
11290620,16,8151.86,38174.69
11290620,1700,3990.46,15242.03
11290620,1720,3770.22,14774.99
11290620,1740,3808.73,14383.47
11290620,1800,5799.0,19143.22
11290620,1820,3519.13,12844.39
11290620,1840,3102.99,11757.58
11290620,1900,3430.85,12526.83
11290620,1920,2772.72,10937.3
11290620,1940,2883.93,10829.97
11290620,20,9561.53,32318.97
11290620,21,9089.16,28817.04
11290620,22,5769.0199999999995,17681.18
11290620,23,705.29,2724.0099999999998
11290630,00,2303.14,6385.07
11290630,01,4630.69,13285.12
11290630,02,3743.63,11715.74
11290630,03,2858.03,9589.48
11290630,04,3019.24,11036.57
11290630,05,3662.2,16505.37
11290630,06,5266.09,24562.02
11290630,0700,2309.25,9829.33
11290630,0720,2590.45,11168.68
11290630,0740,2913.6,12440.48
11290630,0800,2760.99,13499.8
11290630,0820,2992.5,15251.630000000001
11290630,0840,2629.63,12504.28
11290630,0900,2312.3,11973.28
11290630,0920,2274.51,12442.55
11290630,0940,2418.71,12345.460000000001
11290630,10,8083.7,37136.24
11290630,11,9526.210000000001,41346.2
11290630,12,9967.04,46562.7
11290630,13,10347.78,49713.76
11290630,14,11663.57,54261.53
11290630,15,12199.869999999999,60879.89
11290630,16,15703.7,67458.18
11290630,1700,6853.54,24956.54
11290630,1720,6984.77,24521.35
11290630,1740,7196.42,25587.989999999998
11290630,1800,10337.59,32152.03
11290630,1820,6851.7,22996.28
11290630,1840,6214.7,21234.68
11290630,1900,6441.46,22048.05
11290630,1920,5967.39,18891.97
11290630,1940,5771.1,18629.44
11290630,20,17619.35,53949.79
11290630,21,16685.420000000002,48124.6
11290630,22,10705.22,31735.489999999998
11290630,23,1569.8700000000001,5433.69
11290640,00,2270.15,3833.74
11290640,01,4388.41,7656.15
11290640,02,3167.03,6388.34
11290640,03,2492.01,5814.0
11290640,04,2331.13,7364.33
11290640,05,3379.23,10602.14
11290640,06,8292.18,27210.07
11290640,0700,6377.58,18398.84
11290640,0720,8869.15,22095.6
11290640,0740,10882.93,26651.53
11290640,0800,13491.72,28921.41
11290640,0820,13460.8,26078.23
11290640,0840,12754.65,24006.71
11290640,0900,11400.36,22273.0
11290640,0920,11996.8,22496.39
11290640,0940,12737.41,23114.38
11290640,10,29603.8,59134.74
11290640,11,31139.23,61194.32
11290640,12,28870.57,59748.13
11290640,13,26709.82,57773.97
11290640,14,24161.26,54494.23
11290640,15,17815.21,44836.11
11290640,16,21888.79,48435.43
11290640,1700,8113.91,16780.15
11290640,1720,8210.0,17017.55
11290640,1740,8952.55,17631.95
11290640,1800,8793.25,17190.66
11290640,1820,6117.23,13135.68
11290640,1840,5756.59,12731.23
11290640,1900,5750.56,12296.85
11290640,1920,5265.09,10703.99
11290640,1940,5338.33,10365.75
11290640,20,16435.09,30394.49
11290640,21,15176.91,26239.91
11290640,22,9996.89,16760.08
11290640,23,1531.45,2620.56
11290650,00,2292.39,5954.35
11290650,01,4880.76,13246.06
11290650,02,3875.97,11877.19
11290650,03,3054.31,11549.6
11290650,04,3007.21,12849.67
11290650,05,3672.5,16570.03
11290650,06,5519.68,24912.170000000002
11290650,0700,2590.64,9526.07
11290650,0720,2740.9900000000002,10395.63
11290650,0740,2785.41,11350.11
11290650,0800,3349.27,11846.29
11290650,0820,3204.36,13112.27
11290650,0840,3018.63,11285.82
11290650,0900,2840.62,11272.0
11290650,0920,2950.68,11396.4
11290650,0940,3132.1,12300.3
11290650,10,9950.96,38405.01
11290650,11,10325.48,40829.59
11290650,12,10446.49,45856.41
11290650,13,11235.15,49075.93
11290650,14,11965.81,52680.34
11290650,15,11679.64,56597.53
11290650,16,14749.47,63735.43
11290650,1700,6318.21,22745.4
11290650,1720,6058.6900000000005,21624.09
11290650,1740,6647.49,23103.28
11290650,1800,9048.4,28893.02
11290650,1820,6092.85,20966.8
11290650,1840,5376.2,19854.48
11290650,1900,5795.17,20602.98
11290650,1920,4999.15,18149.98
11290650,1940,5123.82,17469.03
11290650,20,16214.55,53136.54
11290650,21,16021.83,48889.27
11290650,22,10329.41,32394.510000000002
11290650,23,1644.44,5583.0599999999995
11290660,00,2527.18,8410.88
11290660,01,5494.03,18906.51
11290660,02,4088.7400000000002,14093.91
11290660,03,2954.31,10873.6
11290660,04,2792.84,12861.03
11290660,05,4251.53,21455.78
11290660,06,8105.99,45774.29
11290660,0700,3553.59,18773.079999999998
11290660,0720,3978.3,21649.26
11290660,0740,4757.47,24107.54
11290660,0800,5701.59,26128.86
11290660,0820,6221.76,28291.76
11290660,0840,5326.16,21095.56
11290660,0900,5641.08,21357.31
11290660,0920,5716.72,21706.73
11290660,0940,5594.63,21168.75
11290660,10,15526.61,64514.17
11290660,11,16269.76,70087.78
11290660,12,16996.68,81653.4
11290660,13,17598.39,85407.06999999999
11290660,14,18953.09,95435.76
11290660,15,20052.28,109126.06
11290660,16,23117.28,114839.09
11290660,1700,9663.81,41988.270000000004
11290660,1720,9276.42,40996.64
11290660,1740,9200.58,41999.26
11290660,1800,13593.32,52520.43
11290660,1820,8836.26,37386.97
11290660,1840,7498.8,32370.72
11290660,1900,7670.89,32349.61
11290660,1920,6629.88,29428.57
11290660,1940,6617.23,28339.95
11290660,20,20778.14,82320.33
11290660,21,19711.72,75390.56999999999
11290660,22,12504.960000000001,50776.0
11290660,23,1759.99,8053.24
11290685,00,1891.6100000000001,5247.29
11290685,01,4086.72,11871.72
11290685,02,2859.72,8916.38
11290685,03,2471.21,7939.85
11290685,04,2430.0,9473.5
11290685,05,3103.23,13907.68
11290685,06,5700.6900000000005,24878.52
11290685,0700,2760.57,10808.95
11290685,0720,3434.07,12458.34
11290685,0740,3622.47,13840.14
11290685,0800,4231.0,14964.87
11290685,0820,4555.81,17140.1
11290685,0840,4045.0099999999998,14709.33
11290685,0900,4572.14,15579.5
11290685,0920,4279.5,15669.789999999999
11290685,0940,3974.56,15813.9
11290685,10,12875.39,49625.19
11290685,11,16916.28,55974.16
11290685,12,14961.27,56216.75
11290685,13,15307.07,61270.04
11290685,14,15523.52,63859.090000000004
11290685,15,15688.45,69106.79
11290685,16,18622.56,77396.56999999999
11290685,1700,8192.96,28550.6
11290685,1720,7898.1,27579.21
11290685,1740,7746.88,27411.56
11290685,1800,10665.73,34110.12
11290685,1820,6644.8,23272.68
11290685,1840,6110.2,21905.19
11290685,1900,6020.16,21673.88
11290685,1920,5304.15,18631.98
11290685,1940,5389.74,18580.75
11290685,20,16133.86,52640.33
11290685,21,14447.08,46417.69
11290685,22,9710.96,31070.05
11290685,23,1638.93,5593.49
11290705,00,3867.06,9832.3
11290705,01,8199.86,22667.83
11290705,02,6531.54,17966.7
11290705,03,5051.3,15241.98
11290705,04,5206.97,18293.63
11290705,05,6696.9,28497.03
11290705,06,13927.76,54093.32
11290705,0700,8137.96,28236.22
11290705,0720,10942.77,34431.62
11290705,0740,15151.71,40408.28
11290705,0800,15549.81,44135.95
11290705,0820,14659.08,43651.5
11290705,0840,13322.25,36423.89
11290705,0900,11099.58,31888.3
11290705,0920,11042.82,31181.62
11290705,0940,10561.22,31081.08
11290705,10,30090.34,91022.45
11290705,11,34983.909999999996,98513.91
11290705,12,34924.96,106380.05
11290705,13,37235.17,112931.53
11290705,14,39823.78,123055.81999999999
11290705,15,28802.48,116486.9
11290705,16,37569.5,130955.57
11290705,1700,14079.97,44991.97
11290705,1720,15046.01,46508.24
11290705,1740,15816.79,47712.14
11290705,1800,20296.67,57449.88
11290705,1820,13760.9,41601.73
11290705,1840,11747.66,37528.6
11290705,1900,11895.93,39788.66
11290705,1920,10554.85,33680.35
11290705,1940,11018.85,34013.75
11290705,20,31199.35,92533.08
11290705,21,29301.81,79344.41
11290705,22,19310.24,52256.92
11290705,23,2905.98,8445.46
11290715,00,1833.75,5553.8099999999995
11290715,01,3874.09,12154.71
11290715,02,3050.91,9950.64
11290715,03,2456.51,8957.24
11290715,04,2457.44,10776.56
11290715,05,3535.95,17500.28
11290715,06,6812.02,35274.93
11290715,0700,3550.17,19114.58
11290715,0720,4969.19,22377.66
11290715,0740,5387.6,23216.29
11290715,0800,5387.42,26753.83
11290715,0820,5126.23,25697.4
11290715,0840,4264.1,17353.94
11290715,0900,3589.74,15172.36
11290715,0920,3466.08,15670.81
11290715,0940,3012.29,15673.23
11290715,10,9579.289999999999,45257.36
11290715,11,11860.94,48915.68
11290715,12,12519.98,53846.8
11290715,13,13326.34,57518.32
11290715,14,13464.29,63623.26
11290715,15,13670.38,66842.85
11290715,16,16023.51,72892.43
11290715,1700,6780.03,26313.760000000002
11290715,1720,6661.08,24564.23
11290715,1740,6799.36,25469.05
11290715,1800,9612.11,32171.74
11290715,1820,6341.41,23126.98
11290715,1840,5876.12,21334.21
11290715,1900,5673.15,21985.38
11290715,1920,4967.69,18362.98
11290715,1940,4930.64,17874.18
11290715,20,15231.75,52661.11
11290715,21,13612.19,45932.52
11290715,22,8296.33,28931.83
11290715,23,1299.53,4905.13
11290725,00,2129.79,5253.45
11290725,01,4573.72,11350.789999999999
11290725,02,3496.13,9706.16
11290725,03,2507.94,8054.85
11290725,04,2719.41,10394.57
11290725,05,3839.56,17233.28
11290725,06,7977.6900000000005,33838.25
11290725,0700,5061.36,19436.11
11290725,0720,6444.8099999999995,23539.8
11290725,0740,7886.32,26980.25
11290725,0800,9523.09,31239.41
11290725,0820,9524.9,28901.36
11290725,0840,9188.58,25123.25
11290725,0900,8772.77,25886.38
11290725,0920,7533.52,23557.72
11290725,0940,7147.02,21402.03
11290725,10,18358.62,59478.36
11290725,11,20823.38,63956.159999999996
11290725,12,18717.18,63500.55
11290725,13,18563.81,63035.28
11290725,14,18187.56,63800.8
11290725,15,16107.4,65167.17
11290725,16,20305.52,71124.86
11290725,1700,8704.08,25966.26
11290725,1720,9402.58,26202.42
11290725,1740,9865.01,26718.65
11290725,1800,13337.52,33642.43
11290725,1820,8395.31,23218.34
11290725,1840,7452.49,20639.07
11290725,1900,7440.84,21094.739999999998
11290725,1920,6051.5,17293.38
11290725,1940,5999.68,16800.94
11290725,20,18401.21,47930.56
11290725,21,16564.48,40951.67
11290725,22,11107.58,27463.71
11290725,23,1747.68,5043.54
11290760,00,1979.28,5310.92
11290760,01,4533.62,12692.16
11290760,02,3335.79,9654.039999999999
11290760,03,2807.99,8594.69
11290760,04,2762.7200000000003,9787.4
11290760,05,3027.36,13742.49
11290760,06,4939.01,20956.68
11290760,0700,1851.11,9321.35
11290760,0720,1990.53,10878.5
11290760,0740,2197.76,11358.539999999999
11290760,0800,2559.0,13902.14
11290760,0820,2796.25,15944.1
11290760,0840,2360.5,11342.7
11290760,0900,2300.89,10435.97
11290760,0920,2477.13,10985.76
11290760,0940,2354.98,10981.82
11290760,10,7626.63,35322.9
11290760,11,8201.29,37487.95
11290760,12,9978.14,43952.36
11290760,13,10792.4,47778.01
11290760,14,11524.63,53058.909999999996
11290760,15,12145.63,58444.53
11290760,16,15158.84,64404.1
11290760,1700,5959.99,21862.61
11290760,1720,5985.08,21087.39
11290760,1740,6341.01,22475.739999999998
11290760,1800,9934.15,29924.23
11290760,1820,6535.62,21767.0
11290760,1840,5595.81,19561.71
11290760,1900,5932.55,21576.42
11290760,1920,5227.91,17649.48
11290760,1940,5044.86,17212.37
11290760,20,16178.75,51360.57
11290760,21,14265.53,45160.97
11290760,22,9182.45,28747.46
11290760,23,1370.46,4965.77
11290770,00,1536.08,3914.56
11290770,01,3241.04,8606.5
11290770,02,2664.96,6600.56
11290770,03,1804.76,5391.63
11290770,04,2195.02,8008.91
11290770,05,2393.92,10531.2
11290770,06,3740.28,18944.15
11290770,0700,2170.39,9562.71
11290770,0720,2322.08,10779.7
11290770,0740,2673.73,13452.08
11290770,0800,2717.74,15702.98
11290770,0820,2863.36,17268.08
11290770,0840,2936.92,14341.16
11290770,0900,2524.27,12322.95
11290770,0920,2454.7,11673.61
11290770,0940,2171.82,10734.52
11290770,10,5750.51,28572.73
11290770,11,6570.67,29938.66
11290770,12,7873.68,32954.0
11290770,13,7754.39,33566.65
11290770,14,8398.79,37016.590000000004
11290770,15,9520.57,40737.37
11290770,16,11416.49,45166.52
11290770,1700,5116.32,17355.19
11290770,1720,5527.5,17687.32
11290770,1740,5632.08,17894.399999999998
11290770,1800,8214.2,22366.03
11290770,1820,5669.94,16253.9
11290770,1840,4820.81,14977.43
11290770,1900,5058.37,15330.8
11290770,1920,4418.83,13182.17
11290770,1940,4283.99,11856.12
11290770,20,12677.51,33666.84
11290770,21,10693.15,29359.42
11290770,22,7122.71,18541.1
11290770,23,1040.15,3156.01
11290780,00,1119.58,2818.71
11290780,01,2438.33,6259.9400000000005
11290780,02,1771.03,4916.27
11290780,03,1399.25,3964.57
11290780,04,1405.15,4802.3
11290780,05,1830.83,8106.78
11290780,06,2671.67,13220.1
11290780,0700,1222.87,5977.63
11290780,0720,1586.7,7294.03
11290780,0740,1676.75,7948.22
11290780,0800,1879.44,8468.22
11290780,0820,1860.64,8665.42
11290780,0840,1441.6,6005.4800000000005
11290780,0900,1340.7,5632.42
11290780,0920,1270.97,5457.17
11290780,0940,1362.04,5504.56
11290780,10,4273.89,16998.61
11290780,11,4952.53,19083.33
11290780,12,5369.38,22776.28
11290780,13,6272.31,24104.38
11290780,14,6364.74,26554.5
11290780,15,6346.53,29762.13
11290780,16,8693.45,34056.05
11290780,1700,3823.52,12730.66
11290780,1720,3682.05,12059.46
11290780,1740,4033.17,12093.06
11290780,1800,6557.11,16824.25
11290780,1820,4168.14,11790.67
11290780,1840,3656.56,10412.66
11290780,1900,3889.87,11944.470000000001
11290780,1920,3349.81,10013.7
11290780,1940,3153.63,9464.31
11290780,20,9597.03,27341.71
11290780,21,8803.74,23612.56
11290780,22,5716.11,15865.58
11290780,23,874.12,2629.48
11290810,00,3455.57,8760.74
11290810,01,7699.53,20341.2
11290810,02,5789.34,15462.23
11290810,03,4435.06,13765.0
11290810,04,4970.85,17373.91
11290810,05,5778.7300000000005,26735.29
11290810,06,9361.27,42990.46
11290810,0700,3868.43,19736.55
11290810,0720,4454.8099999999995,23845.47
11290810,0740,4885.39,24991.94
11290810,0800,5873.67,26795.8
11290810,0820,5717.91,26004.45
11290810,0840,5085.17,21095.81
11290810,0900,5117.89,20418.239999999998
11290810,0920,4771.41,20046.22
11290810,0940,4892.64,19640.01
11290810,10,13418.15,59317.18
11290810,11,14974.1,63933.95
11290810,12,18300.02,73904.45
11290810,13,17272.74,72435.07
11290810,14,17907.649999999998,76249.7
11290810,15,19381.17,84773.4
11290810,16,24727.52,94608.76
11290810,1700,11113.43,36065.51
11290810,1720,11387.25,35096.41
11290810,1740,12285.11,37043.7
11290810,1800,18801.09,48142.23
11290810,1820,11423.64,33351.46
11290810,1840,10124.06,30382.82
11290810,1900,10454.25,33459.57
11290810,1920,9025.29,27198.77
11290810,1940,9259.87,27321.69
11290810,20,27195.07,76273.19
11290810,21,26019.61,65695.12
11290810,22,16642.87,43786.93
11290810,23,2769.14,8397.92
11305534,00,2168.38,6235.23
11305534,01,4363.62,14122.08
11305534,02,3337.16,10057.6
11305534,03,2511.41,8327.5
11305534,04,2528.04,9638.69
11305534,05,3078.25,13352.07
11305534,06,3999.74,22357.9
11305534,0700,1752.01,11291.53
11305534,0720,1825.14,12632.16
11305534,0740,1848.09,13109.74
11305534,0800,2129.42,13807.94
11305534,0820,2228.19,15227.85
11305534,0840,1757.72,11083.13
11305534,0900,1698.15,10382.66
11305534,0920,1722.41,10178.07
11305534,0940,1875.42,10850.86
11305534,10,5463.03,33182.7
11305534,11,6236.9400000000005,33640.57
11305534,12,7411.889999999999,41072.19
11305534,13,8181.7,43945.85
11305534,14,8995.48,49049.05
11305534,15,10565.82,55781.47
11305534,16,13292.18,61874.37
11305534,1700,5375.21,22077.93
11305534,1720,5360.63,22034.79
11305534,1740,5264.8,21702.03
11305534,1800,9302.46,30299.83
11305534,1820,5321.150000000001,20787.18
11305534,1840,4612.29,19435.010000000002
11305534,1900,5131.8,21238.79
11305534,1920,4539.03,17741.46
11305534,1940,4976.18,18372.55
11305534,20,15125.75,51616.39
11305534,21,14505.460000000001,47063.81
11305534,22,9645.3,31660.329999999998
11305534,23,1505.07,5879.37
11305535,00,2469.78,5325.63
11305535,01,5458.37,12397.43
11305535,02,3819.52,8717.5
11305535,03,3096.41,7764.46
11305535,04,3057.49,9930.1
11305535,05,4159.82,15541.4
11305535,06,5639.6,26941.44
11305535,0700,3097.38,16947.99
11305535,0720,4100.2300000000005,21257.07
11305535,0740,5240.6900000000005,21960.65
11305535,0800,6014.7,23574.37
11305535,0820,6181.9800000000005,23746.76
11305535,0840,4158.93,18857.77
11305535,0900,3585.3599999999997,17959.27
11305535,0920,3549.52,17605.15
11305535,0940,2960.97,15548.9
11305535,10,8852.58,47836.25
11305535,11,9737.1,47165.12
11305535,12,11238.77,51418.26
11305535,13,11811.91,54528.56
11305535,14,12187.59,54817.65
11305535,15,13124.06,58211.96
11305535,16,16462.98,61983.13
11305535,1700,6384.17,21688.99
11305535,1720,6870.04,21332.32
11305535,1740,7287.59,21358.22
11305535,1800,11940.51,29584.82
11305535,1820,7055.21,19029.51
11305535,1840,6076.58,16974.76
11305535,1900,6545.66,18280.41
11305535,1920,5763.93,15434.37
11305535,1940,5388.71,14239.21
11305535,20,17427.0,42520.05
11305535,21,16745.66,37579.84
11305535,22,10352.71,23722.18
11305535,23,1775.3799999999999,4617.82
11305545,00,3144.05,8367.25
11305545,01,6899.4800000000005,19806.59
11305545,02,5644.91,15731.79
11305545,03,4188.56,12994.56
11305545,04,4390.9,16001.800000000001
11305545,05,6049.29,25405.71
11305545,06,10141.48,45105.57
11305545,0700,5549.23,22954.54
11305545,0720,7113.95,26058.6
11305545,0740,7589.860000000001,29910.95
11305545,0800,8396.46,37356.39
11305545,0820,8819.41,39585.41
11305545,0840,7407.7,30621.7
11305545,0900,6640.2,28317.39
11305545,0920,6984.18,29058.85
11305545,0940,6856.29,27370.61
11305545,10,20618.85,87319.4
11305545,11,21571.99,90769.63
11305545,12,21715.95,97852.02
11305545,13,23229.95,102128.24
11305545,14,23487.57,105762.39
11305545,15,23920.03,114371.74
11305545,16,28022.09,119663.18
11305545,1700,12164.95,43612.14
11305545,1720,12371.03,41620.42
11305545,1740,12205.5,42471.63
11305545,1800,18362.42,53047.03
11305545,1820,11925.66,37583.63
11305545,1840,10626.38,33648.37
11305545,1900,11053.61,35262.45
11305545,1920,9823.21,29371.09
11305545,1940,9525.52,28158.79
11305545,20,27950.399999999998,79078.69
11305545,21,24940.06,66196.64
11305545,22,15410.77,43048.38
11305545,23,2345.52,7852.52
11305555,00,1791.29,5641.97
11305555,01,3908.55,13070.82
11305555,02,2963.95,9956.71
11305555,03,2507.55,8814.65
11305555,04,2587.86,11371.47
11305555,05,3107.16,19498.79
11305555,06,5603.29,40040.91
11305555,0700,2660.78,21351.67
11305555,0720,2900.97,25386.54
11305555,0740,3209.24,22555.59
11305555,0800,3779.89,23800.72
11305555,0820,3584.7400000000002,22838.62
11305555,0840,3272.7,19783.3
11305555,0900,3251.81,19341.63
11305555,0920,3109.89,19120.26
11305555,0940,2976.54,18857.420000000002
11305555,10,8796.46,57208.42
11305555,11,9335.13,57412.02
11305555,12,10732.5,63196.87
11305555,13,10418.26,62236.78
11305555,14,11133.37,66005.48
11305555,15,11922.86,73076.01
11305555,16,15361.09,78726.32
11305555,1700,6528.14,27674.89
11305555,1720,6667.83,27585.18
11305555,1740,6869.85,28153.21
11305555,1800,10323.63,35412.47
11305555,1820,6032.65,24974.08
11305555,1840,5420.28,22947.15
11305555,1900,5700.12,23784.87
11305555,1920,4745.89,18366.2
11305555,1940,5069.93,18856.81
11305555,20,14489.94,50137.19
11305555,21,13291.39,44430.33
11305555,22,8638.15,28232.45
11305555,23,1388.17,5573.86
11305575,00,1817.27,5927.34
11305575,01,3692.91,13056.35
11305575,02,2552.36,9492.3
11305575,03,2063.63,8276.74
11305575,04,1952.34,9755.61
11305575,05,2302.61,13151.99
11305575,06,4783.04,24080.57
11305575,0700,2270.06,11808.97
11305575,0720,2772.02,14590.37
11305575,0740,2940.66,15601.05
11305575,0800,2878.95,18137.32
11305575,0820,2822.42,17316.1
11305575,0840,2452.61,12576.18
11305575,0900,2570.84,12166.36
11305575,0920,2578.93,12010.6
11305575,0940,2490.16,12460.43
11305575,10,8327.57,38715.35
11305575,11,8696.42,40697.91
11305575,12,9478.44,47601.68
11305575,13,9954.07,52298.96
11305575,14,11953.08,61703.28
11305575,15,12072.85,70904.15
11305575,16,14299.92,76938.7
11305575,1700,6251.84,28743.26
11305575,1720,5924.03,27617.86
11305575,1740,5986.38,28216.22
11305575,1800,9600.09,38303.82
11305575,1820,6008.6,26356.47
11305575,1840,5471.09,24552.3
11305575,1900,6140.96,26131.02
11305575,1920,5089.87,22296.07
11305575,1940,4955.6,22296.79
11305575,20,15520.960000000001,61817.83
11305575,21,14435.78,54347.24
11305575,22,8504.66,33957.85
11305575,23,1390.49,5436.35
11305595,00,2650.08,6036.7
11305595,01,5698.29,12718.9
11305595,02,4377.82,10303.94
11305595,03,3424.66,9143.01
11305595,04,3170.52,10279.73
11305595,05,3567.83,14499.23
11305595,06,6214.25,25649.77
11305595,0700,3320.12,13463.52
11305595,0720,4471.76,17135.12
11305595,0740,5156.84,19417.06
11305595,0800,6433.16,24913.33
11305595,0820,8043.79,31378.64
11305595,0840,5569.65,23460.71
11305595,0900,4799.67,21219.27
11305595,0920,4717.55,22027.94
11305595,0940,4712.31,20913.12
11305595,10,12964.99,59466.92
11305595,11,15019.43,61699.71
11305595,12,15838.34,67254.09
11305595,13,16167.72,67223.38
11305595,14,16294.88,63384.97
11305595,15,17193.1,67609.73
11305595,16,22395.18,75404.01
11305595,1700,8944.5,26883.42
11305595,1720,8887.93,25678.08
11305595,1740,9156.66,26813.28
11305595,1800,13327.99,33716.91
11305595,1820,9076.02,23761.32
11305595,1840,7765.23,21149.98
11305595,1900,8231.82,21685.31
11305595,1920,6907.36,18504.41
11305595,1940,6567.66,17465.32
11305595,20,19596.76,48500.84
11305595,21,17105.19,40233.38
11305595,22,11356.49,25692.96
11305595,23,1918.21,5081.73
11305603,00,1022.41,2796.17
11305603,01,2171.29,6187.27
11305603,02,1474.4,4819.18
11305603,03,1369.84,4672.98
11305603,04,1360.03,5195.73
11305603,05,1732.82,9267.55
11305603,06,2522.31,14297.43
11305603,0700,1267.3999999999999,6684.49
11305603,0720,1647.57,8047.97
11305603,0740,1870.07,9661.01
11305603,0800,2441.91,11665.09
11305603,0820,2749.63,12360.3
11305603,0840,1600.69,8833.6
11305603,0900,1117.66,8010.52
11305603,0920,1242.0,7811.66
11305603,0940,1031.8799999999999,6611.12
11305603,10,2965.34,20298.28
11305603,11,3612.25,22299.16
11305603,12,4908.33,27132.3
11305603,13,4971.05,27763.87
11305603,14,5180.18,30405.13
11305603,15,5595.2699999999995,34832.62
11305603,16,6707.4,36524.74
11305603,1700,2986.86,13334.84
11305603,1720,2831.5099999999998,12832.07
11305603,1740,3154.67,13569.56
11305603,1800,5531.18,18443.77
11305603,1820,2972.2,11980.96
11305603,1840,2672.37,10807.0
11305603,1900,3060.43,11607.57
11305603,1920,2561.54,9595.82
11305603,1940,2535.2599999999998,9218.28
11305603,20,8284.75,27130.94
11305603,21,7523.84,23229.09
11305603,22,4617.93,14729.73
11305603,23,716.06,2563.31
11305608,00,1002.9300000000001,3080.72
11305608,01,2023.11,6940.7699999999995
11305608,02,1682.62,5600.7
11305608,03,1452.04,5580.74
11305608,04,1107.45,5868.15
11305608,05,1670.9,8784.46
11305608,06,2248.36,14620.89
11305608,0700,1290.84,6699.49
11305608,0720,1591.35,7787.66
11305608,0740,1512.55,9881.5
11305608,0800,1784.18,11335.0
11305608,0820,1503.62,11169.16
11305608,0840,1276.21,9027.81
11305608,0900,1261.32,8135.69
11305608,0920,1116.51,7607.76
11305608,0940,1017.88,7363.44
11305608,10,3620.9,22819.4
11305608,11,4234.99,26284.95
11305608,12,4913.099999999999,30214.37
11305608,13,5107.32,32050.14
11305608,14,5270.38,34032.08
11305608,15,6332.86,37878.78
11305608,16,6858.79,39152.39
11305608,1700,3155.65,14256.7
11305608,1720,3319.69,13667.14
11305608,1740,3237.69,13687.65
11305608,1800,5134.69,18182.78
11305608,1820,3179.9900000000002,12699.48
11305608,1840,2622.65,10941.99
11305608,1900,2885.57,11967.83
11305608,1920,2517.04,10353.99
11305608,1940,2444.7599999999998,10165.13
11305608,20,7338.64,27965.4
11305608,21,7053.54,24506.93
11305608,22,4597.92,16239.869999999999
11305608,23,724.3100000000001,3087.61
11305615,00,1961.41,4573.43
11305615,01,4055.4300000000003,9780.23
11305615,02,2850.33,6791.95
11305615,03,2088.89,5555.28
11305615,04,1973.33,7243.07
11305615,05,2015.47,9484.5
11305615,06,3306.9,18655.18
11305615,0700,1835.35,10784.61
11305615,0720,2264.46,12721.26
11305615,0740,2356.73,12083.81
11305615,0800,2719.84,14647.69
11305615,0820,2716.43,16223.43
11305615,0840,2007.41,12885.23
11305615,0900,1970.44,11995.16
11305615,0920,1681.34,11778.03
11305615,0940,1593.64,11446.2
11305615,10,5167.54,33406.43
11305615,11,5520.0,34846.31
11305615,12,7206.12,40837.48
11305615,13,7626.17,42955.16
11305615,14,7821.400000000001,44668.78
11305615,15,9274.13,48577.64
11305615,16,10800.74,50551.84
11305615,1700,4452.21,17807.05
11305615,1720,4514.05,16600.24
11305615,1740,4589.87,16375.98
11305615,1800,8039.3,22887.34
11305615,1820,4757.72,15736.45
11305615,1840,4378.25,14477.68
11305615,1900,4523.85,15079.33
11305615,1920,3797.9500000000003,12522.97
11305615,1940,3924.79,12256.82
11305615,20,12213.41,35688.67
11305615,21,11734.98,30571.92
11305615,22,7604.72,19417.37
11305615,23,1195.25,3374.1
11305625,00,1645.8700000000001,5279.81
11305625,01,3510.34,11041.35
11305625,02,2815.73,8823.84
11305625,03,2306.56,7715.08
11305625,04,2156.31,9207.56
11305625,05,2255.63,11476.06
11305625,06,3320.55,19541.5
11305625,0700,1436.21,8810.26
11305625,0720,2002.99,10344.86
11305625,0740,2200.5,12169.16
11305625,0800,2529.93,13054.17
11305625,0820,2805.6,16354.19
11305625,0840,2312.95,12966.03
11305625,0900,2131.9,11657.35
11305625,0920,2211.7400000000002,12681.11
11305625,0940,2141.7,12596.2
11305625,10,7563.74,40947.33
11305625,11,8243.23,42978.64
11305625,12,8338.91,44932.29
11305625,13,8725.0,46490.89
11305625,14,8991.02,50929.909999999996
11305625,15,9797.27,58579.66
11305625,16,12544.85,64399.340000000004
11305625,1700,5105.11,22683.95
11305625,1720,5589.74,22279.2
11305625,1740,5844.34,23268.93
11305625,1800,8436.95,28960.01
11305625,1820,5348.07,20040.26
11305625,1840,4621.3,18225.38
11305625,1900,5255.42,19625.64
11305625,1920,4205.37,15905.04
11305625,1940,4358.96,16386.670000000002
11305625,20,13599.45,45514.29
11305625,21,12371.54,37984.91
11305625,22,7797.85,25153.57
11305625,23,1405.95,5049.19
11305635,00,3849.03,7390.86
11305635,01,7979.46,15983.73
11305635,02,6233.58,12293.02
11305635,03,4465.85,9849.91
11305635,04,4161.25,11417.51
11305635,05,4600.78,15702.49
11305635,06,6196.22,23159.3
11305635,0700,2912.48,12387.65
11305635,0720,3720.94,15115.19
11305635,0740,4599.9,18182.66
11305635,0800,5403.77,22814.04
11305635,0820,6362.55,24597.84
11305635,0840,5157.52,22357.09
11305635,0900,4691.74,21567.55
11305635,0920,5164.91,21494.85
11305635,0940,4769.59,20727.38
11305635,10,15258.94,62764.06
11305635,11,17152.29,68304.89
11305635,12,19009.69,73771.95
11305635,13,20082.53,76018.75
11305635,14,21479.14,79912.55
11305635,15,24043.420000000002,85627.73
11305635,16,29577.65,95156.51
11305635,1700,12125.67,35526.44
11305635,1720,13278.039999999999,36055.15
11305635,1740,14410.44,37485.26
11305635,1800,20865.32,48317.38
11305635,1820,14172.57,33664.7
11305635,1840,12437.86,29826.94
11305635,1900,13078.22,31091.46
11305635,1920,11516.49,26603.23
11305635,1940,11312.15,25285.23
11305635,20,33215.19,70484.08
11305635,21,28387.64,58187.35
11305635,22,18400.73,37607.3
11305635,23,3327.77,6938.92
11305645,00,1533.49,4650.77
11305645,01,3295.91,10566.08
11305645,02,2477.51,8265.35
11305645,03,2298.59,8901.15
11305645,04,2252.13,11145.98
11305645,05,3132.44,16658.47
11305645,06,4401.53,25347.2
11305645,0700,2291.12,11668.55
11305645,0720,2734.67,13380.08
11305645,0740,3080.01,16282.92
11305645,0800,3628.21,19210.83
11305645,0820,3999.09,21366.2
11305645,0840,3033.81,17738.29
11305645,0900,3096.86,17588.24
11305645,0920,3428.25,19000.21
11305645,0940,2940.29,18521.29
11305645,10,9572.13,64531.76
11305645,11,11742.51,73274.16
11305645,12,12963.41,76903.12
11305645,13,14001.59,76084.7
11305645,14,13920.39,72060.56
11305645,15,12191.44,67575.63
11305645,16,13919.04,69306.16
11305645,1700,4847.8099999999995,23150.22
11305645,1720,5048.67,22474.27
11305645,1740,5569.49,22696.86
11305645,1800,7085.33,26959.87
11305645,1820,5056.28,20170.49
11305645,1840,4567.68,18374.52
11305645,1900,4773.43,18555.86
11305645,1920,4057.79,15275.76
11305645,1940,3848.3,15201.51
11305645,20,12052.79,41592.83
11305645,21,11385.25,35821.98
11305645,22,6987.15,22187.24
11305645,23,1018.7,4408.85
11305660,00,2300.15,7150.27
11305660,01,4422.26,15116.15
11305660,02,3745.13,12390.95
11305660,03,2872.6,10486.1
11305660,04,2873.07,12369.1
11305660,05,3453.7799999999997,19048.66
11305660,06,5660.93,30121.11
11305660,0700,2941.92,14802.86
11305660,0720,3308.92,16795.71
11305660,0740,4136.1,20369.97
11305660,0800,4519.57,24145.77
11305660,0820,3558.28,22749.9
11305660,0840,2582.5099999999998,16597.0
11305660,0900,2197.2,15564.66
11305660,0920,2410.93,15989.68
11305660,0940,2202.61,15184.85
11305660,10,6737.26,46155.979999999996
11305660,11,7247.1,48979.1
11305660,12,9113.89,59493.66
11305660,13,8966.4,59057.25
11305660,14,9703.49,61333.21
11305660,15,11318.36,69395.04
11305660,16,13223.55,73110.31
11305660,1700,5691.88,26200.329999999998
11305660,1720,5677.72,24916.8
11305660,1740,6167.39,26431.3
11305660,1800,9318.77,33097.96
11305660,1820,6054.76,23855.63
11305660,1840,5487.31,22592.77
11305660,1900,5605.38,23183.75
11305660,1920,4745.3,20054.66
11305660,1940,4790.52,19481.62
11305660,20,15164.36,55868.51
11305660,21,14670.53,49626.44
11305660,22,9229.550000000001,32255.260000000002
11305660,23,1313.81,5768.13
11320511,00,1744.71,5003.66
11320511,01,3656.84,10669.25
11320511,02,2742.13,8039.32
11320511,03,2142.87,7024.04
11320511,04,2191.91,8948.59
11320511,05,2811.83,12666.71
11320511,06,3894.24,21819.52
11320511,0700,2013.86,11489.71
11320511,0720,2290.93,13265.09
11320511,0740,3187.69,18321.74
11320511,0800,3348.66,19693.03
11320511,0820,3247.53,16259.46
11320511,0840,2532.75,12888.630000000001
11320511,0900,2296.75,12197.45
11320511,0920,2368.47,12908.9
11320511,0940,2340.39,11993.65
11320511,10,6732.06,37870.68
11320511,11,7659.53,41511.62
11320511,12,9312.18,47446.44
11320511,13,9557.09,48216.48
11320511,14,10043.11,52304.94
11320511,15,11269.23,59475.49
11320511,16,15716.55,68463.06999999999
11320511,1700,6551.07,25728.32
11320511,1720,7272.18,25093.48
11320511,1740,7103.21,25665.46
11320511,1800,11543.5,34791.28
11320511,1820,7074.58,22637.85
11320511,1840,5736.7699999999995,20096.32
11320511,1900,6483.32,21067.44
11320511,1920,5466.13,18005.57
11320511,1940,5543.94,17695.32
11320511,20,16422.82,50652.35
11320511,21,15417.449999999999,45057.87
11320511,22,9923.35,28441.82
11320511,23,1547.27,5043.28
11320512,00,2332.04,5789.85
11320512,01,5019.37,12539.03
11320512,02,3792.2200000000003,9263.07
11320512,03,2768.05,7754.52
11320512,04,2853.9700000000003,9291.98
11320512,05,3842.67,14042.24
11320512,06,5661.41,24939.76
11320512,0700,2548.41,12066.75
11320512,0720,2938.23,13904.76
11320512,0740,3714.37,16515.77
11320512,0800,3934.27,18480.99
11320512,0820,4731.8,19667.36
11320512,0840,3456.7400000000002,15325.07
11320512,0900,3089.52,13938.88
11320512,0920,3363.38,15486.75
11320512,0940,3139.28,15154.89
11320512,10,9610.27,42560.04
11320512,11,11096.17,46385.72
11320512,12,12923.77,56563.59
11320512,13,14136.2,59481.24
11320512,14,14178.32,61649.18
11320512,15,15574.86,70217.47
11320512,16,19120.88,77765.81
11320512,1700,8366.99,28880.05
11320512,1720,8316.32,27280.71
11320512,1740,8806.92,28414.66
11320512,1800,12973.08,35894.5
11320512,1820,8242.15,24617.5
11320512,1840,7797.17,23660.19
11320512,1900,8285.15,25033.08
11320512,1920,6742.54,21057.57
11320512,1940,6655.84,20491.68
11320512,20,19374.72,56661.8
11320512,21,17628.58,48301.82
11320512,22,10994.64,29843.79
11320512,23,1734.04,5507.75
11320513,00,866.31,2872.71
11320513,01,1856.68,6074.43
11320513,02,1294.07,4595.6
11320513,03,1346.58,4447.55
11320513,04,1127.18,4979.61
11320513,05,1130.9,6125.51
11320513,06,2053.25,10218.15
11320513,0700,1033.08,5355.96
11320513,0720,1275.15,6534.2
11320513,0740,1503.47,7870.68
11320513,0800,2053.63,9567.44
11320513,0820,1879.74,9515.59
11320513,0840,1132.03,6478.15
11320513,0900,1064.94,6709.67
11320513,0920,1104.56,6775.29
11320513,0940,866.56,5948.61
11320513,10,3044.64,20112.85
11320513,11,3325.41,22348.0
11320513,12,4001.52,24363.03
11320513,13,4138.39,25094.97
11320513,14,4731.73,27567.61
11320513,15,4925.41,31340.37
11320513,16,5844.35,33999.78
11320513,1700,2690.16,12289.31
11320513,1720,2522.64,11433.86
11320513,1740,2798.0099999999998,11628.68
11320513,1800,4066.52,15706.34
11320513,1820,2451.89,10291.88
11320513,1840,2345.54,9309.54
11320513,1900,2661.82,10596.18
11320513,1920,2177.56,8614.53
11320513,1940,2300.58,8370.49
11320513,20,6736.18,24492.579999999998
11320513,21,6478.9,21411.39
11320513,22,4299.55,14894.16
11320513,23,739.8,2736.48
11320514,00,2404.58,6427.27
11320514,01,4693.18,12963.1
11320514,02,3762.17,10429.41
11320514,03,3196.38,9828.91
11320514,04,2837.74,12230.22
11320514,05,4863.88,25215.3
11320514,06,9738.42,49326.57
11320514,0700,4634.26,25847.95
11320514,0720,6035.84,32670.850000000002
11320514,0740,7176.33,32582.57
11320514,0800,7078.47,35981.12
11320514,0820,7841.55,37344.34
11320514,0840,5765.8,30127.73
11320514,0900,5240.16,27845.3
11320514,0920,4851.41,28197.64
11320514,0940,4527.26,28109.96
11320514,10,12915.56,80204.81
11320514,11,14534.18,83424.47
11320514,12,16799.14,96981.86
11320514,13,16444.71,101464.07
11320514,14,17356.51,101076.22
11320514,15,18143.32,100995.4
11320514,16,22141.87,107521.48
11320514,1700,9050.95,37806.45
11320514,1720,9228.85,35227.78
11320514,1740,9543.54,35951.38
11320514,1800,14652.07,45725.97
11320514,1820,9601.22,32339.87
11320514,1840,8160.71,28289.12
11320514,1900,8370.9,28551.81
11320514,1920,7201.5199999999995,24907.28
11320514,1940,7478.89,24001.94
11320514,20,22650.62,67763.43
11320514,21,20194.920000000002,59155.14
11320514,22,13086.02,37368.18
11320514,23,2120.48,6868.58
11320515,00,1878.24,4482.65
11320515,01,3707.57,9046.12
11320515,02,2549.71,6806.73
11320515,03,1946.3600000000001,6153.08
11320515,04,1864.41,7710.54
11320515,05,2383.71,11345.71
11320515,06,4180.57,20601.52
11320515,0700,2074.0099999999998,10220.32
11320515,0720,3178.2799999999997,13661.46
11320515,0740,3420.52,15825.73
11320515,0800,3816.16,17175.04
11320515,0820,3934.95,16847.88
11320515,0840,3297.74,14583.46
11320515,0900,3416.83,14615.380000000001
11320515,0920,3235.81,14987.630000000001
11320515,0940,2954.97,14451.4
11320515,10,8635.32,42296.53
11320515,11,9942.86,47922.54
11320515,12,11857.75,52994.97
11320515,13,11945.67,54512.38
11320515,14,13114.94,58824.590000000004
11320515,15,14040.14,65903.09
11320515,16,17552.68,72940.88
11320515,1700,7459.74,27028.73
11320515,1720,7542.64,26179.19
11320515,1740,7713.65,26624.69
11320515,1800,12812.02,36072.27
11320515,1820,7359.43,24001.02
11320515,1840,6565.21,22027.25
11320515,1900,6872.29,21250.96
11320515,1920,5882.16,19286.0
11320515,1940,5757.67,18174.31
11320515,20,17411.37,49770.909999999996
11320515,21,15490.44,42161.159999999996
11320515,22,9806.83,26923.8
11320515,23,1729.83,4725.19
11320521,00,1134.8799999999999,3800.7599999999998
11320521,01,2247.3,8031.13
11320521,02,1680.74,6197.9800000000005
11320521,03,1314.35,6626.04
11320521,04,1285.5,10491.99
11320521,05,1865.8799999999999,14322.97
11320521,06,4592.81,26754.89
11320521,0700,2868.77,12751.21
11320521,0720,3710.96,15951.88
11320521,0740,3377.15,18682.329999999998
11320521,0800,3301.63,22118.81
11320521,0820,2992.06,22966.19
11320521,0840,2478.47,20812.22
11320521,0900,2438.43,21989.31
11320521,0920,2360.28,23480.86
11320521,0940,2538.98,23883.36
11320521,10,6944.62,68451.27
11320521,11,7569.22,61529.33
11320521,12,8406.67,66815.04000000001
11320521,13,8793.63,67035.42
11320521,14,8537.68,64230.87
11320521,15,8792.0,61731.86
11320521,16,10609.57,60413.87
11320521,1700,4048.21,20124.62
11320521,1720,4317.55,19584.65
11320521,1740,4335.38,19106.84
11320521,1800,6610.73,23964.09
11320521,1820,4068.61,16711.95
11320521,1840,3503.48,15208.72
11320521,1900,3656.16,16487.22
11320521,1920,3072.63,13604.17
11320521,1940,3167.38,13327.92
11320521,20,10062.64,36944.75
11320521,21,9161.15,29106.73
11320521,22,4978.28,17112.27
11320521,23,803.96,3534.0099999999998
11320522,00,1627.78,5201.85
11320522,01,3508.18,10719.98
11320522,02,2517.56,8352.289999999999
11320522,03,1915.52,7101.39
11320522,04,2063.26,9407.71
11320522,05,3041.55,16934.34
11320522,06,4923.18,27884.76
11320522,0700,2458.69,13322.22
11320522,0720,3478.62,17364.62
11320522,0740,3612.58,20164.510000000002
11320522,0800,4420.8,21050.18
11320522,0820,4747.41,22201.6
11320522,0840,3407.31,17420.64
11320522,0900,2896.54,17692.44
11320522,0920,2948.88,17076.54
11320522,0940,2431.74,15466.97
11320522,10,7057.31,49135.73
11320522,11,8733.97,57607.92
11320522,12,10636.71,67551.96
11320522,13,10547.09,67526.22
11320522,14,10491.57,68301.5
11320522,15,11336.86,72959.23
11320522,16,14455.869999999999,77992.92
11320522,1700,6500.04,28440.69
11320522,1720,6030.45,26272.91
11320522,1740,6300.91,27190.2
11320522,1800,9741.92,34078.2
11320522,1820,6022.49,22330.78
11320522,1840,5232.99,20961.76
11320522,1900,5611.31,21095.85
11320522,1920,4532.12,18276.81
11320522,1940,4482.5599999999995,18137.99
11320522,20,14315.68,51331.71
11320522,21,12333.57,42141.91
11320522,22,7601.95,26572.899999999998
11320522,23,1292.36,5279.2300000000005
11320660,00,1765.82,5196.13
11320660,01,3636.68,11601.6
11320660,02,3075.59,9026.82
11320660,03,2298.21,7582.2699999999995
11320660,04,2030.65,7828.51
11320660,05,2682.37,11999.81
11320660,06,7532.02,25459.86
11320660,0700,4631.52,14371.73
11320660,0720,5377.39,16417.7
11320660,0740,4875.9800000000005,15899.07
11320660,0800,4950.89,16910.96
11320660,0820,5475.71,18095.99
11320660,0840,4514.47,13499.33
11320660,0900,3176.24,11822.03
11320660,0920,3159.52,11583.35
11320660,0940,3912.42,12773.25
11320660,10,12222.26,39286.46
11320660,11,11484.74,39106.97
11320660,12,9492.07,40182.63
11320660,13,10639.14,44224.06
11320660,14,11107.64,45809.909999999996
11320660,15,9625.43,48278.86
11320660,16,12070.67,52683.64
11320660,1700,4202.89,17937.62
11320660,1720,4451.04,17797.74
11320660,1740,5053.67,19093.29
11320660,1800,7179.4400000000005,23467.19
11320660,1820,4401.64,16028.84
11320660,1840,4014.0299999999997,15698.99
11320660,1900,4252.44,16812.55
11320660,1920,3805.0,14351.68
11320660,1940,4052.39,14468.87
11320660,20,11948.73,39883.13
11320660,21,11747.12,35738.29
11320660,22,7007.51,21660.72
11320660,23,1363.34,4612.32
11320670,00,1392.26,3924.49
11320670,01,2776.51,7737.22
11320670,02,1897.54,5376.7
11320670,03,1482.24,4744.54
11320670,04,1451.83,7055.23
11320670,05,1936.58,10527.66
11320670,06,3939.63,19832.1
11320670,0700,2296.45,11514.11
11320670,0720,2976.86,14873.76
11320670,0740,3393.4,17092.38
11320670,0800,4244.53,20837.64
11320670,0820,4571.53,22817.08
11320670,0840,2965.31,15482.19
11320670,0900,2683.29,15142.52
11320670,0920,2704.34,15973.07
11320670,0940,2591.99,14716.130000000001
11320670,10,7578.17,43092.89
11320670,11,7901.57,42347.65
11320670,12,8628.36,47545.43
11320670,13,9344.84,50866.72
11320670,14,10112.89,52913.23
11320670,15,10384.51,57149.83
11320670,16,12876.33,60543.65
11320670,1700,5619.59,22757.329999999998
11320670,1720,5670.1900000000005,21519.62
11320670,1740,5754.38,21474.04
11320670,1800,8382.15,28223.33
11320670,1820,5318.25,18988.59
11320670,1840,4697.72,17338.21
11320670,1900,5031.5,17705.65
11320670,1920,4266.78,14505.99
11320670,1940,4318.7,14243.17
11320670,20,12447.92,38581.16
11320670,21,10498.1,30949.98
11320670,22,6362.01,18972.52
11320670,23,1176.8799999999999,3613.62
11320680,00,1536.73,3698.75
11320680,01,2629.56,7193.83
11320680,02,2049.12,5632.4800000000005
11320680,03,1532.65,4570.42
11320680,04,1468.89,5771.67
11320680,05,1788.39,9977.14
11320680,06,2780.4,14263.36
11320680,0700,1303.75,6540.89
11320680,0720,1768.02,8169.94
11320680,0740,1853.07,9701.91
11320680,0800,2293.14,11884.95
11320680,0820,2487.52,13018.53
11320680,0840,1958.36,10626.26
11320680,0900,1689.42,9879.31
11320680,0920,1658.81,10172.07
11320680,0940,1699.23,10777.56
11320680,10,4910.8,30055.41
11320680,11,6330.75,31663.2
11320680,12,6627.08,32109.18
11320680,13,7119.9400000000005,34267.75
11320680,14,7310.0,35602.85
11320680,15,8114.99,40616.69
11320680,16,10220.99,44436.92
11320680,1700,4630.34,16806.57
11320680,1720,4247.47,16006.02
11320680,1740,4778.96,16604.68
11320680,1800,7358.66,21044.22
11320680,1820,4475.17,14547.86
11320680,1840,3938.27,13296.77
11320680,1900,4303.87,13540.55
11320680,1920,3518.01,11420.289999999999
11320680,1940,3746.9900000000002,11352.19
11320680,20,10975.470000000001,30861.3
11320680,21,9529.19,26556.26
11320680,22,6151.91,16331.85
11320680,23,992.13,2986.35
11320681,00,1135.74,3210.56
11320681,01,2035.12,6318.61
11320681,02,1516.23,4559.02
11320681,03,1003.88,3886.9900000000002
11320681,04,1016.47,4247.37
11320681,05,1242.71,7299.05
11320681,06,2362.7599999999998,24182.31
11320681,0700,1573.54,13403.74
11320681,0720,1389.3700000000001,10494.99
11320681,0740,1160.79,8665.33
11320681,0800,1176.78,9033.98
11320681,0820,890.16,7463.0599999999995
11320681,0840,830.22,5888.87
11320681,0900,792.1899999999999,6369.1
11320681,0920,1062.09,7246.08
11320681,0940,1039.1200000000001,6565.79
11320681,10,2744.87,18205.23
11320681,11,3480.21,21860.94
11320681,12,3959.87,25913.2
11320681,13,4792.13,29071.92
11320681,14,5678.51,32971.98
11320681,15,5584.95,38476.69
11320681,16,7161.37,42333.98
11320681,1700,3070.7200000000003,16067.42
11320681,1720,3720.79,16070.8
11320681,1740,3603.3,16284.56
11320681,1800,5231.31,19441.79
11320681,1820,3319.39,14001.86
11320681,1840,2996.97,13166.81
11320681,1900,3031.11,13332.01
11320681,1920,2680.67,11488.7
11320681,1940,2854.91,11445.64
11320681,20,8938.36,33840.31
11320681,21,8278.24,29408.260000000002
11320681,22,4909.9,17618.329999999998
11320681,23,767.6700000000001,3207.78
11320690,00,2112.87,5917.46
11320690,01,4187.7,11967.48
11320690,02,3148.53,8811.93
11320690,03,2192.2200000000003,6955.62
11320690,04,2003.99,8554.15
11320690,05,2906.84,15128.63
11320690,06,5693.85,26114.31
11320690,0700,3654.72,14298.07
11320690,0720,4988.36,18527.87
11320690,0740,5502.13,20349.69
11320690,0800,5922.07,24772.02
11320690,0820,6268.48,25380.77
11320690,0840,4483.82,19885.99
11320690,0900,3516.18,19556.94
11320690,0920,3884.8,20059.66
11320690,0940,3350.65,18364.79
11320690,10,9712.14,56643.35
11320690,11,10806.72,57592.51
11320690,12,13216.04,68223.74
11320690,13,13108.27,71740.12
11320690,14,14033.970000000001,75976.31999999999
11320690,15,15251.64,82583.65
11320690,16,18032.09,87215.11
11320690,1700,6958.02,30270.48
11320690,1720,7193.95,29087.44
11320690,1740,7822.58,30587.84
11320690,1800,12891.4,39033.52
11320690,1820,7705.22,27117.96
11320690,1840,6827.68,25703.71
11320690,1900,6693.02,25054.23
11320690,1920,5708.24,21926.48
11320690,1940,6059.35,20455.76
11320690,20,17722.3,56301.92
11320690,21,14886.07,45876.05
11320690,22,9923.02,29240.2
11320690,23,1712.21,5601.17
11320700,00,1185.38,3214.12
11320700,01,2255.14,7019.65
11320700,02,1845.74,5318.45
11320700,03,1298.07,4117.0
11320700,04,1104.85,4927.22
11320700,05,1409.21,6314.69
11320700,06,1950.29,11137.01
11320700,0700,764.6,5397.77
11320700,0720,1170.85,6327.44
11320700,0740,1050.87,7333.610000000001
11320700,0800,1212.7,9148.39
11320700,0820,1626.84,10014.71
11320700,0840,1477.51,8170.78
11320700,0900,1052.71,8431.29
11320700,0920,1152.51,9062.19
11320700,0940,1231.15,9028.17
11320700,10,3885.51,26777.63
11320700,11,4374.82,29289.690000000002
11320700,12,4806.41,33143.02
11320700,13,5194.38,33619.83
11320700,14,5905.47,38556.45
11320700,15,6554.03,42834.78
11320700,16,7715.02,45865.46
11320700,1700,3072.81,15533.11
11320700,1720,3061.61,14682.3
11320700,1740,3163.76,15122.6
11320700,1800,5358.41,20662.66
11320700,1820,3075.0,13853.32
11320700,1840,2908.3,13066.39
11320700,1900,3203.7799999999997,13170.32
11320700,1920,2631.02,11240.23
11320700,1940,2869.76,10587.76
11320700,20,8487.85,30642.97
11320700,21,8068.43,25699.73
11320700,22,5098.74,16296.5
11320700,23,861.14,3012.42
11320710,00,1672.94,4862.26
11320710,01,3013.4900000000002,9690.25
11320710,02,2155.49,6658.57
11320710,03,1724.53,5502.19
11320710,04,1418.52,6207.79
11320710,05,1498.11,9494.91
11320710,06,2559.42,15791.32
11320710,0700,1198.4,7220.78
11320710,0720,1445.46,8779.6
11320710,0740,1756.6100000000001,11295.64
11320710,0800,1684.0,12924.73
11320710,0820,1589.96,11932.96
11320710,0840,1540.96,9014.83
11320710,0900,1219.82,8542.72
11320710,0920,1150.21,9086.61
11320710,0940,1386.33,10050.41
11320710,10,4895.73,32559.19
11320710,11,5924.31,39304.11
11320710,12,6366.47,44596.41
11320710,13,6545.72,45021.0
11320710,14,7150.54,49155.04
11320710,15,8370.39,54814.19
11320710,16,10514.61,61488.93
11320710,1700,4671.73,22340.84
11320710,1720,4362.3,21252.27
11320710,1740,4614.28,22438.57
11320710,1800,7390.42,29119.239999999998
11320710,1820,4776.14,21109.89
11320710,1840,4260.54,19795.51
11320710,1900,4697.18,19764.22
11320710,1920,4020.4900000000002,16868.38
11320710,1940,3851.86,16583.79
11320710,20,11663.14,47115.14
11320710,21,10839.07,40983.9
11320710,22,6370.37,24526.35
11320710,23,993.0,4641.67
11350560,00,2686.0,5937.22
11350560,01,5212.29,11689.28
11350560,02,4191.66,9250.0
11350560,03,3120.33,8367.29
11350560,04,3330.44,12036.49
11350560,05,5273.89,20864.79
11350560,06,9099.76,33167.9
11350560,0700,5366.55,16805.62
11350560,0720,6973.63,20906.94
11350560,0740,8740.13,23836.13
11350560,0800,9700.57,25870.96
11350560,0820,9179.47,25053.04
11350560,0840,8215.78,20834.010000000002
11350560,0900,6721.45,19408.47
11350560,0920,7423.01,20138.93
11350560,0940,7615.62,20842.98
11350560,10,24283.45,62614.02
11350560,11,26801.47,66175.81
11350560,12,24236.29,66417.99
11350560,13,23456.23,66772.21
11350560,14,24616.53,71801.39
11350560,15,19709.96,69039.58
11350560,16,23841.69,76531.4
11350560,1700,9403.89,27440.65
11350560,1720,9817.95,27394.67
11350560,1740,10643.46,28856.72
11350560,1800,12707.54,32463.420000000002
11350560,1820,8534.53,24005.52
11350560,1840,7957.04,22814.22
11350560,1900,8030.74,23069.86
11350560,1920,6835.0199999999995,18925.54
11350560,1940,6755.01,18428.09
11350560,20,21298.17,52528.97
11350560,21,18406.329999999998,44481.06
11350560,22,12806.65,30121.02
11350560,23,2302.94,5493.7
11350570,00,1589.1,4523.69
11350570,01,2875.99,8824.210000000001
11350570,02,2270.32,7150.2699999999995
11350570,03,1751.96,7155.6900000000005
11350570,04,1865.58,8362.3
11350570,05,2599.6,13030.11
11350570,06,4576.82,32578.63
11350570,0700,3055.67,19879.09
11350570,0720,3992.58,22627.86
11350570,0740,4621.59,20529.04
11350570,0800,5898.2300000000005,21901.6
11350570,0820,5643.24,20723.76
11350570,0840,5195.12,17704.1
11350570,0900,5463.4,16751.07
11350570,0920,4379.02,15719.6
11350570,0940,3241.67,12705.27
11350570,10,8397.65,37953.33
11350570,11,10127.93,43869.16
11350570,12,13545.09,54960.630000000005
11350570,13,12994.460000000001,54590.75
11350570,14,9488.47,52919.43
11350570,15,10730.08,59525.7
11350570,16,13495.03,63503.51
11350570,1700,5438.63,22949.57
11350570,1720,5383.78,22256.06
11350570,1740,5535.36,21938.08
11350570,1800,8453.66,28091.21
11350570,1820,5176.2,19925.59
11350570,1840,4550.76,18204.81
11350570,1900,5122.76,19146.46
11350570,1920,4558.27,16967.75
11350570,1940,4194.97,15651.05
11350570,20,12636.52,45619.41
11350570,21,11514.77,38739.33
11350570,22,6851.16,23198.04
11350570,23,929.75,3628.44
11350580,00,2090.11,5237.15
11350580,01,4150.31,10889.01
11350580,02,2879.81,8545.74
11350580,03,2323.94,8086.42
11350580,04,2407.88,10726.46
11350580,05,3149.23,16370.64
11350580,06,5023.78,25683.79
11350580,0700,2391.54,11240.5
11350580,0720,2395.59,12968.96
11350580,0740,2915.34,14476.07
11350580,0800,3460.48,17005.57
11350580,0820,3337.68,17910.05
11350580,0840,2870.45,15198.07
11350580,0900,2860.35,16174.99
11350580,0920,3201.2599999999998,18173.63
11350580,0940,3510.97,20381.46
11350580,10,11394.86,60522.619999999995
11350580,11,13493.74,64481.56
11350580,12,15631.63,73323.59
11350580,13,17520.85,79003.9
11350580,14,17673.23,83512.16
11350580,15,20283.5,92576.85
11350580,16,24865.68,98037.9
11350580,1700,10522.12,36124.47
11350580,1720,10588.35,35228.53
11350580,1740,10734.07,34800.83
11350580,1800,15229.36,44118.31
11350580,1820,10041.32,30370.41
11350580,1840,8961.56,27916.27
11350580,1900,9331.63,29365.23
11350580,1920,7920.58,25101.260000000002
11350580,1940,7979.99,23931.04
11350580,20,22550.11,64686.95
11350580,21,18873.03,51862.44
11350580,22,11524.58,31452.010000000002
11350580,23,1500.68,4939.47
11350595,00,3992.88,8425.17
11350595,01,8006.17,17152.7
11350595,02,5592.24,12465.13
11350595,03,4099.4,10709.23
11350595,04,3855.76,13056.7
11350595,05,5110.26,20378.38
11350595,06,9370.97,38054.54
11350595,0700,5270.25,19475.4
11350595,0720,7076.9400000000005,23964.87
11350595,0740,8241.78,28983.69
11350595,0800,9734.26,34172.73
11350595,0820,9418.85,36137.41
11350595,0840,8583.34,30597.53
11350595,0900,7827.37,29701.33
11350595,0920,7798.68,29695.16
11350595,0940,7085.08,28432.61
11350595,10,22389.39,85832.16
11350595,11,26968.66,94108.0
11350595,12,27460.01,99082.86
11350595,13,27265.14,100277.09
11350595,14,29632.3,106505.45
11350595,15,31681.010000000002,113852.23
11350595,16,38264.13,125358.61
11350595,1700,16510.079999999998,48145.97
11350595,1720,17215.68,46559.29
11350595,1740,19212.92,49598.64
11350595,1800,27234.44,62902.33
11350595,1820,16295.82,41327.38
11350595,1840,14816.16,37613.9
11350595,1900,14752.369999999999,37741.26
11350595,1920,12109.4,30727.34
11350595,1940,12204.78,29620.82
11350595,20,35711.69,83694.03
11350595,21,31991.77,72198.23
11350595,22,21701.239999999998,47557.51
11350595,23,3491.34,8425.66
11350600,00,4134.95,9830.63
11350600,01,8262.0,19918.17
11350600,02,6058.55,14478.18
11350600,03,4419.85,11908.59
11350600,04,4595.24,16575.18
11350600,05,8729.74,35134.59
11350600,06,21980.57,81094.91
11350600,0700,14246.27,48861.26
11350600,0720,19527.54,60506.79
11350600,0740,23052.87,65528.99
11350600,0800,24527.77,66538.75
11350600,0820,25373.76,60470.0
11350600,0840,24464.09,54125.4
11350600,0900,19742.9,47856.15
11350600,0920,19883.39,47952.25
11350600,0940,18799.79,46925.63
11350600,10,47983.71,128280.12
11350600,11,55317.21,137430.78
11350600,12,59904.39,155171.16
11350600,13,54760.88,151523.39
11350600,14,48123.55,146377.36
11350600,15,44837.33,145976.75
11350600,16,50792.71,153459.02
11350600,1700,20159.1,55460.94
11350600,1720,20827.19,55622.58
11350600,1740,22129.23,58232.96
11350600,1800,26427.08,68413.69
11350600,1820,18081.58,48488.54
11350600,1840,16404.08,44414.29
11350600,1900,17111.37,44691.64
11350600,1920,14479.880000000001,38591.93
11350600,1940,14293.2,37402.91
11350600,20,40068.58,102669.71
11350600,21,35352.14,87320.44
11350600,22,22253.079999999998,54177.38
11350600,23,3993.15,9993.83
11350611,00,2619.4700000000003,6319.6900000000005
11350611,01,5422.76,13438.64
11350611,02,3862.41,9843.22
11350611,03,2766.18,8818.630000000001
11350611,04,2681.0499999999997,11274.07
11350611,05,4555.29,20745.45
11350611,06,10706.78,46934.03
11350611,0700,5959.69,28054.82
11350611,0720,7401.04,34902.52
11350611,0740,7897.21,33630.83
11350611,0800,8283.07,35292.14
11350611,0820,8521.24,33611.89
11350611,0840,6653.3,26177.68
11350611,0900,5657.24,24181.01
11350611,0920,5936.12,25243.77
11350611,0940,5494.99,23717.829999999998
11350611,10,15033.93,66546.47
11350611,11,16471.87,67992.93000000001
11350611,12,20691.48,83778.09
11350611,13,20237.43,80906.69
11350611,14,17257.31,77893.53
11350611,15,18483.16,83660.5
11350611,16,21480.8,85809.79000000001
11350611,1700,7933.88,30107.079999999998
11350611,1720,8835.21,30002.2
11350611,1740,9028.51,29700.91
11350611,1800,11632.24,36924.25
11350611,1820,8039.85,26824.31
11350611,1840,7042.99,24540.52
11350611,1900,7297.82,24571.18
11350611,1920,6691.73,22068.69
11350611,1940,6674.06,20890.57
11350611,20,19803.03,59521.74
11350611,21,18438.2,51613.73
11350611,22,12003.87,33535.479999999996
11350611,23,2000.02,5835.82
11350612,00,1016.75,2719.34
11350612,01,1750.5,5559.65
11350612,02,1249.21,4358.05
11350612,03,972.85,3609.09
11350612,04,903.75,4104.88
11350612,05,1176.6,5780.45
11350612,06,1456.47,7829.01
11350612,0700,642.47,3453.55
11350612,0720,648.12,3539.69
11350612,0740,727.51,4011.41
11350612,0800,926.06,4139.99
11350612,0820,701.48,4204.33
11350612,0840,773.56,3820.0699999999997
11350612,0900,825.38,3929.13
11350612,0920,924.5,4167.93
11350612,0940,984.6899999999999,4320.19
11350612,10,3134.51,14579.58
11350612,11,4024.59,17751.45
11350612,12,4995.06,22244.58
11350612,13,5355.41,24233.77
11350612,14,5516.12,27728.7
11350612,15,6379.41,32142.54
11350612,16,8521.16,36794.86
11350612,1700,3901.86,14115.9
11350612,1720,3461.09,12773.880000000001
11350612,1740,3932.3,13889.449999999999
11350612,1800,6189.08,19538.78
11350612,1820,3475.97,12294.289999999999
11350612,1840,3359.8,11641.23
11350612,1900,3590.26,11351.45
11350612,1920,2957.75,10175.3
11350612,1940,2968.56,9632.6
11350612,20,8653.62,29310.6
11350612,21,8521.92,26354.62
11350612,22,5066.39,16837.43
11350612,23,687.5,2571.61
11350619,00,1073.24,4375.34
11350619,01,2489.23,9835.35
11350619,02,1735.6,6846.92
11350619,03,1180.52,5606.36
11350619,04,1254.8899999999999,7059.27
11350619,05,1574.24,11406.5
11350619,06,3990.34,29552.22
11350619,0700,1915.54,16042.28
11350619,0720,1834.58,15798.81
11350619,0740,2117.11,14377.61
11350619,0800,2377.95,14402.07
11350619,0820,2636.48,15678.57
11350619,0840,2165.48,12639.68
11350619,0900,2287.05,12518.34
11350619,0920,2044.78,13395.83
11350619,0940,1745.44,12465.8
11350619,10,5420.8099999999995,34068.1
11350619,11,6670.37,36663.6
11350619,12,8687.43,46710.96
11350619,13,8701.5,49359.1
11350619,14,8854.210000000001,53404.94
11350619,15,9425.53,66727.44
11350619,16,10663.72,81027.81999999999
11350619,1700,4188.82,28128.670000000002
11350619,1720,4132.81,26141.65
11350619,1740,4212.71,26537.47
11350619,1800,5758.67,29080.23
11350619,1820,3877.48,21822.28
11350619,1840,3211.99,19699.6
11350619,1900,3791.56,19483.1
11350619,1920,3139.11,17609.81
11350619,1940,3397.94,17593.56
11350619,20,10417.06,49585.46
11350619,21,9099.02,45537.8
11350619,22,5641.8099999999995,29155.03
11350619,23,919.01,4740.87
11350621,00,1257.59,5007.43
11350621,01,2506.43,10736.13
11350621,02,1771.25,7200.82
11350621,03,1314.8700000000001,5531.52
11350621,04,1432.51,7650.85
11350621,05,2179.26,13075.92
11350621,06,4145.06,29972.47
11350621,0700,2046.01,19474.71
11350621,0720,2708.01,23924.85
11350621,0740,3217.33,22421.69
11350621,0800,3240.98,23247.29
11350621,0820,3121.3,21480.9
11350621,0840,2719.65,17053.63
11350621,0900,3067.02,15975.09
11350621,0920,3028.42,16621.25
11350621,0940,2684.35,16723.88
11350621,10,8541.9,47411.16
11350621,11,9510.54,53692.93
11350621,12,11601.48,66385.61
11350621,13,12822.39,69585.67
11350621,14,13225.73,78241.2
11350621,15,13716.48,92065.95
11350621,16,15233.9,101356.44
11350621,1700,5588.75,34204.7
11350621,1720,5672.75,33177.32
11350621,1740,5739.97,32066.39
11350621,1800,7339.03,38149.72
11350621,1820,5160.53,28243.68
11350621,1840,4464.06,24760.95
11350621,1900,4507.18,23775.69
11350621,1920,4062.7000000000003,21442.36
11350621,1940,4191.4400000000005,20752.68
11350621,20,12021.84,57558.58
11350621,21,11248.77,54479.34
11350621,22,6407.54,33711.5
11350621,23,1025.15,5067.88
11350624,00,1145.73,3662.1
11350624,01,2100.06,7437.82
11350624,02,1616.8899999999999,5638.110000000001
11350624,03,1062.25,4169.05
11350624,04,1072.72,5529.0
11350624,05,1622.96,10520.85
11350624,06,3056.11,22688.65
11350624,0700,1908.53,13569.45
11350624,0720,1709.41,14377.17
11350624,0740,2225.33,13239.45
11350624,0800,2125.35,14921.51
11350624,0820,2038.25,13139.76
11350624,0840,1775.19,9757.84
11350624,0900,1719.55,10068.45
11350624,0920,1883.99,10345.2
11350624,0940,1583.06,9580.06
11350624,10,5484.82,30319.76
11350624,11,6393.0,35052.57
11350624,12,6778.53,38977.88
11350624,13,6951.36,38839.83
11350624,14,7593.29,41711.27
11350624,15,8247.67,48619.32
11350624,16,10032.0,54896.41
11350624,1700,4261.86,20270.49
11350624,1720,4457.53,18915.850000000002
11350624,1740,4242.4,19446.58
11350624,1800,6856.62,24972.420000000002
11350624,1820,3897.07,16659.49
11350624,1840,3480.25,15408.84
11350624,1900,3784.33,15852.960000000001
11350624,1920,3108.18,13060.09
11350624,1940,3433.52,13489.61
11350624,20,10219.59,37435.68
11350624,21,8939.42,31650.88
11350624,22,5425.01,19587.12
11350624,23,864.1,3258.56
11350625,00,2168.52,6373.17
11350625,01,4217.82,13330.42
11350625,02,3086.35,10164.02
11350625,03,2182.47,8327.78
11350625,04,2163.26,10333.91
11350625,05,3416.13,18526.02
11350625,06,6036.43,36377.7
11350625,0700,3513.63,22104.64
11350625,0720,4349.89,27039.88
11350625,0740,4667.39,28368.44
11350625,0800,4509.65,29528.17
11350625,0820,4352.54,26810.57
11350625,0840,3561.5299999999997,20301.83
11350625,0900,3206.8,18892.579999999998
11350625,0920,3121.57,17805.48
11350625,0940,2868.1,17519.12
11350625,10,9632.92,54993.29
11350625,11,12003.16,63047.81
11350625,12,13143.2,72861.62
11350625,13,13849.96,73077.64
11350625,14,14766.26,77929.72
11350625,15,16009.48,85907.34
11350625,16,19461.079999999998,93110.70999999999
11350625,1700,8585.26,35486.03
11350625,1720,8994.51,34172.51
11350625,1740,8822.4,34771.96
11350625,1800,13367.22,45088.14
11350625,1820,8373.72,29857.2
11350625,1840,7538.69,27963.51
11350625,1900,7803.01,27834.98
11350625,1920,6658.13,24683.96
11350625,1940,6712.679999999999,23677.58
11350625,20,19474.1,66370.37
11350625,21,18786.82,59967.63
11350625,22,11727.53,39492.45
11350625,23,1917.1100000000001,7250.46
11350630,00,2704.0,7848.53
11350630,01,5400.82,16716.11
11350630,02,3749.12,11961.43
11350630,03,2542.05,8922.43
11350630,04,2538.89,11002.31
11350630,05,3289.83,17774.91
11350630,06,4716.34,31162.079999999998
11350630,0700,2144.73,14530.369999999999
11350630,0720,3062.37,19379.15
11350630,0740,3532.14,23091.03
11350630,0800,4500.95,25474.84
11350630,0820,4808.65,29848.440000000002
11350630,0840,3923.9,22818.74
11350630,0900,3612.07,21910.94
11350630,0920,3589.18,22922.34
11350630,0940,3238.82,22417.26
11350630,10,9803.35,68053.91
11350630,11,11888.16,77740.61
11350630,12,13884.95,88084.12
11350630,13,14559.32,88635.5
11350630,14,15274.03,92815.53
11350630,15,17335.51,102934.27
11350630,16,21946.27,112753.56999999999
11350630,1700,9753.12,41459.78
11350630,1720,10037.53,39270.35
11350630,1740,10040.64,41640.63
11350630,1800,15880.42,54020.31
11350630,1820,9785.55,36490.05
11350630,1840,8477.29,33676.69
11350630,1900,8996.78,33978.32
11350630,1920,7477.3,28745.65
11350630,1940,7434.35,27647.489999999998
11350630,20,22139.579999999998,78829.16
11350630,21,20027.96,66858.89
11350630,22,11881.84,39889.88
11350630,23,1882.35,7197.360000000001
11350640,00,2683.65,6023.75
11350640,01,5222.0599999999995,12509.72
11350640,02,3846.89,9419.25
11350640,03,2955.45,8821.53
11350640,04,2982.08,13496.94
11350640,05,3579.55,18179.43
11350640,06,7230.29,28100.07
11350640,0700,3854.6,14376.61
11350640,0720,4711.76,18003.17
11350640,0740,6775.13,23619.96
11350640,0800,8715.51,30776.19
11350640,0820,9990.37,37087.58
11350640,0840,9590.44,32849.33
11350640,0900,9191.98,33478.48
11350640,0920,9688.44,33617.16
11350640,0940,8648.65,30773.22
11350640,10,26388.34,94032.67
11350640,11,28392.47,102588.48
11350640,12,31393.94,112055.89
11350640,13,32344.2,108738.03
11350640,14,31665.68,108143.59
11350640,15,34098.82,116476.03
11350640,16,41252.49,130333.22
11350640,1700,17119.52,48869.17
11350640,1720,17862.18,48809.72
11350640,1740,17586.4,47055.18
11350640,1800,24669.44,59587.93
11350640,1820,16615.06,41863.4
11350640,1840,14405.47,35531.11
11350640,1900,13901.19,33498.66
11350640,1920,11788.37,28778.71
11350640,1940,10771.08,26307.41
11350640,20,30174.91,71180.02
11350640,21,24857.64,56255.25
11350640,22,15931.09,36082.05
11350640,23,2667.2400000000002,7023.18
11350665,00,1664.32,5360.22
11350665,01,3292.89,10636.09
11350665,02,2219.89,7803.42
11350665,03,1672.83,6423.72
11350665,04,1504.17,7272.04
11350665,05,2011.29,11512.9
11350665,06,3098.58,20153.74
11350665,0700,1600.05,10134.97
11350665,0720,1856.42,11295.18
11350665,0740,1961.36,12549.52
11350665,0800,2201.93,14432.04
11350665,0820,2514.44,15860.68
11350665,0840,2151.08,14139.85
11350665,0900,1782.56,12419.05
11350665,0920,1856.76,12630.94
11350665,0940,1683.92,12774.78
11350665,10,5153.63,38332.16
11350665,11,6425.03,41622.64
11350665,12,7684.61,49974.81
11350665,13,7757.5199999999995,53663.1
11350665,14,8310.99,56720.74
11350665,15,9416.83,61852.770000000004
11350665,16,12467.61,69353.52
11350665,1700,5031.24,24478.16
11350665,1720,4811.2699999999995,23270.13
11350665,1740,4790.66,23514.95
11350665,1800,8048.61,31138.53
11350665,1820,5116.91,21090.56
11350665,1840,4815.1,19978.74
11350665,1900,4968.08,21018.05
11350665,1920,4155.53,18031.16
11350665,1940,4516.96,18384.18
11350665,20,13025.94,52469.979999999996
11350665,21,12230.57,46059.94
11350665,22,8088.97,30121.21
11350665,23,1333.3999999999999,5369.11
11350670,00,1635.9,4585.55
11350670,01,3363.33,10495.01
11350670,02,2538.11,7649.47
11350670,03,1742.22,6541.91
11350670,04,1736.22,7046.21
11350670,05,2254.7400000000002,11421.35
11350670,06,2803.75,15978.01
11350670,0700,1403.66,6936.86
11350670,0720,1612.66,8321.1
11350670,0740,1703.98,9913.95
11350670,0800,1988.0900000000001,12234.43
11350670,0820,2394.94,13861.199999999999
11350670,0840,1978.32,11660.64
11350670,0900,1939.74,11508.02
11350670,0920,1803.25,11483.58
11350670,0940,1747.95,11262.12
11350670,10,5947.91,34677.36
11350670,11,6466.01,36195.62
11350670,12,7453.79,42286.06
11350670,13,7778.98,45447.479999999996
11350670,14,8599.42,50799.56
11350670,15,10130.44,57884.99
11350670,16,12339.94,64275.39
11350670,1700,5634.5,24058.54
11350670,1720,5378.5199999999995,21633.49
11350670,1740,5304.47,22248.48
11350670,1800,8215.720000000001,28797.66
11350670,1820,5328.04,20081.32
11350670,1840,4609.35,18009.39
11350670,1900,5175.96,19992.3
11350670,1920,4036.82,16102.01
11350670,1940,4345.860000000001,15964.210000000001
11350670,20,12945.26,46497.96
11350670,21,11920.69,39057.67
11350670,22,7457.63,24260.62
11350670,23,1226.18,4775.2
11350695,00,3307.36,7548.42
11350695,01,5931.42,14696.77
11350695,02,4362.46,10853.2
11350695,03,3495.7,9772.02
11350695,04,3660.51,13034.88
11350695,05,7011.639999999999,27811.5
11350695,06,15865.67,63402.12
11350695,0700,9488.32,38063.57
11350695,0720,10862.18,46236.37
11350695,0740,12998.29,51051.99
11350695,0800,16262.25,61794.47
11350695,0820,17642.16,64010.42
11350695,0840,11922.05,49539.53
11350695,0900,11766.7,47088.88
11350695,0920,10118.8,43627.25
11350695,0940,8425.43,38897.35
11350695,10,24711.16,114219.03
11350695,11,26525.46,112260.1
11350695,12,30651.91,122424.41
11350695,13,31182.49,125861.55
11350695,14,29440.329999999998,121659.11
11350695,15,30912.74,122475.72
11350695,16,36261.18,128213.70999999999
11350695,1700,14332.11,45907.6
11350695,1720,13702.72,43079.81
11350695,1740,13951.17,42281.43
11350695,1800,20926.11,55868.75
11350695,1820,12908.050000000001,36866.55
11350695,1840,11801.96,34024.63
11350695,1900,11636.59,32676.27
11350695,1920,9874.3,28517.26
11350695,1940,10109.460000000001,27252.54
11350695,20,27056.9,73339.02
11350695,21,24091.18,62081.51
11350695,22,15477.79,39196.8
11350695,23,2782.81,7223.01
11350700,00,1870.42,4256.01
11350700,01,3450.45,8594.0
11350700,02,2271.23,6376.61
11350700,03,1850.38,5486.75
11350700,04,1733.57,6355.98
11350700,05,2008.02,11373.14
11350700,06,4611.53,23744.72
11350700,0700,2155.56,11465.12
11350700,0720,2604.26,14998.32
11350700,0740,3146.19,15391.69
11350700,0800,3114.93,16361.32
11350700,0820,2876.6,18539.45
11350700,0840,2530.68,14455.789999999999
11350700,0900,2369.57,14050.65
11350700,0920,2316.8,14147.26
11350700,0940,2065.4,12835.05
11350700,10,6925.45,39293.53
11350700,11,8510.92,41306.72
11350700,12,10123.06,45888.63
11350700,13,10547.43,47301.43
11350700,14,11658.710000000001,51461.99
11350700,15,13854.02,58649.68
11350700,16,19618.37,68778.43000000001
11350700,1700,7434.41,24828.75
11350700,1720,7391.15,23752.670000000002
11350700,1740,8419.27,25051.54
11350700,1800,14142.96,35742.46
11350700,1820,7715.93,21600.49
11350700,1840,6411.33,19436.78
11350700,1900,6733.3,19903.79
11350700,1920,5724.29,17453.79
11350700,1940,5626.44,16734.739999999998
11350700,20,17431.08,46579.88
11350700,21,16278.1,42277.03
11350700,22,9355.69,24951.46
11350700,23,1591.53,4654.36
11350710,00,1338.31,3619.56
11350710,01,2627.36,7563.53
11350710,02,1738.41,5361.55
11350710,03,1428.85,4337.17
11350710,04,1383.8,4675.09
11350710,05,1568.56,6853.52
11350710,06,3127.6,17358.22
11350710,0700,1317.69,11917.09
11350710,0720,1401.01,10917.26
11350710,0740,1308.49,9268.65
11350710,0800,1324.0,8624.13
11350710,0820,1404.63,8604.94
11350710,0840,1104.76,5759.95
11350710,0900,1050.27,5789.55
11350710,0920,1090.23,5640.13
11350710,0940,1052.65,5430.28
11350710,10,3451.2,17631.63
11350710,11,4108.69,20713.79
11350710,12,4995.01,25494.41
11350710,13,5418.72,26875.82
11350710,14,6324.96,31839.84
11350710,15,7191.63,37309.23
11350710,16,9181.94,42431.29
11350710,1700,4333.49,16527.489999999998
11350710,1720,4348.01,15499.43
11350710,1740,4389.29,16249.960000000001
11350710,1800,7744.11,23130.079999999998
11350710,1820,4291.55,14943.41
11350710,1840,3770.91,13732.84
11350710,1900,4076.81,13901.85
11350710,1920,3426.67,12020.86
11350710,1940,3578.66,11759.91
11350710,20,11179.64,34718.49
11350710,21,10463.16,31525.829999999998
11350710,22,6517.56,18495.3
11350710,23,949.99,3539.64
11350720,00,1394.9,3543.9500000000003
11350720,01,2689.97,7137.0
11350720,02,1848.2,5091.16
11350720,03,1517.47,4252.66
11350720,04,1448.3799999999999,4925.42
11350720,05,1683.71,7647.35
11350720,06,3085.39,14842.21
11350720,0700,1637.33,9648.56
11350720,0720,1940.0,12995.1
11350720,0740,1956.32,9637.78
11350720,0800,2224.08,8341.12
11350720,0820,2363.6,9720.64
11350720,0840,2351.22,9382.96
11350720,0900,2372.18,9035.96
11350720,0920,2454.62,8638.05
11350720,0940,2324.08,8670.82
11350720,10,6784.01,27871.36
11350720,11,8116.81,31215.44
11350720,12,9877.3,36968.76
11350720,13,10913.79,38813.88
11350720,14,10790.03,41203.729999999996
11350720,15,11311.64,44134.11
11350720,16,14082.99,49679.27
11350720,1700,5441.650000000001,17810.23
11350720,1720,5703.4400000000005,17923.56
11350720,1740,6220.68,18409.56
11350720,1800,9064.66,24803.76
11350720,1820,5583.43,15851.050000000001
11350720,1840,5186.96,14706.87
11350720,1900,5462.12,15162.69
11350720,1920,4583.42,12927.05
11350720,1940,4423.34,12776.9
11350720,20,12250.62,36306.76
11350720,21,11291.03,31940.85
11350720,22,7014.06,19431.49
11350720,23,1080.69,3272.73
11380510,00,3495.97,8809.5
11380510,01,7152.07,19315.55
11380510,02,5308.21,14846.05
11380510,03,4201.01,12587.37
11380510,04,4019.48,15196.71
11380510,05,5238.57,20657.12
11380510,06,8740.18,37037.76
11380510,0700,4908.77,18291.2
11380510,0720,6038.45,21805.68
11380510,0740,7794.85,26683.29
11380510,0800,8698.38,31534.0
11380510,0820,9352.43,35876.54
11380510,0840,6381.83,25676.84
11380510,0900,4487.58,21923.85
11380510,0920,4175.07,20816.54
11380510,0940,3742.25,19660.41
11380510,10,12207.83,60767.69
11380510,11,14572.1,66238.44
11380510,12,18829.06,82033.87
11380510,13,17438.47,81291.34
11380510,14,18204.84,86530.84
11380510,15,20872.58,94409.38
11380510,16,25837.77,104285.87
11380510,1700,10804.03,39743.46
11380510,1720,11317.97,38774.34
11380510,1740,12062.97,39199.81
11380510,1800,19106.12,52079.78
11380510,1820,12463.44,36271.17
11380510,1840,10214.71,32148.94
11380510,1900,11425.72,34149.1
11380510,1920,9772.630000000001,29577.14
11380510,1940,9534.52,28540.62
11380510,20,29754.02,83066.07
11380510,21,27349.43,71064.02
11380510,22,16691.88,43007.32
11380510,23,2430.44,7689.59
11380520,00,3061.43,7819.34
11380520,01,6289.59,17417.09
11380520,02,4761.62,12566.77
11380520,03,3792.73,10855.42
11380520,04,3614.02,12917.59
11380520,05,4449.05,19370.21
11380520,06,7014.97,30909.920000000002
11380520,0700,3008.86,13878.960000000001
11380520,0720,4102.81,16358.369999999999
11380520,0740,4151.14,18336.2
11380520,0800,4611.11,20949.78
11380520,0820,5159.49,24369.31
11380520,0840,4074.3,19814.56
11380520,0900,3527.88,19491.59
11380520,0920,3182.6,19469.68
11380520,0940,3146.07,18149.13
11380520,10,9695.61,57516.31
11380520,11,11275.11,61794.22
11380520,12,14395.0,72179.79
11380520,13,14265.62,75438.98
11380520,14,14845.77,80650.44
11380520,15,17139.34,88579.99
11380520,16,21888.760000000002,97252.92
11380520,1700,9911.22,36394.0
11380520,1720,10236.99,36007.86
11380520,1740,10812.39,37175.87
11380520,1800,17766.420000000002,49038.71
11380520,1820,10842.31,33619.89
11380520,1840,9303.62,29868.31
11380520,1900,9897.69,30850.93
11380520,1920,8075.54,26743.65
11380520,1940,8406.4,26424.34
11380520,20,26008.83,76290.36
11380520,21,24032.62,64020.33
11380520,22,14658.11,38938.4
11380520,23,2165.2400000000002,6695.63
11380530,00,2551.67,5846.55
11380530,01,5056.42,12938.02
11380530,02,3810.82,9312.28
11380530,03,2986.98,8174.04
11380530,04,2644.43,9161.08
11380530,05,3073.75,12728.27
11380530,06,4934.5,27456.61
11380530,0700,2198.48,13022.56
11380530,0720,2795.05,14532.35
11380530,0740,3368.9,19339.24
11380530,0800,3261.25,19900.27
11380530,0820,3049.38,19618.03
11380530,0840,2702.03,14798.7
11380530,0900,2283.01,13635.85
11380530,0920,2461.83,14875.26
11380530,0940,2390.43,14048.95
11380530,10,7808.01,43175.36
11380530,11,9064.43,47136.1
11380530,12,10420.69,52416.13
11380530,13,10824.49,55680.4
11380530,14,11681.26,58470.63
11380530,15,13004.03,66723.55
11380530,16,17027.4,74548.94
11380530,1700,7464.84,28349.09
11380530,1720,7175.53,26610.95
11380530,1740,8168.18,27721.61
11380530,1800,14348.16,38207.92
11380530,1820,8138.93,25249.2
11380530,1840,7142.06,23002.15
11380530,1900,7847.77,23850.81
11380530,1920,6412.66,20323.36
11380530,1940,6599.28,19495.29
11380530,20,20751.44,56435.29
11380530,21,19627.79,50420.98
11380530,22,12409.66,31012.57
11380530,23,1750.33,5215.74
11380551,00,2160.41,4575.04
11380551,01,4516.83,9595.45
11380551,02,3180.94,6932.12
11380551,03,2326.56,5703.42
11380551,04,2076.27,7254.45
11380551,05,2929.21,11296.12
11380551,06,4830.11,28449.72
11380551,0700,2309.22,15176.0
11380551,0720,2333.7200000000003,14737.92
11380551,0740,2545.2,14215.17
11380551,0800,3239.44,15144.86
11380551,0820,3048.2200000000003,14945.26
11380551,0840,3110.3,13455.47
11380551,0900,3048.5,12872.51
11380551,0920,3315.88,13863.8
11380551,0940,3022.99,12956.3
11380551,10,9518.18,39708.54
11380551,11,10074.42,40145.42
11380551,12,11734.4,45822.93
11380551,13,12858.2,50336.3
11380551,14,13404.25,52182.68
11380551,15,14907.15,59110.44
11380551,16,19579.02,66158.62
11380551,1700,8829.63,24867.3
11380551,1720,8924.48,24146.77
11380551,1740,9282.73,25363.09
11380551,1800,15044.38,34630.01
11380551,1820,9553.86,23146.83
11380551,1840,8463.380000000001,20642.82
11380551,1900,8957.98,20968.35
11380551,1920,7443.83,17974.34
11380551,1940,7213.14,17044.22
11380551,20,20558.98,46553.63
11380551,21,17520.15,38861.97
11380551,22,10996.22,23969.81
11380551,23,1907.01,4213.36
11380552,00,2571.74,6581.65
11380552,01,5723.4,15317.99
11380552,02,3107.57,7896.46
11380552,03,2293.02,7090.2
11380552,04,2312.2,8690.78
11380552,05,2931.4,13881.35
11380552,06,6073.23,35426.47
11380552,0700,2600.45,16795.85
11380552,0720,2332.23,15722.12
11380552,0740,2374.77,13225.13
11380552,0800,2804.11,14709.08
11380552,0820,2914.64,16505.14
11380552,0840,2405.02,13838.94
11380552,0900,2179.9,12535.99
11380552,0920,2367.4,12688.9
11380552,0940,2511.78,12507.33
11380552,10,7759.74,36865.33
11380552,11,8733.04,41250.41
11380552,12,10443.92,46654.96
11380552,13,10533.51,48991.28
11380552,14,11935.97,55971.79
11380552,15,14506.54,67087.37
11380552,16,17767.71,76883.22
11380552,1700,8352.34,28572.11
11380552,1720,8559.49,28958.04
11380552,1740,9064.28,30108.49
11380552,1800,14340.12,39620.28
11380552,1820,8920.52,27607.52
11380552,1840,7873.49,25210.47
11380552,1900,8521.73,26067.4
11380552,1920,6606.15,20220.9
11380552,1940,6810.57,20113.6
11380552,20,20380.62,57763.61
11380552,21,18196.13,50036.52
11380552,22,11531.62,31709.32
11380552,23,1964.23,5772.57
11380560,00,2596.7,6954.32
11380560,01,5288.7,14723.54
11380560,02,3779.24,10393.23
11380560,03,3098.92,9762.0
11380560,04,2926.96,11381.24
11380560,05,4429.27,19413.04
11380560,06,7311.49,44576.97
11380560,0700,3689.29,24347.31
11380560,0720,3543.46,24737.87
11380560,0740,4573.37,26093.88
11380560,0800,4327.76,27710.19
11380560,0820,3941.31,24996.31
11380560,0840,3828.04,18224.579999999998
11380560,0900,3069.74,16607.78
11380560,0920,2846.1,16173.6
11380560,0940,2939.41,17203.27
11380560,10,8880.14,50990.22
11380560,11,10347.220000000001,56431.69
11380560,12,12810.77,65643.82
11380560,13,13395.48,71872.61
11380560,14,14299.67,80044.16
11380560,15,15713.24,87412.1
11380560,16,19181.49,95704.04000000001
11380560,1700,7914.41,34325.24
11380560,1720,7992.83,32055.2
11380560,1740,8601.28,33152.41
11380560,1800,14101.07,43514.47
11380560,1820,8500.03,29575.36
11380560,1840,7620.49,28123.65
11380560,1900,8135.78,29043.010000000002
11380560,1920,6992.92,24825.64
11380560,1940,6834.07,23721.87
11380560,20,20222.260000000002,67681.94
11380560,21,18897.1,59382.55
11380560,22,12472.97,38323.41
11380560,23,1867.27,6776.679999999999
11380570,00,3715.85,7928.35
11380570,01,7706.95,17505.06
11380570,02,5758.84,13356.69
11380570,03,4476.72,11548.63
11380570,04,4583.2,15803.41
11380570,05,7318.57,31361.28
11380570,06,11207.35,50203.28
11380570,0700,5879.98,27861.850000000002
11380570,0720,8151.03,33737.71
11380570,0740,9046.119999999999,34765.65
11380570,0800,9591.33,39004.39
11380570,0820,9829.86,41886.47
11380570,0840,7985.53,35087.87
11380570,0900,7448.93,33986.74
11380570,0920,7013.14,33796.53
11380570,0940,6541.7,31780.03
11380570,10,19329.21,100552.39
11380570,11,22418.59,106071.25
11380570,12,25897.97,120845.55
11380570,13,25626.989999999998,121177.19
11380570,14,26722.350000000002,119953.77
11380570,15,28712.91,124141.47
11380570,16,33377.38,126019.95999999999
11380570,1700,15060.87,45895.54
11380570,1720,14378.03,42372.5
11380570,1740,15370.21,43880.15
11380570,1800,25342.39,59644.96
11380570,1820,14930.85,39678.81
11380570,1840,12864.53,34689.09
11380570,1900,13193.58,33979.9
11380570,1920,11150.2,29129.02
11380570,1940,10995.0,28094.97
11380570,20,32918.96,78287.03
11380570,21,29432.68,65056.5
11380570,22,18090.99,41131.35
11380570,23,2772.72,7921.0
11380580,00,2605.52,6791.16
11380580,01,5747.09,15199.61
11380580,02,4379.41,12411.6
11380580,03,3756.85,10759.89
11380580,04,3363.03,12944.17
11380580,05,4706.09,19984.19
11380580,06,6659.48,30313.3
11380580,0700,3068.99,14421.17
11380580,0720,3954.27,17166.96
11380580,0740,4958.12,21265.28
11380580,0800,5440.7699999999995,23233.31
11380580,0820,5477.68,26662.22
11380580,0840,4967.45,22277.62
11380580,0900,5234.61,21674.4
11380580,0920,4617.11,21996.04
11380580,0940,4842.99,22091.97
11380580,10,12478.3,60166.65
11380580,11,13741.0,61369.85
11380580,12,15756.81,68334.04
11380580,13,17232.24,73643.62
11380580,14,18275.28,79334.77
11380580,15,21058.03,90703.47
11380580,16,25669.78,103471.44
11380580,1700,11427.960000000001,38101.52
11380580,1720,11208.09,37110.35
11380580,1740,11608.4,37559.83
11380580,1800,19121.84,51969.34
11380580,1820,11687.53,35580.55
11380580,1840,10069.28,31978.989999999998
11380580,1900,10268.14,32217.850000000002
11380580,1920,8908.1,27427.72
11380580,1940,8628.02,25723.26
11380580,20,26509.06,72222.55
11380580,21,22743.26,59651.31
11380580,22,13965.58,36691.32
11380580,23,1967.5,5668.150000000001
11380590,00,1917.98,5554.83
11380590,01,4105.87,11621.59
11380590,02,3204.13,9596.43
11380590,03,2517.82,7619.35
11380590,04,2435.2,8502.19
11380590,05,2834.04,12554.33
11380590,06,3728.01,19115.13
11380590,0700,1649.95,9542.82
11380590,0720,1870.57,10993.04
11380590,0740,2191.71,12855.75
11380590,0800,2208.96,12601.03
11380590,0820,2579.57,13681.51
11380590,0840,1897.78,8726.52
11380590,0900,1552.57,8312.37
11380590,0920,1749.39,8322.47
11380590,0940,1599.14,8070.62
11380590,10,5292.05,26500.42
11380590,11,6117.24,28805.48
11380590,12,7975.63,36996.19
11380590,13,8274.18,40092.83
11380590,14,9248.4,46085.81
11380590,15,10023.18,52459.52
11380590,16,13083.99,59232.88
11380590,1700,6261.97,23244.51
11380590,1720,6100.16,21976.86
11380590,1740,5906.09,22635.64
11380590,1800,9114.31,30879.95
11380590,1820,5904.65,21035.57
11380590,1840,5144.38,18852.3
11380590,1900,5517.21,19476.260000000002
11380590,1920,4661.84,17976.14
11380590,1940,4713.47,17505.36
11380590,20,15187.55,50788.57
11380590,21,13401.96,44358.11
11380590,22,8604.66,28224.48
11380590,23,1244.04,4495.42
11380600,00,2793.91,7130.2699999999995
11380600,01,5775.74,14807.74
11380600,02,4505.53,11490.25
11380600,03,3481.23,9982.33
11380600,04,3460.83,12135.58
11380600,05,4209.34,18827.47
11380600,06,5510.73,27469.82
11380600,0700,2142.38,12032.45
11380600,0720,2896.67,14326.55
11380600,0740,3683.85,17699.68
11380600,0800,3999.92,19503.55
11380600,0820,4115.68,22004.24
11380600,0840,3968.54,19960.94
11380600,0900,3806.54,20666.82
11380600,0920,3817.82,21447.13
11380600,0940,3438.9900000000002,19736.3
11380600,10,11793.279999999999,62579.0
11380600,11,12358.37,63411.59
11380600,12,14064.12,69640.58
11380600,13,14343.1,74094.24
11380600,14,14728.42,74764.01
11380600,15,16944.14,82992.69
11380600,16,19559.59,85445.25
11380600,1700,8995.51,32264.53
11380600,1720,9153.94,31327.29
11380600,1740,9332.81,31833.73
11380600,1800,14722.37,40993.94
11380600,1820,9561.5,29989.760000000002
11380600,1840,8698.01,27919.489999999998
11380600,1900,8913.06,27017.46
11380600,1920,7643.41,23169.14
11380600,1940,7500.29,21921.22
11380600,20,21358.41,59393.61
11380600,21,20672.21,52414.6
11380600,22,12726.29,33855.0
11380600,23,2063.25,5964.6
11380625,00,4489.99,12417.89
11380625,01,9292.949999999999,26431.97
11380625,02,6858.349999999999,19378.09
11380625,03,5035.400000000001,15945.23
11380625,04,4839.02,18499.09
11380625,05,6404.0199999999995,29038.35
11380625,06,10023.92,46299.83
11380625,0700,4441.63,19101.36
11380625,0720,5610.25,22932.41
11380625,0740,5479.82,23737.72
11380625,0800,5911.07,28453.41
11380625,0820,5873.29,32546.47
11380625,0840,5426.18,26376.08
11380625,0900,4743.4,26042.47
11380625,0920,4991.01,26188.170000000002
11380625,0940,5057.4800000000005,26418.69
11380625,10,15110.06,80476.7
11380625,11,16282.64,82851.35
11380625,12,19261.54,93702.05
11380625,13,20900.82,100017.59
11380625,14,21637.25,109863.68000000001
11380625,15,24947.4,126917.08
11380625,16,31082.69,140635.42
11380625,1700,14000.9,51794.73
11380625,1720,13614.13,49784.73
11380625,1740,14701.98,51285.47
11380625,1800,23162.33,67219.47
11380625,1820,14271.31,47349.42
11380625,1840,12947.7,43286.94
11380625,1900,13491.45,44014.74
11380625,1920,11675.09,37466.16
11380625,1940,11336.83,36381.15
11380625,20,34875.6,104585.45
11380625,21,31896.84,90482.0
11380625,22,21267.58,58202.47
11380625,23,3151.93,10953.29
11380631,00,2549.23,6922.18
11380631,01,5454.17,14264.47
11380631,02,4171.0,11381.76
11380631,03,2976.11,9129.58
11380631,04,3179.09,9896.6
11380631,05,3522.02,14048.45
11380631,06,4231.41,19057.79
11380631,0700,1776.03,8560.15
11380631,0720,2048.43,9802.82
11380631,0740,2610.64,10701.53
11380631,0800,3334.52,12479.029999999999
11380631,0820,3162.46,12010.94
11380631,0840,2758.62,11179.24
11380631,0900,2554.52,11589.31
11380631,0920,2360.41,11413.32
11380631,0940,2622.97,11319.26
11380631,10,7400.21,34252.01
11380631,11,8850.35,38567.46
11380631,12,9764.65,45430.64
11380631,13,9737.44,47413.39
11380631,14,11168.36,53231.909999999996
11380631,15,13337.25,61982.32
11380631,16,16029.14,67649.42
11380631,1700,7585.15,25834.59
11380631,1720,7265.28,24436.04
11380631,1740,7557.889999999999,25156.0
11380631,1800,13332.53,35960.39
11380631,1820,7763.929999999999,24199.420000000002
11380631,1840,6622.86,21641.47
11380631,1900,7208.27,22219.18
11380631,1920,6215.65,18744.67
11380631,1940,6361.38,18975.13
11380631,20,19152.23,55159.25
11380631,21,17782.45,48345.2
11380631,22,11373.39,30850.53
11380631,23,1761.52,5221.69
11380632,00,1499.19,4069.65
11380632,01,3090.69,8816.16
11380632,02,2369.4,6819.62
11380632,03,1682.65,5294.97
11380632,04,1597.91,5887.57
11380632,05,1981.25,8671.55
11380632,06,2870.58,20420.66
11380632,0700,1487.76,13204.98
11380632,0720,1694.8700000000001,13872.369999999999
11380632,0740,1691.73,11269.68
11380632,0800,1481.65,10544.48
11380632,0820,1628.02,9441.0
11380632,0840,1444.44,7685.77
11380632,0900,1199.88,6765.92
11380632,0920,1415.42,7218.7
11380632,0940,1091.71,6889.9400000000005
11380632,10,4239.95,21642.16
11380632,11,4758.0599999999995,23527.11
11380632,12,5946.36,29056.05
11380632,13,6228.35,31883.65
11380632,14,6770.36,36311.26
11380632,15,7960.9800000000005,43255.090000000004
11380632,16,9523.56,44633.57
11380632,1700,4364.92,16899.29
11380632,1720,4118.42,15530.36
11380632,1740,4311.7699999999995,15993.18
11380632,1800,7373.66,22908.92
11380632,1820,4409.47,15360.18
11380632,1840,3730.19,14415.31
11380632,1900,4321.0,14635.56
11380632,1920,3708.41,13288.68
11380632,1940,3714.32,12267.78
11380632,20,11257.73,35784.08
11380632,21,11271.78,33428.5
11380632,22,6785.93,19863.11
11380632,23,827.26,3482.73
11380640,00,1395.11,3224.48
11380640,01,2834.47,7574.01
11380640,02,2434.05,6296.7
11380640,03,1734.34,5036.52
11380640,04,1825.71,5947.01
11380640,05,1944.02,8548.05
11380640,06,2771.24,11388.85
11380640,0700,1157.28,4911.6
11380640,0720,1391.31,5842.2
11380640,0740,1734.81,7167.23
11380640,0800,1755.63,8076.32
11380640,0820,1743.57,7933.3
11380640,0840,1332.86,5987.23
11380640,0900,1388.11,5848.38
11380640,0920,1228.76,5609.65
11380640,0940,1251.97,5647.07
11380640,10,4031.73,17773.02
11380640,11,4600.32,19092.510000000002
11380640,12,5183.86,22611.0
11380640,13,5534.22,24656.43
11380640,14,5902.4,27506.78
11380640,15,6469.65,30561.43
11380640,16,8071.37,35040.11
11380640,1700,3722.67,13828.65
11380640,1720,3753.5099999999998,13173.32
11380640,1740,3814.84,13731.76
11380640,1800,7046.93,19176.43
11380640,1820,3817.91,12231.3
11380640,1840,3428.24,11496.23
11380640,1900,3875.7799999999997,12410.16
11380640,1920,3230.8599999999997,11007.33
11380640,1940,3281.87,10582.01
11380640,20,9629.539999999999,30039.48
11380640,21,9876.11,27445.69
11380640,22,6560.32,17392.37
11380640,23,980.99,2924.04
11380650,00,1994.58,4806.26
11380650,01,4201.37,10726.67
11380650,02,3092.22,8237.98
11380650,03,2635.41,9120.2
11380650,04,2584.15,10839.67
11380650,05,3815.29,16348.01
11380650,06,5698.08,22460.91
11380650,0700,2882.9900000000002,9760.81
11380650,0720,3013.31,10606.62
11380650,0740,3142.06,11704.25
11380650,0800,3470.26,13325.49
11380650,0820,3495.13,14135.72
11380650,0840,2759.74,11531.99
11380650,0900,2753.82,10958.55
11380650,0920,2653.95,11291.53
11380650,0940,2415.92,10854.96
11380650,10,7639.38,33054.659999999996
11380650,11,9870.68,37390.09
11380650,12,10742.11,45463.03
11380650,13,10629.22,45786.19
11380650,14,11575.43,47958.840000000004
11380650,15,13234.17,53297.08
11380650,16,15709.630000000001,59088.94
11380650,1700,7140.16,23415.03
11380650,1720,7095.51,22317.39
11380650,1740,7160.29,22560.079999999998
11380650,1800,10088.05,29853.829999999998
11380650,1820,6957.55,21285.37
11380650,1840,5950.7,18347.31
11380650,1900,6359.34,19556.12
11380650,1920,5396.34,17290.62
11380650,1940,6187.32,17707.81
11380650,20,17198.52,48904.57
11380650,21,15957.47,42961.54
11380650,22,10436.19,27134.75
11380650,23,1575.31,4649.92
11380690,00,4365.29,11330.55
11380690,01,8763.960000000001,24539.08
11380690,02,6451.3099999999995,17906.42
11380690,03,5204.54,16400.87
11380690,04,5549.43,22076.34
11380690,05,10601.47,45567.76
11380690,06,20720.87,90905.93
11380690,0700,9261.23,45217.05
11380690,0720,10191.5,54597.38
11380690,0740,10116.8,58213.979999999996
11380690,0800,10752.23,62236.2
11380690,0820,11265.36,64160.65
11380690,0840,10386.4,50024.43
11380690,0900,9561.04,50431.01
11380690,0920,10355.27,54243.43
11380690,0940,9469.36,51004.58
11380690,10,30968.41,158172.33
11380690,11,35701.23,173346.37
11380690,12,39863.06,196771.82
11380690,13,42623.71,203020.34
11380690,14,42754.7,206765.62
11380690,15,43542.09,213192.39
11380690,16,47946.42,221590.34
11380690,1700,20224.77,79028.11
11380690,1720,20398.88,75279.01
11380690,1740,20369.7,75436.75
11380690,1800,30122.89,96793.57
11380690,1820,18857.21,69384.44
11380690,1840,17123.69,64029.68
11380690,1900,17881.26,64088.47
11380690,1920,15453.13,56100.23
11380690,1940,14525.73,51636.32
11380690,20,45120.29,146892.01
11380690,21,39747.99,124817.84
11380690,22,22331.61,72978.6
11380690,23,3518.79,11366.83
11410520,00,1291.21,3567.2200000000003
11410520,01,2536.71,7290.65
11410520,02,2046.74,5582.33
11410520,03,1521.99,4947.64
11410520,04,1489.3799999999999,5836.04
11410520,05,2332.69,9361.99
11410520,06,4854.71,18043.87
11410520,0700,2414.28,8429.86
11410520,0720,2893.14,9604.58
11410520,0740,2739.8,10364.64
11410520,0800,2519.2,10224.22
11410520,0820,2088.25,9552.02
11410520,0840,1748.3600000000001,8772.97
11410520,0900,1523.85,9241.72
11410520,0920,1487.93,9031.69
11410520,0940,1457.57,9346.03
11410520,10,4995.96,25641.4
11410520,11,6203.43,28995.52
11410520,12,7580.5199999999995,32854.69
11410520,13,7122.92,33224.01
11410520,14,7353.29,35875.79
11410520,15,8334.86,38067.85
11410520,16,9710.13,41336.14
11410520,1700,4628.07,15502.69
11410520,1720,4291.68,15021.960000000001
11410520,1740,4474.68,15079.57
11410520,1800,6989.7,20999.07
11410520,1820,4613.51,14251.029999999999
11410520,1840,4304.21,13602.5
11410520,1900,4493.82,13739.26
11410520,1920,3841.95,12070.62
11410520,1940,3803.56,12105.04
11410520,20,12503.99,36201.2
11410520,21,11213.68,32775.83
11410520,22,7512.59,21512.32
11410520,23,1039.45,3723.9900000000002
11410555,00,1013.16,2397.33
11410555,01,2266.68,5471.76
11410555,02,1719.97,4233.28
11410555,03,1356.0,3682.14
11410555,04,1463.65,4648.650000000001
11410555,05,2853.0699999999997,11390.96
11410555,06,6215.65,23850.739999999998
11410555,0700,3152.55,9263.85
11410555,0720,2699.11,9688.98
11410555,0740,3317.49,11516.51
11410555,0800,3156.72,11303.39
11410555,0820,2301.52,8522.37
11410555,0840,1604.89,6622.97
11410555,0900,1424.91,6634.0199999999995
11410555,0920,1469.82,6658.43
11410555,0940,1237.43,6514.89
11410555,10,3795.55,17277.19
11410555,11,4617.64,17865.88
11410555,12,8946.949999999999,28794.26
11410555,13,6292.84,24292.15
11410555,14,5631.0,24755.02
11410555,15,6268.79,27117.15
11410555,16,8153.28,30692.24
11410555,1700,3824.52,12085.1
11410555,1720,3660.58,11374.88
11410555,1740,3508.02,11188.28
11410555,1800,5926.82,16408.11
11410555,1820,4207.93,11778.88
11410555,1840,3533.62,10419.88
11410555,1900,3635.71,10108.960000000001
11410555,1920,3124.02,8922.32
11410555,1940,3248.84,9096.61
11410555,20,9521.08,25654.5
11410555,21,8502.69,22318.1
11410555,22,5504.23,13474.4
11410555,23,802.71,2331.3
11410565,00,2840.35,6143.85
11410565,01,6084.67,13544.91
11410565,02,4923.5,11497.72
11410565,03,3848.9,10829.34
11410565,04,4745.81,18249.84
11410565,05,17796.28,65114.86
11410565,06,70088.61,194023.31
11410565,0700,46805.76,109959.68000000001
11410565,0720,56738.82,127880.02
11410565,0740,60996.76,129323.45999999999
11410565,0800,59384.46,118002.22
11410565,0820,39924.23,86978.62
11410565,0840,26847.15,66161.51
11410565,0900,22275.61,56359.81
11410565,0920,17410.47,48406.38
11410565,0940,14495.44,42866.29
11410565,10,42359.79,124707.01
11410565,11,66956.83,174631.54
11410565,12,89724.45,221938.76
11410565,13,58487.57,164172.79
11410565,14,39691.02,122195.9
11410565,15,34380.83,109256.2
11410565,16,35865.33,107316.64
11410565,1700,14828.59,39384.94
11410565,1720,14162.68,38081.26
11410565,1740,14513.36,38979.41
11410565,1800,23244.94,54719.12
11410565,1820,14858.39,36987.38
11410565,1840,11870.42,30656.54
11410565,1900,11472.61,28925.97
11410565,1920,9538.16,24508.38
11410565,1940,9338.29,22873.46
11410565,20,26503.29,63751.96
11410565,21,23173.6,52710.8
11410565,22,14477.21,32066.44
11410565,23,2174.77,5408.15
11410585,00,7939.97,11406.83
11410585,01,16422.9,24164.9
11410585,02,13202.4,19757.13
11410585,03,10072.28,17067.89
11410585,04,11208.45,27665.32
11410585,05,22758.31,67537.96
11410585,06,60587.13,156027.13
11410585,0700,34650.51,80287.99
11410585,0720,44004.94,92014.54000000001
11410585,0740,52150.18,101906.56
11410585,0800,60749.11,112785.98
11410585,0820,64664.79,118790.68
11410585,0840,62519.0,113191.38
11410585,0900,60216.88,112980.84
11410585,0920,54620.840000000004,102502.64
11410585,0940,53488.92,97332.06
11410585,10,156819.95,295248.09
11410585,11,171522.54,307072.35
11410585,12,203975.8,362100.32
11410585,13,179028.4,328168.11
11410585,14,141547.12,256922.36
11410585,15,137123.26,246936.58
11410585,16,151077.0,262196.78
11410585,1700,57895.6,93915.96
11410585,1720,58567.29,92577.26
11410585,1740,65757.88,101727.06
11410585,1800,76747.72,116575.24
11410585,1820,54888.57,84402.23
11410585,1840,49815.39,74920.62
11410585,1900,44352.29,66395.1
11410585,1920,36457.35,54954.73
11410585,1940,35070.45,51670.63
11410585,20,92673.62,135385.71
11410585,21,74927.53,107140.59999999999
11410585,22,46956.11,66796.44
11410585,23,7736.47,11162.11
11410615,00,5518.13,9942.6
11410615,01,11420.04,21587.36
11410615,02,8510.53,16494.33
11410615,03,6740.35,13447.42
11410615,04,6189.95,17262.28
11410615,05,9486.91,32636.75
11410615,06,16444.14,62355.03
11410615,0700,8070.2300000000005,29803.3
11410615,0720,9721.86,31697.56
11410615,0740,10703.42,34037.22
11410615,0800,12191.869999999999,40277.26
11410615,0820,12855.23,39707.72
11410615,0840,11152.63,33698.82
11410615,0900,10720.91,33462.46
11410615,0920,9829.49,32993.08
11410615,0940,9855.42,31692.68
11410615,10,32729.68,102459.78
11410615,11,41096.81,116504.48
11410615,12,47657.97,128206.57
11410615,13,44717.01,121387.56
11410615,14,42442.56,117145.94
11410615,15,42296.37,119122.11
11410615,16,45826.57,124157.63
11410615,1700,17364.1,44341.65
11410615,1720,17323.8,43870.08
11410615,1740,18446.87,43812.01
11410615,1800,23938.329999999998,53470.05
11410615,1820,17462.54,39989.45
11410615,1840,15862.26,36812.07
11410615,1900,15931.42,36513.49
11410615,1920,13495.57,31213.15
11410615,1940,13824.76,31111.11
11410615,20,41405.229999999996,88194.64
11410615,21,38994.25,77653.12
11410615,22,28334.0,51571.51
11410615,23,4136.87,8276.55
11410620,00,2099.03,5054.31
11410620,01,4172.15,11404.02
11410620,02,3284.28,8742.289999999999
11410620,03,2290.02,7249.59
11410620,04,2463.34,9258.62
11410620,05,3742.0,15719.07
11410620,06,6036.67,26546.67
11410620,0700,2686.05,12079.54
11410620,0720,2885.48,14215.24
11410620,0740,3261.37,15568.22
11410620,0800,3834.97,17242.170000000002
11410620,0820,3461.37,16938.03
11410620,0840,3209.88,14735.16
11410620,0900,3058.11,14755.14
11410620,0920,3252.63,15637.12
11410620,0940,2829.17,14741.2
11410620,10,8715.05,46111.11
11410620,11,9895.33,49352.8
11410620,12,11391.43,57450.7
11410620,13,12043.56,59396.07
11410620,14,12750.9,64238.11
11410620,15,14377.95,70613.93000000001
11410620,16,17023.29,75027.9
11410620,1700,7186.5,28168.239999999998
11410620,1720,7351.13,27034.41
11410620,1740,8147.46,27867.14
11410620,1800,12650.83,37337.62
11410620,1820,7871.87,24932.96
11410620,1840,7156.72,23002.48
11410620,1900,7290.32,23861.95
11410620,1920,6462.45,20912.52
11410620,1940,6487.2,20091.3
11410620,20,18953.26,57488.7
11410620,21,18293.079999999998,49379.46
11410620,22,11436.75,30401.09
11410620,23,1505.25,4785.47
11410640,00,1578.72,4121.48
11410640,01,3758.11,10494.02
11410640,02,2830.81,8591.59
11410640,03,2254.7,7425.64
11410640,04,2150.78,8769.78
11410640,05,3012.72,13474.42
11410640,06,5089.86,22384.86
11410640,0700,2665.2,10527.82
11410640,0720,3733.24,14001.7
11410640,0740,4011.18,16011.88
11410640,0800,4206.53,18705.92
11410640,0820,3725.37,19910.33
11410640,0840,3527.88,15890.69
11410640,0900,3185.03,15266.51
11410640,0920,3273.91,15780.17
11410640,0940,3067.33,15268.0
11410640,10,8967.16,43794.0
11410640,11,9445.34,44512.03
11410640,12,10750.66,48776.04
11410640,13,10777.76,51567.58
11410640,14,11566.29,55540.96
11410640,15,12104.73,58918.79
11410640,16,14652.27,61906.81
11410640,1700,6218.48,22839.68
11410640,1720,6325.09,22475.24
11410640,1740,6337.13,22197.93
11410640,1800,10180.48,29314.69
11410640,1820,6642.349999999999,20386.75
11410640,1840,5448.2699999999995,19218.29
11410640,1900,5840.73,19325.4
11410640,1920,5055.72,16354.65
11410640,1940,4833.38,15507.03
11410640,20,14959.08,44414.2
11410640,21,13207.6,36031.229999999996
11410640,22,8813.68,23308.48
11410640,23,1319.61,4365.63
11410655,00,741.8199999999999,2448.04
11410655,01,1668.1200000000001,5638.19
11410655,02,1259.76,3885.41
11410655,03,1015.87,3455.58
11410655,04,1023.84,4740.92
11410655,05,1745.49,7131.93
11410655,06,2075.99,10116.69
11410655,0700,939.52,4361.75
11410655,0720,1103.57,4840.74
11410655,0740,1261.49,5544.02
11410655,0800,1371.14,6141.56
11410655,0820,1293.91,6715.57
11410655,0840,989.88,5424.07
11410655,0900,879.6,5337.52
11410655,0920,853.46,5641.52
11410655,0940,950.21,5508.31
11410655,10,3425.11,17112.13
11410655,11,3694.63,17428.53
11410655,12,4354.96,20531.43
11410655,13,4196.68,21551.62
11410655,14,4866.1,24604.53
11410655,15,5532.94,27153.989999999998
11410655,16,6441.59,28352.81
11410655,1700,2884.5,10890.4
11410655,1720,3119.86,10939.34
11410655,1740,3298.12,10969.0
11410655,1800,5919.58,15699.42
11410655,1820,3434.34,10921.16
11410655,1840,2881.66,10161.66
11410655,1900,3049.69,10331.18
11410655,1920,2421.89,8386.11
11410655,1940,2594.02,8543.12
11410655,20,8041.67,24893.8
11410655,21,7483.68,21949.64
11410655,22,4881.47,14343.96
11410655,23,545.9,2207.34
11410660,00,1925.67,5132.04
11410660,01,4125.73,12040.55
11410660,02,3136.96,9722.12
11410660,03,2337.0,7856.92
11410660,04,2299.64,8958.68
11410660,05,2759.01,13248.44
11410660,06,3548.17,18447.18
11410660,0700,1474.32,7303.82
11410660,0720,1779.97,7942.05
11410660,0740,1720.32,8504.11
11410660,0800,1711.24,9257.66
11410660,0820,1604.23,10501.31
11410660,0840,1694.35,8811.52
11410660,0900,1530.25,8691.45
11410660,0920,1334.93,8363.15
11410660,0940,1515.61,8822.28
11410660,10,5342.4,28624.7
11410660,11,5901.64,29956.39
11410660,12,6819.18,35181.69
11410660,13,6948.78,38473.57
11410660,14,7856.67,43202.75
11410660,15,9213.5,49846.65
11410660,16,12241.47,54165.69
11410660,1700,5863.51,21363.72
11410660,1720,5629.08,20607.74
11410660,1740,6042.93,20531.9
11410660,1800,9220.6,28938.22
11410660,1820,6370.91,20107.12
11410660,1840,5489.71,18556.35
11410660,1900,5624.75,18659.83
11410660,1920,5121.46,16466.61
11410660,1940,4946.81,16047.98
11410660,20,15526.33,46841.76
11410660,21,13639.83,41225.36
11410660,22,8755.59,26320.96
11410660,23,1211.93,4469.2300000000005
11410685,00,2687.42,6729.18
11410685,01,5616.95,14788.12
11410685,02,4275.73,11327.47
11410685,03,3202.55,9058.81
11410685,04,2722.84,11004.5
11410685,05,3859.16,15925.470000000001
11410685,06,7764.2300000000005,36079.7
11410685,0700,4122.56,20979.31
11410685,0720,4915.37,26932.85
11410685,0740,5773.23,25858.05
11410685,0800,5610.29,23384.170000000002
11410685,0820,5594.0,20353.61
11410685,0840,4573.35,15855.06
11410685,0900,3754.64,15440.05
11410685,0920,3986.03,15459.94
11410685,0940,3542.04,14629.57
11410685,10,9805.89,42902.29
11410685,11,12269.18,49869.91
11410685,12,14476.31,58870.57
11410685,13,14261.289999999999,59904.92
11410685,14,13399.07,61555.37
11410685,15,14159.55,65842.76
11410685,16,16570.53,70205.77
11410685,1700,6489.6,25863.97
11410685,1720,6531.0199999999995,24370.6
11410685,1740,6883.44,24083.35
11410685,1800,9765.18,30742.22
11410685,1820,6394.75,23595.63
11410685,1840,6141.3,22034.7
11410685,1900,6591.29,21880.83
11410685,1920,5695.44,19927.98
11410685,1940,6031.95,19380.53
11410685,20,18146.9,55678.83
11410685,21,17426.38,49163.05
11410685,22,11045.99,31170.78
11410685,23,1681.61,5537.51
11410690,00,1224.69,3221.43
11410690,01,2322.23,6645.84
11410690,02,2075.0,6151.93
11410690,03,1505.78,4466.15
11410690,04,1241.15,5335.73
11410690,05,1532.11,7707.6
11410690,06,3026.86,13973.68
11410690,0700,1447.01,6286.28
11410690,0720,2024.35,7296.6
11410690,0740,1607.26,7453.53
11410690,0800,1962.87,8865.62
11410690,0820,1765.69,10495.74
11410690,0840,1664.8,8851.47
11410690,0900,1869.04,9167.15
11410690,0920,1526.59,8381.79
11410690,0940,1505.53,7554.88
11410690,10,4665.68,23655.55
11410690,11,5017.5,24640.34
11410690,12,5988.12,28603.46
11410690,13,6634.76,32901.09
11410690,14,6870.05,36751.97
11410690,15,7438.78,39904.63
11410690,16,9220.08,41914.0
11410690,1700,4120.77,15719.66
11410690,1720,3809.74,15201.16
11410690,1740,3942.35,15185.78
11410690,1800,5792.58,18655.62
11410690,1820,3778.05,13749.75
11410690,1840,3520.87,12775.87
11410690,1900,3530.58,12577.25
11410690,1920,3241.29,11472.64
11410690,1940,3040.16,10606.42
11410690,20,8995.83,30244.87
11410690,21,7582.21,25645.88
11410690,22,4784.56,16645.81
11410690,23,752.23,2745.04
11410700,00,3102.79,7362.2699999999995
11410700,01,6237.04,15147.9
11410700,02,4719.62,11941.92
11410700,03,3515.43,9280.39
11410700,04,3190.45,10719.17
11410700,05,3770.54,15760.73
11410700,06,7571.26,30726.46
11410700,0700,5180.41,16787.91
11410700,0720,6484.97,19481.73
11410700,0740,7397.64,23952.91
11410700,0800,7855.07,28935.88
11410700,0820,9187.98,34378.91
11410700,0840,9811.23,28432.79
11410700,0900,8666.97,24456.85
11410700,0920,8399.35,24163.81
11410700,0940,8270.1,23580.0
11410700,10,24838.02,72319.46
11410700,11,29893.99,81413.98
11410700,12,27039.04,82525.16
11410700,13,27663.0,87679.4
11410700,14,28215.22,93895.23
11410700,15,23908.77,90857.78
11410700,16,29112.03,100216.41
11410700,1700,11176.65,36528.48
11410700,1720,11808.8,36548.86
11410700,1740,12625.67,37045.24
11410700,1800,14624.76,42870.61
11410700,1820,10441.69,31253.45
11410700,1840,9523.04,29543.17
11410700,1900,9513.31,28361.02
11410700,1920,8577.38,25861.67
11410700,1940,8210.56,24770.25
11410700,20,24820.45,68737.37
11410700,21,23099.14,59470.53
11410700,22,15505.31,38294.62
11410700,23,2464.29,6319.4
11410710,00,1368.72,4021.2999999999997
11410710,01,2687.13,8802.6
11410710,02,2081.34,7148.58
11410710,03,1481.16,5647.44
11410710,04,1257.8,6516.01
11410710,05,1807.41,10468.74
11410710,06,2913.08,18587.38
11410710,0700,1340.72,9385.83
11410710,0720,1620.56,11160.79
11410710,0740,1552.73,10185.5
11410710,0800,1703.9,10546.31
11410710,0820,1526.4,11412.36
11410710,0840,1466.23,8099.26
11410710,0900,1595.17,8016.15
11410710,0920,1370.24,7821.04
11410710,0940,1386.45,7827.82
11410710,10,4044.44,23605.21
11410710,11,4586.2,25403.22
11410710,12,5346.21,28853.53
11410710,13,5559.17,31895.18
11410710,14,6395.87,37354.33
11410710,15,6697.4,40971.83
11410710,16,8908.04,45943.97
11410710,1700,3834.62,18155.05
11410710,1720,3897.26,17141.96
11410710,1740,4003.89,16688.9
11410710,1800,5720.72,21924.11
11410710,1820,3792.87,15781.83
11410710,1840,3531.24,15215.45
11410710,1900,3595.98,14594.55
11410710,1920,3133.66,13297.0
11410710,1940,3148.6,12828.06
11410710,20,9584.63,37972.270000000004
11410710,21,9203.54,34427.11
11410710,22,6192.92,22069.09
11410710,23,876.63,3610.82
11410720,00,3100.33,7506.36
11410720,01,6395.4400000000005,17000.36
11410720,02,4618.4,12301.86
11410720,03,3611.0,11396.699999999999
11410720,04,3384.16,13072.63
11410720,05,4187.48,19729.54
11410720,06,6057.18,31272.78
11410720,0700,2606.04,14424.57
11410720,0720,3287.11,16860.91
11410720,0740,3633.29,18864.29
11410720,0800,3888.09,20631.37
11410720,0820,3676.26,20752.37
11410720,0840,3477.2599999999998,16416.49
11410720,0900,3530.25,17168.01
11410720,0920,3577.29,17672.56
11410720,0940,3332.39,16664.3
11410720,10,11297.03,52550.04
11410720,11,12167.56,56685.18
11410720,12,13697.41,63510.3
11410720,13,14580.69,67223.41
11410720,14,15782.49,74926.87
11410720,15,16969.36,82084.41
11410720,16,21124.9,91013.81
11410720,1700,8781.42,33845.77
11410720,1720,8738.15,32496.079999999998
11410720,1740,9576.710000000001,33371.23
11410720,1800,14755.05,42721.67
11410720,1820,8888.18,29953.41
11410720,1840,8147.25,27301.89
11410720,1900,9005.99,27986.27
11410720,1920,8068.82,25200.559999999998
11410720,1940,7736.03,23906.22
11410720,20,23641.97,67531.77
11410720,21,21714.38,59110.47
11410720,22,14232.18,37801.7
11410720,23,2057.2,6738.4400000000005
11440555,00,2676.05,6632.49
11440555,01,6169.78,16106.41
11440555,02,4651.89,13022.36
11440555,03,3648.84,10818.66
11440555,04,3850.9700000000003,13841.75
11440555,05,5959.5,26255.04
11440555,06,14061.85,59235.69
11440555,0700,9501.49,31716.32
11440555,0720,12344.71,36408.54
11440555,0740,12724.69,39221.09
11440555,0800,10988.22,37298.82
11440555,0820,9596.24,30398.36
11440555,0840,7786.37,25449.25
11440555,0900,7033.97,24292.49
11440555,0920,5626.63,21810.82
11440555,0940,5315.22,20356.69
11440555,10,15561.76,57240.11
11440555,11,17746.23,60762.89
11440555,12,20926.76,74059.33
11440555,13,19130.27,72301.34
11440555,14,19430.42,73435.91
11440555,15,20402.61,78768.76
11440555,16,24305.61,83967.75
11440555,1700,11341.24,33862.22
11440555,1720,11462.59,33216.68
11440555,1740,12656.8,35044.29
11440555,1800,18416.74,46603.75
11440555,1820,12217.02,32634.170000000002
11440555,1840,10612.53,30038.170000000002
11440555,1900,10954.84,30018.45
11440555,1920,8974.34,25446.03
11440555,1940,9224.34,25346.18
11440555,20,26092.65,70536.76
11440555,21,24014.94,61640.45
11440555,22,15492.98,40950.43
11440555,23,2264.13,6562.57
11440565,00,3860.57,8095.26
11440565,01,8354.44,19055.96
11440565,02,6303.52,14716.63
11440565,03,4919.08,12869.8
11440565,04,5029.33,16400.08
11440565,05,9773.47,36041.31
11440565,06,17148.27,60001.58
11440565,0700,10146.07,29167.29
11440565,0720,12970.31,35082.75
11440565,0740,14624.52,37930.34
11440565,0800,14578.58,40830.32
11440565,0820,12818.22,38177.62
11440565,0840,10433.85,32559.28
11440565,0900,9380.03,28776.88
11440565,0920,7533.23,25457.12
11440565,0940,6983.74,24597.38
11440565,10,20176.41,73523.35
11440565,11,24246.42,84381.7
11440565,12,27900.260000000002,94304.39
11440565,13,25603.37,89456.33
11440565,14,24262.46,88140.65
11440565,15,25977.56,96170.43
11440565,16,32586.54,106519.34
11440565,1700,15169.53,43327.87
11440565,1720,15201.48,41960.5
11440565,1740,16365.880000000001,43535.48
11440565,1800,26183.43,59146.11
11440565,1820,16301.76,39760.11
11440565,1840,14674.56,36286.35
11440565,1900,14610.47,35414.63
11440565,1920,12233.54,30711.23
11440565,1940,12491.76,30557.49
11440565,20,36439.53,84963.32
11440565,21,33254.520000000004,74871.69
11440565,22,21381.96,48030.05
11440565,23,3094.96,7739.9400000000005
11440585,00,2057.31,4034.69
11440585,01,3731.9500000000003,8210.62
11440585,02,2674.7,6152.44
11440585,03,2363.71,5356.05
11440585,04,2015.66,6389.13
11440585,05,4734.87,16993.84
11440585,06,13397.56,43462.28
11440585,0700,9747.76,24791.77
11440585,0720,13975.51,31799.59
11440585,0740,16286.52,35492.78
11440585,0800,14165.69,34574.92
11440585,0820,11293.95,30122.14
11440585,0840,8303.13,25363.82
11440585,0900,6886.58,21898.57
11440585,0920,6077.95,20076.4
11440585,0940,5662.45,19278.96
11440585,10,17189.55,60544.49
11440585,11,21362.34,68160.38
11440585,12,21877.78,68994.23
11440585,13,20489.36,66761.72
11440585,14,19733.14,64665.5
11440585,15,21253.9,71170.56
11440585,16,26274.22,82820.96
11440585,1700,12380.539999999999,34781.99
11440585,1720,13039.61,33861.75
11440585,1740,12933.63,32995.75
11440585,1800,19685.53,44440.96
11440585,1820,13272.710000000001,30062.42
11440585,1840,10563.85,25107.44
11440585,1900,9738.6,22997.08
11440585,1920,8470.98,19852.87
11440585,1940,7779.29,18931.76
11440585,20,22600.0,52409.93
11440585,21,19378.5,44152.11
11440585,22,12564.17,27377.05
11440585,23,1840.8,4437.36
11440590,00,1580.02,4189.94
11440590,01,3151.52,7971.77
11440590,02,2155.17,6137.06
11440590,03,1764.67,5195.23
11440590,04,1676.93,6792.0
11440590,05,4220.83,18649.84
11440590,06,13052.02,45122.88
11440590,0700,9080.43,24875.55
11440590,0720,11899.27,29313.95
11440590,0740,13098.92,31796.05
11440590,0800,13090.56,31566.13
11440590,0820,9217.91,29895.72
11440590,0840,6753.42,21839.23
11440590,0900,5968.4,20012.739999999998
11440590,0920,5343.7,18356.01
11440590,0940,4775.73,17428.18
11440590,10,12646.72,50404.9
11440590,11,16188.77,61450.71
11440590,12,17795.71,67171.93
11440590,13,15624.98,61075.56
11440590,14,14910.85,60321.09
11440590,15,15294.47,66670.13
11440590,16,19916.96,78676.45999999999
11440590,1700,9094.66,32589.18
11440590,1720,9047.869999999999,31347.83
11440590,1740,9375.49,31526.49
11440590,1800,14165.43,39518.31
11440590,1820,8804.92,27791.58
11440590,1840,7502.22,23310.48
11440590,1900,7587.15,22191.71
11440590,1920,6199.6,19147.97
11440590,1940,6046.5,18445.67
11440590,20,17213.99,51086.36
11440590,21,14318.88,42368.89
11440590,22,9264.12,25848.89
11440590,23,1331.77,3736.5
11440600,00,3191.2,5592.74
11440600,01,6894.93,12323.04
11440600,02,4992.94,9889.64
11440600,03,4076.39,8603.98
11440600,04,4197.0,10606.29
11440600,05,7562.42,25507.14
11440600,06,20071.08,59869.91
11440600,0700,12177.02,35251.87
11440600,0720,17788.77,43399.68
11440600,0740,20456.79,47119.17
11440600,0800,22530.55,49738.91
11440600,0820,20993.52,47945.770000000004
11440600,0840,19361.02,43750.92
11440600,0900,19407.329999999998,43890.74
11440600,0920,18607.56,41782.09
11440600,0940,16067.56,36893.5
11440600,10,41862.79,100006.17
11440600,11,50330.21,111632.82
11440600,12,54236.729999999996,119143.66
11440600,13,52679.87,117667.83
11440600,14,48221.82,110268.03
11440600,15,38299.07,100333.16
11440600,16,45587.979999999996,111248.15
11440600,1700,16255.02,36570.8
11440600,1720,16828.86,37297.56
11440600,1740,18832.85,39776.27
11440600,1800,22737.94,45290.57
11440600,1820,16486.420000000002,34919.64
11440600,1840,15269.0,30961.65
11440600,1900,13830.74,27113.170000000002
11440600,1920,11637.66,23156.16
11440600,1940,11783.44,22494.39
11440600,20,31315.14,58470.06
11440600,21,26524.37,48449.64
11440600,22,17363.79,31416.18
11440600,23,3157.92,5930.97
11440610,00,1286.52,3265.61
11440610,01,2951.71,6570.74
11440610,02,2245.83,5498.92
11440610,03,1563.55,4494.36
11440610,04,1729.68,5768.9
11440610,05,3171.64,15788.14
11440610,06,10465.69,46586.35
11440610,0700,7818.7,24099.31
11440610,0720,8173.5199999999995,23258.7
11440610,0740,8313.289999999999,21297.46
11440610,0800,7661.09,20446.14
11440610,0820,6764.31,18244.31
11440610,0840,5943.41,16180.11
11440610,0900,5600.71,15738.039999999999
11440610,0920,5710.01,14823.29
11440610,0940,5516.7,14813.19
11440610,10,18209.78,47216.77
11440610,11,26133.3,60710.49
11440610,12,31168.31,75922.59
11440610,13,28581.83,68410.16
11440610,14,29295.11,68547.5
11440610,15,28464.06,69423.0
11440610,16,29766.25,74399.27
11440610,1700,11237.53,26661.85
11440610,1720,11670.36,26055.69
11440610,1740,12088.51,27197.7
11440610,1800,15293.77,33452.43
11440610,1820,10936.85,23664.21
11440610,1840,9553.81,21405.98
11440610,1900,8869.47,20177.53
11440610,1920,7896.4,17493.17
11440610,1940,7769.63,17793.75
11440610,20,20248.37,46085.25
11440610,21,13060.93,34006.0
11440610,22,7396.0599999999995,21288.61
11440610,23,1048.34,3079.54
11440630,00,1989.16,4378.42
11440630,01,3419.14,8270.77
11440630,02,2459.8,5935.2
11440630,03,1769.97,4843.82
11440630,04,1719.16,6770.47
11440630,05,3348.36,14423.5
11440630,06,6697.6900000000005,23957.2
11440630,0700,3806.42,12780.19
11440630,0720,4309.46,13764.53
11440630,0740,4812.95,15046.76
11440630,0800,5198.01,17198.1
11440630,0820,4751.57,17069.84
11440630,0840,3650.63,13326.33
11440630,0900,2860.62,11420.11
11440630,0920,3095.05,13147.28
11440630,0940,2632.58,11496.42
11440630,10,7462.3099999999995,32581.4
11440630,11,9088.77,35265.08
11440630,12,11676.76,43022.37
11440630,13,11402.94,44199.42
11440630,14,11474.49,47033.66
11440630,15,11954.1,50010.979999999996
11440630,16,14541.69,55729.95
11440630,1700,6380.22,21275.58
11440630,1720,6169.39,20557.88
11440630,1740,6704.14,21677.68
11440630,1800,10391.82,29031.11
11440630,1820,6864.48,20599.67
11440630,1840,5956.67,18696.63
11440630,1900,6309.88,18291.2
11440630,1920,5371.65,15497.45
11440630,1940,5254.28,15965.24
11440630,20,15954.41,44301.4
11440630,21,14932.050000000001,40576.84
11440630,22,10264.08,25511.66
11440630,23,1528.55,4481.08
11440655,00,4523.18,7652.36
11440655,01,8302.26,14071.53
11440655,02,6981.64,11519.76
11440655,03,5058.19,8938.47
11440655,04,4172.83,10243.9
11440655,05,5870.3,20068.25
11440655,06,12811.98,33988.31
11440655,0700,8187.65,18326.72
11440655,0720,12046.21,24590.25
11440655,0740,15418.99,30393.49
11440655,0800,20638.27,38595.49
11440655,0820,23178.45,43406.81
11440655,0840,23361.29,41418.65
11440655,0900,24626.309999999998,42446.33
11440655,0920,20925.36,37738.34
11440655,0940,17622.65,32772.47
11440655,10,44311.71,85658.02
11440655,11,49516.18,93544.59
11440655,12,63550.35,117550.01
11440655,13,60350.75,113097.21
11440655,14,47510.47,96273.89
11440655,15,45171.479999999996,97464.6
11440655,16,51626.78,109261.29
11440655,1700,20440.16,40607.55
11440655,1720,21138.93,40602.52
11440655,1740,21938.44,41274.450000000004
11440655,1800,27176.4,49214.41
11440655,1820,19862.8,36695.17
11440655,1840,17750.06,33644.36
11440655,1900,16819.79,32126.66
11440655,1920,14758.84,28514.28
11440655,1940,14483.08,28018.51
11440655,20,38297.72,74026.71
11440655,21,33180.64,62118.71
11440655,22,21734.94,39364.05
11440655,23,4020.23,7270.14
11440660,00,13330.29,19477.66
11440660,01,25349.66,37534.42
11440660,02,18979.16,28494.15
11440660,03,14322.41,22938.8
11440660,04,11632.73,24692.85
11440660,05,19209.74,53314.39
11440660,06,47840.69,118737.79
11440660,0700,30790.079999999998,69593.70999999999
11440660,0720,42487.98,88599.28
11440660,0740,53252.83,100935.2
11440660,0800,63968.1,115823.39
11440660,0820,63235.33,119145.51
11440660,0840,61259.06,112444.43
11440660,0900,63402.88,113937.05
11440660,0920,56300.98,105643.47
11440660,0940,51775.29,99205.29000000001
11440660,10,158231.15,302687.46
11440660,11,184514.27,334587.41
11440660,12,209705.52,376212.73
11440660,13,205452.09,365034.97
11440660,14,195616.15,342814.59
11440660,15,198604.71,345135.65
11440660,16,220005.62,375610.32
11440660,1700,87058.96,140638.58
11440660,1720,86975.97,138078.33
11440660,1740,88314.34,139236.97
11440660,1800,113345.31,168555.07
11440660,1820,82497.69,124391.48
11440660,1840,72607.58,109771.37
11440660,1900,69186.83,103123.04
11440660,1920,56506.88,85463.88
11440660,1940,50953.96,77048.67
11440660,20,135189.55,199688.07
11440660,21,100096.13,148092.55
11440660,22,59045.71,87203.07
11440660,23,10417.289999999999,15595.93
11440680,00,2929.49,4703.6
11440680,01,5677.35,9110.17
11440680,02,3998.0299999999997,6822.36
11440680,03,3191.2,6081.57
11440680,04,2973.5299999999997,7025.64
11440680,05,4533.33,15473.51
11440680,06,11041.98,32306.6
11440680,0700,7017.78,17470.01
11440680,0720,9417.39,22087.17
11440680,0740,11150.88,25552.63
11440680,0800,12837.04,29150.97
11440680,0820,12210.07,28107.1
11440680,0840,11328.35,25268.36
11440680,0900,10599.04,24411.52
11440680,0920,10127.33,23283.2
11440680,0940,9275.3,22714.69
11440680,10,30577.42,72544.07
11440680,11,38423.82,79792.8
11440680,12,46865.67,95383.88
11440680,13,41698.76,87177.31
11440680,14,39788.06,81926.95
11440680,15,42269.23,84661.99
11440680,16,51206.26,96260.91
11440680,1700,21566.41,38073.7
11440680,1720,21456.93,37346.55
11440680,1740,21197.89,36215.8
11440680,1800,30120.94,48994.82
11440680,1820,20839.76,33772.25
11440680,1840,17831.39,29367.26
11440680,1900,17551.35,28350.16
11440680,1920,14104.34,23215.26
11440680,1940,13112.49,21621.61
11440680,20,34431.57,56614.92
11440680,21,26256.84,44159.94
11440680,22,16322.48,27155.920000000002
11440680,23,3320.64,5119.72
11440690,00,2612.29,4845.61
11440690,01,5429.76,9598.28
11440690,02,3600.45,6631.91
11440690,03,2646.38,5228.43
11440690,04,2096.85,5948.49
11440690,05,2814.32,9808.78
11440690,06,4564.62,17103.82
11440690,0700,2438.17,8039.59
11440690,0720,3233.43,9675.2
11440690,0740,4306.16,12029.8
11440690,0800,5757.95,15000.86
11440690,0820,6055.76,17156.5
11440690,0840,6368.83,17311.21
11440690,0900,6041.69,16944.81
11440690,0920,6701.69,18480.6
11440690,0940,6368.93,17931.12
11440690,10,22336.45,59496.57
11440690,11,28771.39,69173.9
11440690,12,32766.3,74629.15
11440690,13,31799.06,74043.58
11440690,14,32524.75,76060.3
11440690,15,32175.62,78603.36
11440690,16,34406.02,82206.81
11440690,1700,13736.49,30285.86
11440690,1720,12647.42,28301.76
11440690,1740,13806.39,29322.69
11440690,1800,19022.14,37189.43
11440690,1820,13253.24,26814.25
11440690,1840,11439.09,24573.56
11440690,1900,11203.22,23199.71
11440690,1920,9662.45,20508.56
11440690,1940,9103.07,18944.84
11440690,20,24570.6,50492.63
11440690,21,21239.49,42547.71
11440690,22,14308.17,27875.48
11440690,23,2487.68,4758.68
11440700,00,1661.1200000000001,3678.96
11440700,01,3105.35,6886.78
11440700,02,2278.06,5047.81
11440700,03,1660.01,4258.11
11440700,04,1527.15,4976.2300000000005
11440700,05,1931.59,9144.59
11440700,06,3083.96,14810.09
11440700,0700,1299.7,5296.19
11440700,0720,1603.38,6629.41
11440700,0740,1872.36,8160.26
11440700,0800,2132.17,8486.03
11440700,0820,2318.58,10057.41
11440700,0840,2345.95,9584.33
11440700,0900,2630.85,9227.43
11440700,0920,2416.83,9265.97
11440700,0940,2327.57,9399.63
11440700,10,7898.71,29802.48
11440700,11,9702.98,33104.91
11440700,12,12034.16,39232.53
11440700,13,13697.76,43089.15
11440700,14,15102.45,46117.46
11440700,15,15386.74,49026.73
11440700,16,16379.01,51589.78
11440700,1700,6466.99,19069.98
11440700,1720,6268.82,18032.99
11440700,1740,6620.61,18779.09
11440700,1800,9362.98,24133.16
11440700,1820,6913.87,18058.98
11440700,1840,6404.75,16747.95
11440700,1900,6508.61,16941.57
11440700,1920,5295.41,14011.1
11440700,1940,5451.77,14177.49
11440700,20,16071.88,39775.52
11440700,21,14696.81,34190.77
11440700,22,9132.27,20894.34
11440700,23,1213.92,3216.2599999999998
11440710,00,3211.62,5499.12
11440710,01,6398.09,11911.18
11440710,02,4475.74,8144.23
11440710,03,3385.19,6759.36
11440710,04,2917.56,6621.7300000000005
11440710,05,4135.37,11284.01
11440710,06,8985.45,26264.44
11440710,0700,4638.85,12952.960000000001
11440710,0720,5868.92,14006.11
11440710,0740,6744.82,13209.36
11440710,0800,8904.5,16423.72
11440710,0820,7744.07,15819.04
11440710,0840,8425.210000000001,15449.4
11440710,0900,8215.0,15838.880000000001
11440710,0920,8214.46,15790.23
11440710,0940,8124.59,15460.24
11440710,10,25880.14,49057.04
11440710,11,32114.17,57918.95
11440710,12,36998.04,66238.74
11440710,13,35800.63,64508.56
11440710,14,34956.98,64770.28
11440710,15,36835.73,68042.49
11440710,16,43189.89,75687.97
11440710,1700,16289.67,28129.08
11440710,1720,15920.97,27049.84
11440710,1740,15960.369999999999,26950.89
11440710,1800,20866.46,34287.15
11440710,1820,15336.72,25131.0
11440710,1840,13671.220000000001,22844.05
11440710,1900,13265.08,21918.07
11440710,1920,10827.82,18502.45
11440710,1940,10273.84,17853.79
11440710,20,26361.73,46617.55
11440710,21,22489.97,39722.5
11440710,22,14740.27,26239.920000000002
11440710,23,2448.22,4680.76
11440720,00,2540.0,5144.82
11440720,01,5386.91,11026.12
11440720,02,3694.36,7496.59
11440720,03,2801.82,5998.57
11440720,04,2439.77,6431.12
11440720,05,3127.41,11736.53
11440720,06,6619.62,23438.93
11440720,0700,3862.68,12516.61
11440720,0720,4820.88,14685.25
11440720,0740,6312.24,16702.89
11440720,0800,6621.67,18704.78
11440720,0820,6604.23,19706.53
11440720,0840,6581.5,16652.12
11440720,0900,5431.98,15228.32
11440720,0920,5358.58,15829.0
11440720,0940,4766.67,13947.4
11440720,10,12919.35,39934.44
11440720,11,14262.6,42002.89
11440720,12,16726.61,48991.38
11440720,13,16669.5,49384.68
11440720,14,16362.13,49866.06
11440720,15,16683.33,54357.59
11440720,16,19600.6,59277.57
11440720,1700,8122.27,22913.29
11440720,1720,8019.72,21696.88
11440720,1740,8366.19,22004.16
11440720,1800,12962.960000000001,29575.79
11440720,1820,8360.86,20779.36
11440720,1840,7864.41,20021.89
11440720,1900,8816.04,19934.4
11440720,1920,6990.139999999999,16329.26
11440720,1940,6763.75,15842.130000000001
11440720,20,20470.48,45895.45
11440720,21,19069.67,42377.9
11440720,22,12763.1,26948.38
11440720,23,1860.71,4215.41
11440730,00,4538.44,8519.47
11440730,01,8791.69,17449.36
11440730,02,6652.78,13611.67
11440730,03,4943.92,11563.55
11440730,04,5043.35,14091.49
11440730,05,7844.9800000000005,26450.920000000002
11440730,06,16073.44,50971.28
11440730,0700,7644.42,23456.850000000002
11440730,0720,9066.42,26832.83
11440730,0740,9406.87,29576.670000000002
11440730,0800,10161.15,33771.72
11440730,0820,9183.36,33064.6
11440730,0840,6610.66,24611.55
11440730,0900,5998.09,24203.98
11440730,0920,5906.22,23896.760000000002
11440730,0940,5769.77,23724.35
11440730,10,18393.38,72023.77
11440730,11,22066.28,81943.98
11440730,12,27220.579999999998,97438.88
11440730,13,25672.73,96859.25
11440730,14,27003.48,99381.73
11440730,15,28261.29,102690.65
11440730,16,34531.64,110668.79
11440730,1700,16036.4,42716.22
11440730,1720,15218.78,40352.56
11440730,1740,15623.07,41460.26
11440730,1800,25196.45,56171.770000000004
11440730,1820,16713.88,39324.91
11440730,1840,14860.39,35952.02
11440730,1900,15929.47,36331.29
11440730,1920,13231.71,31652.079999999998
11440730,1940,13402.58,31657.12
11440730,20,39817.19,88202.96
11440730,21,36248.29,76430.94
11440730,22,23057.98,47770.62
11440730,23,3214.0,7322.27
11440740,00,3458.06,8261.04
11440740,01,7789.7300000000005,18917.89
11440740,02,6105.24,15020.67
11440740,03,5363.05,14828.43
11440740,04,6669.3,21535.44
11440740,05,17114.84,56005.96
11440740,06,61997.34,155797.24
11440740,0700,37122.04,85390.39
11440740,0720,46819.53,101754.69
11440740,0740,51610.6,105811.49
11440740,0800,51128.15,101769.34
11440740,0820,43322.1,91599.49
11440740,0840,34522.22,71047.09
11440740,0900,30404.96,63310.53
11440740,0920,24941.73,54802.69
11440740,0940,18659.04,45741.29
11440740,10,48298.2,127662.06999999999
11440740,11,56313.11,142790.83
11440740,12,68606.83,169882.12
11440740,13,55193.24,151933.87
11440740,14,42531.28,133072.98
11440740,15,41123.75,133427.29
11440740,16,41944.21,132954.84
11440740,1700,16919.83,48421.62
11440740,1720,16037.94,46595.7
11440740,1740,16320.46,46359.91
11440740,1800,23479.52,58380.29
11440740,1820,15422.69,41260.54
11440740,1840,13594.65,37766.63
11440740,1900,13533.72,37379.53
11440740,1920,11688.55,31916.6
11440740,1940,10583.12,30306.81
11440740,20,30614.850000000002,82869.04
11440740,21,26800.7,69975.62
11440740,22,17444.3,44930.75
11440740,23,3010.74,7684.39
11470510,00,2130.68,6682.81
11470510,01,4149.54,12656.92
11470510,02,2712.44,8533.02
11470510,03,1990.58,7200.07
11470510,04,2375.15,10937.57
11470510,05,5437.0,26956.37
11470510,06,16112.6,65446.89
11470510,0700,9500.68,34880.82
11470510,0720,11778.21,42392.79
11470510,0740,13742.87,45926.47
11470510,0800,14754.48,54081.06
11470510,0820,14817.789999999999,53908.03
11470510,0840,11560.789999999999,40069.54
11470510,0900,10929.42,38417.25
11470510,0920,10215.45,37752.95
11470510,0940,8576.1,35761.35
11470510,10,25736.32,106720.41
11470510,11,30356.23,121084.8
11470510,12,34052.89,140461.58
11470510,13,31868.51,142650.46
11470510,14,30379.41,137172.0
11470510,15,29381.170000000002,144719.12
11470510,16,34109.14,163941.73
11470510,1700,13588.96,60747.25
11470510,1720,13227.4,58464.02
11470510,1740,14035.53,57477.19
11470510,1800,18163.84,65905.72
11470510,1820,12915.28,49088.34
11470510,1840,11004.02,43689.840000000004
11470510,1900,10979.84,41924.81
11470510,1920,9620.34,36108.74
11470510,1940,9112.64,34145.33
11470510,20,25279.13,92271.14
11470510,21,20329.36,78206.18000000001
11470510,22,13280.71,50070.11
11470510,23,2381.83,8783.72
11470520,00,2737.12,5809.67
11470520,01,4538.7,10574.89
11470520,02,3417.35,7810.21
11470520,03,2521.06,6799.91
11470520,04,2220.4900000000002,8214.58
11470520,05,2551.26,12446.15
11470520,06,4428.15,21906.78
11470520,0700,2515.8,10285.11
11470520,0720,2913.41,12285.36
11470520,0740,2981.55,13804.25
11470520,0800,2979.52,16361.3
11470520,0820,2523.58,17509.76
11470520,0840,2240.23,11422.86
11470520,0900,1767.75,10602.42
11470520,0920,1755.48,10621.63
11470520,0940,2028.48,11066.16
11470520,10,6496.79,33571.02
11470520,11,7646.85,35880.21
11470520,12,9745.93,44092.17
11470520,13,10464.99,47429.73
11470520,14,11823.73,51692.91
11470520,15,12884.07,59891.21
11470520,16,16688.89,66113.64
11470520,1700,8308.76,26511.010000000002
11470520,1720,8050.96,25438.71
11470520,1740,8852.42,27107.02
11470520,1800,14816.17,38230.25
11470520,1820,8520.35,25290.68
11470520,1840,7865.12,23664.329999999998
11470520,1900,8025.45,23882.21
11470520,1920,7050.14,21384.829999999998
11470520,1940,7374.14,21726.11
11470520,20,21458.29,61439.73
11470520,21,21161.88,56738.41
11470520,22,14099.53,36785.090000000004
11470520,23,1911.92,5659.17
11470530,00,1447.77,3009.7
11470530,01,2581.71,5520.65
11470530,02,1798.86,4105.43
11470530,03,1590.16,3366.34
11470530,04,1226.41,4121.02
11470530,05,1986.71,8006.84
11470530,06,3322.65,13166.53
11470530,0700,1587.38,6550.18
11470530,0720,2064.84,7927.56
11470530,0740,2613.05,9351.67
11470530,0800,3072.15,10335.6
11470530,0820,2812.09,10853.92
11470530,0840,1864.17,9092.27
11470530,0900,1587.19,9603.19
11470530,0920,1500.49,9849.31
11470530,0940,1595.91,9043.19
11470530,10,4811.19,24375.97
11470530,11,5818.55,27079.51
11470530,12,7436.09,31914.920000000002
11470530,13,7460.75,33258.96
11470530,14,7775.49,34604.58
11470530,15,7932.89,36865.21
11470530,16,10124.75,40244.79
11470530,1700,4842.01,15410.96
11470530,1720,5036.6,15378.51
11470530,1740,4868.64,15490.98
11470530,1800,8411.14,21244.36
11470530,1820,4944.1,14266.61
11470530,1840,4264.76,12805.55
11470530,1900,4624.34,12751.42
11470530,1920,3912.75,11621.36
11470530,1940,4132.74,11583.63
11470530,20,12631.36,32893.76
11470530,21,10972.18,27917.43
11470530,22,7660.46,18415.5
11470530,23,1021.3199999999999,2738.92
11470540,00,1972.95,4618.21
11470540,01,3478.36,8233.1
11470540,02,2361.14,5914.45
11470540,03,1579.69,4653.21
11470540,04,1661.79,6738.65
11470540,05,1948.12,9197.15
11470540,06,3472.45,21918.9
11470540,0700,1802.21,10674.19
11470540,0720,2530.05,10664.05
11470540,0740,2733.44,11957.89
11470540,0800,3374.83,14772.95
11470540,0820,3112.19,16857.06
11470540,0840,2554.8,12962.77
11470540,0900,2634.87,12308.98
11470540,0920,2367.45,12009.31
11470540,0940,2171.37,11800.64
11470540,10,6981.61,35833.91
11470540,11,7877.77,36510.73
11470540,12,8791.67,42890.92
11470540,13,9847.58,47204.05
11470540,14,10577.8,52142.409999999996
11470540,15,11775.44,60172.81
11470540,16,13997.91,66037.58
11470540,1700,6099.48,23946.31
11470540,1720,6533.23,24067.94
11470540,1740,6913.26,24851.96
11470540,1800,10801.32,32435.43
11470540,1820,6387.29,23004.03
11470540,1840,5806.78,21300.28
11470540,1900,6084.74,21474.57
11470540,1920,5366.6,18897.6
11470540,1940,5390.8,18459.88
11470540,20,16996.48,53374.8
11470540,21,15800.77,49701.12
11470540,22,10678.539999999999,32240.96
11470540,23,1683.79,4625.05
11470550,00,2573.9,8096.13
11470550,01,5062.58,17217.71
11470550,02,3746.1,11953.55
11470550,03,2706.35,10421.54
11470550,04,2856.82,13527.2
11470550,05,6029.8,29732.92
11470550,06,15930.91,67421.84
11470550,0700,6856.89,34668.89
11470550,0720,8075.36,39840.86
11470550,0740,8426.34,38012.7
11470550,0800,8720.14,42152.5
11470550,0820,8302.51,44456.21
11470550,0840,6489.13,33444.08
11470550,0900,6324.22,32390.98
11470550,0920,5436.77,31014.98
11470550,0940,4956.97,30373.74
11470550,10,15343.8,84566.43
11470550,11,18854.59,95136.6
11470550,12,22374.98,117355.18
11470550,13,24492.0,125741.18
11470550,14,22224.670000000002,132125.74
11470550,15,22819.57,145471.78
11470550,16,24571.43,161094.31
11470550,1700,10223.53,56184.25
11470550,1720,8912.64,52635.77
11470550,1740,9135.81,53215.85
11470550,1800,12436.880000000001,61210.97
11470550,1820,9504.75,49231.24
11470550,1840,8761.25,47281.33
11470550,1900,8372.31,44842.99
11470550,1920,7490.39,37739.75
11470550,1940,7395.97,37583.02
11470550,20,22647.69,103533.65
11470550,21,21074.12,95798.5
11470550,22,13414.16,63189.06
11470550,23,2223.64,10379.49
11470560,00,1745.08,4248.29
11470560,01,3177.23,8005.03
11470560,02,2348.9,5953.72
11470560,03,1891.8999999999999,5579.5
11470560,04,1371.29,5642.45
11470560,05,1784.54,8652.75
11470560,06,3104.95,15701.84
11470560,0700,1372.1299999999999,7189.34
11470560,0720,1437.73,8095.22
11470560,0740,1860.3,9297.81
11470560,0800,1934.88,10262.19
11470560,0820,2015.91,11004.34
11470560,0840,1536.14,9741.82
11470560,0900,1692.76,9396.3
11470560,0920,1646.48,10080.79
11470560,0940,1574.53,9833.68
11470560,10,4661.68,29712.56
11470560,11,5582.45,33206.95
11470560,12,7007.56,37745.07
11470560,13,7196.42,40646.39
11470560,14,7667.0,41753.64
11470560,15,8276.35,44613.15
11470560,16,10241.86,48990.48
11470560,1700,4320.16,17924.28
11470560,1720,4486.03,17792.14
11470560,1740,4479.12,17826.79
11470560,1800,7434.78,23117.05
11470560,1820,4373.15,16328.06
11470560,1840,3931.72,14558.93
11470560,1900,4336.64,14698.210000000001
11470560,1920,3822.65,13017.82
11470560,1940,4021.22,13084.94
11470560,20,12108.28,37139.29
11470560,21,10741.49,31152.04
11470560,22,7101.06,20355.54
11470560,23,1166.69,3480.38
11470570,00,1259.63,3097.44
11470570,01,2289.78,5684.3
11470570,02,1481.91,3907.74
11470570,03,1094.98,3168.15
11470570,04,1041.97,4601.1
11470570,05,1457.22,7121.14
11470570,06,3287.63,15125.7
11470570,0700,1683.37,7156.21
11470570,0720,2454.79,8515.02
11470570,0740,2428.83,8610.15
11470570,0800,2536.17,9683.58
11470570,0820,2441.9500000000003,10636.61
11470570,0840,1755.87,7806.02
11470570,0900,1293.15,6908.43
11470570,0920,1259.65,7576.64
11470570,0940,1148.06,7067.51
11470570,10,3566.06,21822.21
11470570,11,4403.26,25366.3
11470570,12,5326.19,28315.26
11470570,13,5242.56,28941.04
11470570,14,6088.64,31522.21
11470570,15,6565.81,35025.9
11470570,16,8000.43,39036.37
11470570,1700,4006.41,15100.380000000001
11470570,1720,3900.9700000000003,14067.72
11470570,1740,3626.67,15018.94
11470570,1800,6028.16,18850.59
11470570,1820,3861.46,13163.36
11470570,1840,3452.26,12640.5
11470570,1900,3523.88,12982.49
11470570,1920,3296.79,10737.42
11470570,1940,3050.77,10616.9
11470570,20,9568.79,31169.44
11470570,21,8972.9,27042.72
11470570,22,5996.69,16860.2
11470570,23,859.29,2891.74
11470580,00,903.05,2079.28
11470580,01,1592.05,4077.28
11470580,02,1354.3600000000001,3043.17
11470580,03,999.1899999999999,3361.34
11470580,04,1036.3400000000001,4220.15
11470580,05,1368.53,6948.68
11470580,06,3359.51,20120.27
11470580,0700,1827.5900000000001,12807.07
11470580,0720,1700.4,9161.66
11470580,0740,1761.97,8180.33
11470580,0800,1486.6200000000001,8584.83
11470580,0820,1403.54,7685.76
11470580,0840,1012.27,5732.96
11470580,0900,1012.17,5050.03
11470580,0920,944.45,5186.16
11470580,0940,942.7,5175.76
11470580,10,2974.0,15014.18
11470580,11,3235.98,15332.44
11470580,12,3540.07,17759.39
11470580,13,3731.58,19099.65
11470580,14,4049.83,20047.73
11470580,15,4437.3,21418.79
11470580,16,5563.55,23481.31
11470580,1700,2809.87,8667.38
11470580,1720,2338.79,8139.18
11470580,1740,2775.85,8637.48
11470580,1800,4333.15,11200.69
11470580,1820,2626.76,7546.45
11470580,1840,2095.82,6739.59
11470580,1900,2323.99,7121.24
11470580,1920,2106.21,6325.16
11470580,1940,2175.45,6242.610000000001
11470580,20,7086.8,17958.72
11470580,21,6392.64,16626.85
11470580,22,4463.01,10264.49
11470580,23,710.69,1937.32
11470590,00,680.23,1893.46
11470590,01,1241.14,3459.14
11470590,02,859.49,2296.13
11470590,03,545.34,1722.91
11470590,04,489.19,2169.22
11470590,05,636.12,4061.82
11470590,06,1156.84,6492.73
11470590,0700,792.3,3257.8
11470590,0720,901.63,3660.86
11470590,0740,934.07,4632.35
11470590,0800,964.32,5454.86
11470590,0820,915.48,6954.2300000000005
11470590,0840,800.9,5274.74
11470590,0900,743.04,4613.67
11470590,0920,558.4300000000001,4694.98
11470590,0940,617.66,4630.83
11470590,10,2224.57,14682.56
11470590,11,2683.89,15494.7
11470590,12,3233.74,18164.01
11470590,13,3612.1,19030.52
11470590,14,4090.35,22678.82
11470590,15,4496.7,25263.25
11470590,16,5711.76,28862.78
11470590,1700,2840.23,10757.82
11470590,1720,2499.91,10128.89
11470590,1740,2513.48,10455.24
11470590,1800,4317.04,14348.01
11470590,1820,2764.28,9582.3
11470590,1840,2246.71,8593.29
11470590,1900,2459.71,8561.67
11470590,1920,2034.47,7255.53
11470590,1940,2117.69,7414.15
11470590,20,6546.92,21559.82
11470590,21,6238.79,18105.75
11470590,22,3430.83,11157.58
11470590,23,587.55,1843.46
11470600,00,1052.23,2074.5299999999997
11470600,01,1720.98,4015.2799999999997
11470600,02,1318.3,2797.34
11470600,03,895.3,2548.8
11470600,04,742.8399999999999,3239.63
11470600,05,1178.61,5300.8
11470600,06,2473.59,12335.98
11470600,0700,1487.82,6864.99
11470600,0720,1628.3799999999999,7953.5599999999995
11470600,0740,1826.2,8783.77
11470600,0800,2228.53,10168.9
11470600,0820,1603.86,8179.89
11470600,0840,977.46,5592.16
11470600,0900,930.14,5356.62
11470600,0920,961.95,5731.54
11470600,0940,1030.56,5798.12
11470600,10,2929.67,18069.42
11470600,11,3805.88,19543.08
11470600,12,4629.81,24581.56
11470600,13,4679.01,24608.27
11470600,14,5053.58,27039.5
11470600,15,5782.88,30196.29
11470600,16,7330.68,34245.01
11470600,1700,3177.7999999999997,13109.92
11470600,1720,3270.31,12747.78
11470600,1740,3245.21,12670.75
11470600,1800,5715.8099999999995,17065.28
11470600,1820,3305.99,11250.74
11470600,1840,2995.11,10652.97
11470600,1900,2984.21,10342.78
11470600,1920,2936.13,9849.08
11470600,1940,2437.36,8820.87
11470600,20,8009.95,26581.85
11470600,21,7515.75,21910.89
11470600,22,4537.65,12554.54
11470600,23,647.48,2040.56
11470610,00,887.91,2334.56
11470610,01,1316.05,3578.36
11470610,02,952.97,2747.11
11470610,03,746.28,2119.81
11470610,04,743.14,2489.59
11470610,05,1918.68,6887.63
11470610,06,6263.83,16690.13
11470610,0700,2717.03,7343.47
11470610,0720,3205.38,8677.9
11470610,0740,3434.9700000000003,9256.7
11470610,0800,3635.34,9700.94
11470610,0820,3099.52,9672.75
11470610,0840,2306.99,7942.62
11470610,0900,2236.98,7524.69
11470610,0920,1805.6200000000001,6863.87
11470610,0940,1544.07,7174.24
11470610,10,4342.37,19526.8
11470610,11,5335.72,22237.62
11470610,12,6831.28,25689.18
11470610,13,6358.6900000000005,27336.92
11470610,14,6356.7,29374.05
11470610,15,6867.14,31769.48
11470610,16,8747.14,36140.23
11470610,1700,3848.41,14518.5
11470610,1720,4010.35,14014.68
11470610,1740,4236.17,14271.88
11470610,1800,6315.78,18321.91
11470610,1820,3608.62,12275.32
11470610,1840,3440.46,11889.36
11470610,1900,3209.14,11664.54
11470610,1920,2957.04,10055.789999999999
11470610,1940,2974.89,10161.64
11470610,20,8857.08,28047.78
11470610,21,7520.65,23817.579999999998
11470610,22,4892.6,14729.210000000001
11470610,23,697.55,2510.75
11470611,00,1164.26,2858.59
11470611,01,2424.07,5471.95
11470611,02,1686.69,4396.73
11470611,03,1225.27,3662.56
11470611,04,943.36,4445.83
11470611,05,1787.96,9243.69
11470611,06,2632.34,15456.15
11470611,0700,1516.32,6811.0
11470611,0720,1646.8700000000001,8542.49
11470611,0740,1730.53,10630.03
11470611,0800,1690.81,13064.23
11470611,0820,1379.79,11554.55
11470611,0840,1315.09,8635.11
11470611,0900,1251.11,9373.78
11470611,0920,1328.85,9510.2
11470611,0940,1358.8,8432.13
11470611,10,4277.26,27764.68
11470611,11,4769.33,28907.66
11470611,12,5826.6900000000005,34399.23
11470611,13,5673.73,34291.68
11470611,14,5999.51,36960.65
11470611,15,6769.85,39703.75
11470611,16,9262.22,46249.72
11470611,1700,4334.95,17605.52
11470611,1720,4370.99,17502.63
11470611,1740,4708.82,17570.53
11470611,1800,7343.98,23242.1
11470611,1820,4043.17,15345.76
11470611,1840,3641.4,14459.17
11470611,1900,3821.02,13830.050000000001
11470611,1920,3273.5099999999998,12089.04
11470611,1940,3520.28,12101.86
11470611,20,10337.32,33481.97
11470611,21,8880.88,26644.9
11470611,22,5662.64,15788.92
11470611,23,834.65,2534.17
11470620,00,1151.21,2926.35
11470620,01,2065.26,5712.21
11470620,02,1363.38,3807.31
11470620,03,1034.09,3467.21
11470620,04,1053.38,4664.15
11470620,05,1639.34,10464.39
11470620,06,3613.47,19045.98
11470620,0700,1599.43,9030.64
11470620,0720,2358.28,11158.42
11470620,0740,2922.44,12404.78
11470620,0800,2957.96,15284.12
11470620,0820,2731.19,17780.68
11470620,0840,2461.6,13223.970000000001
11470620,0900,2055.46,11938.76
11470620,0920,2611.17,12172.03
11470620,0940,1824.47,11439.67
11470620,10,5581.86,32137.19
11470620,11,6312.73,33831.14
11470620,12,7573.96,39318.08
11470620,13,7598.77,42187.06
11470620,14,7178.22,42883.76
11470620,15,7689.86,45374.18
11470620,16,10262.39,51491.13
11470620,1700,4144.09,19833.09
11470620,1720,4166.5,18403.98
11470620,1740,4509.57,18681.16
11470620,1800,6536.12,24376.3
11470620,1820,4100.74,17058.77
11470620,1840,3816.76,15654.73
11470620,1900,3798.51,15019.65
11470620,1920,3277.34,13299.91
11470620,1940,3097.3,12506.210000000001
11470620,20,10244.24,36608.02
11470620,21,8652.09,31811.73
11470620,22,5541.2,21041.02
11470620,23,932.84,3493.4
11470630,00,936.04,3187.04
11470630,01,1790.73,5381.85
11470630,02,1412.5,4213.2300000000005
11470630,03,940.5,3281.83
11470630,04,771.78,4554.88
11470630,05,1521.3799999999999,10459.66
11470630,06,3872.61,22508.27
11470630,0700,2414.27,11703.42
11470630,0720,3249.7200000000003,14487.6
11470630,0740,4229.93,16619.989999999998
11470630,0800,4213.96,20383.18
11470630,0820,3777.15,21937.26
11470630,0840,2826.27,14662.14
11470630,0900,2539.69,13754.73
11470630,0920,2526.32,14445.4
11470630,0940,2104.6,12369.619999999999
11470630,10,6184.69,35259.62
11470630,11,8432.22,43288.01
11470630,12,10074.87,50365.63
11470630,13,10241.88,52293.61
11470630,14,9379.539999999999,53538.54
11470630,15,9550.87,59075.11
11470630,16,10956.48,68654.49
11470630,1700,4243.74,24077.35
11470630,1720,4258.07,25036.68
11470630,1740,4291.47,23425.67
11470630,1800,6460.4,27672.43
11470630,1820,4227.27,20105.45
11470630,1840,3765.52,19149.36
11470630,1900,3540.5099999999998,17977.739999999998
11470630,1920,3126.1,16215.0
11470630,1940,3166.94,15641.95
11470630,20,8894.43,40551.340000000004
11470630,21,8122.58,36087.2
11470630,22,5806.28,24186.9
11470630,23,823.01,3706.38
11470640,00,3320.2400000000002,8206.98
11470640,01,6061.93,16034.67
11470640,02,3668.02,11017.79
11470640,03,2839.3,11053.0
11470640,04,3074.4500000000003,18683.58
11470640,05,4610.6,26616.170000000002
11470640,06,10257.18,54490.63
11470640,0700,5313.96,30172.44
11470640,0720,6163.16,33985.76
11470640,0740,6084.2300000000005,31902.85
11470640,0800,7000.12,36934.24
11470640,0820,6619.14,36129.65
11470640,0840,5407.49,27069.03
11470640,0900,4895.85,26573.32
11470640,0920,4610.99,26890.53
11470640,0940,4111.38,24901.03
11470640,10,12761.7,69749.5
11470640,11,15177.85,76499.59
11470640,12,18124.71,88859.91
11470640,13,20093.46,97075.0
11470640,14,19486.07,101977.0
11470640,15,21423.95,111065.49
11470640,16,27019.3,125033.93
11470640,1700,11177.64,45288.25
11470640,1720,11522.08,44708.85
11470640,1740,11825.4,46705.83
11470640,1800,18410.88,60889.12
11470640,1820,11761.880000000001,42530.44
11470640,1840,10315.12,39616.54
11470640,1900,10612.32,39778.21
11470640,1920,9304.95,35134.64
11470640,1940,9342.92,35603.54
11470640,20,30217.37,100867.03
11470640,21,27454.68,87687.52
11470640,22,16817.56,52723.6
11470640,23,2381.94,8018.27
11470650,00,3608.28,8077.58
11470650,01,6912.15,15605.06
11470650,02,5023.8,11336.64
11470650,03,3467.73,8912.29
11470650,04,3099.58,11359.24
11470650,05,4652.94,20310.29
11470650,06,10339.28,49548.65
11470650,0700,5267.45,28859.57
11470650,0720,6379.25,37525.9
11470650,0740,6278.42,31729.39
11470650,0800,8408.37,34392.270000000004
11470650,0820,8066.65,36891.18
11470650,0840,7333.54,31378.34
11470650,0900,6848.3,30415.190000000002
11470650,0920,6571.87,29869.34
11470650,0940,5928.27,27863.73
11470650,10,17533.82,78126.0
11470650,11,18967.8,79985.88
11470650,12,20954.76,89102.5
11470650,13,22153.260000000002,92135.53
11470650,14,21932.2,91819.96
11470650,15,23713.95,101103.38
11470650,16,28677.03,108042.9
11470650,1700,12977.5,42787.47
11470650,1720,13316.34,41326.98
11470650,1740,13888.65,42462.39
11470650,1800,22257.22,56630.12
11470650,1820,13567.12,38038.81
11470650,1840,11716.96,34004.01
11470650,1900,12200.39,33907.94
11470650,1920,10711.79,29136.54
11470650,1940,10269.08,28532.59
11470650,20,31112.489999999998,81112.06
11470650,21,27674.510000000002,69014.44
11470650,22,18988.59,45711.93
11470650,23,2897.39,7568.99
11470670,00,780.41,3008.76
11470670,01,1730.81,5984.29
11470670,02,1078.54,4168.4
11470670,03,817.78,3407.78
11470670,04,744.32,4570.01
11470670,05,1140.38,7371.81
11470670,06,2737.61,16700.08
11470670,0700,1585.18,9264.34
11470670,0720,1721.42,10979.03
11470670,0740,2013.8,10766.380000000001
11470670,0800,2131.11,12147.08
11470670,0820,2360.98,10195.61
11470670,0840,1568.6299999999999,7118.83
11470670,0900,1060.48,6197.6900000000005
11470670,0920,751.27,5886.06
11470670,0940,838.06,6218.81
11470670,10,2729.44,17701.82
11470670,11,3424.13,22697.74
11470670,12,5104.37,29971.88
11470670,13,5032.7,33950.76
11470670,14,5481.47,37931.22
11470670,15,5852.5,41559.44
11470670,16,6764.61,45193.18
11470670,1700,2853.9,16367.99
11470670,1720,2946.44,17082.78
11470670,1740,2852.0,15915.24
11470670,1800,4117.99,20033.41
11470670,1820,3042.91,15727.05
11470670,1840,2651.45,14793.95
11470670,1900,2750.91,14824.48
11470670,1920,2275.04,13147.41
11470670,1940,2405.56,13372.79
11470670,20,7572.46,37790.75
11470670,21,7109.26,34211.69
11470670,22,4440.72,20720.14
11470670,23,701.72,3121.22
11470680,00,1598.48,5118.11
11470680,01,3029.41,9716.81
11470680,02,2061.55,6709.04
11470680,03,1561.63,6159.01
11470680,04,1617.09,9427.69
11470680,05,2725.99,18955.24
11470680,06,5102.79,36174.94
11470680,0700,2580.56,20343.35
11470680,0720,3646.9,21039.93
11470680,0740,3986.9300000000003,19616.21
11470680,0800,4128.16,22563.88
11470680,0820,3867.17,23324.41
11470680,0840,3561.06,18707.4
11470680,0900,3271.9,17587.23
11470680,0920,2881.34,17602.55
11470680,0940,2668.58,17075.54
11470680,10,8663.61,47495.33
11470680,11,9383.16,50389.25
11470680,12,10587.34,59295.659999999996
11470680,13,10978.82,65134.82
11470680,14,11562.6,72750.45
11470680,15,13309.01,84202.83
11470680,16,15849.39,97483.99
11470680,1700,6281.61,35226.87
11470680,1720,6690.51,30824.489999999998
11470680,1740,6394.06,30950.94
11470680,1800,9380.56,36784.2
11470680,1820,5867.74,27710.47
11470680,1840,5121.54,27391.89
11470680,1900,5611.15,28048.9
11470680,1920,4971.9,23495.77
11470680,1940,4772.29,21567.27
11470680,20,14844.43,60375.43
11470680,21,13905.86,55253.71
11470680,22,8680.97,35814.96
11470680,23,1470.69,5735.71
11500510,00,3369.19,7393.8
11500510,01,6516.37,14050.47
11500510,02,4504.03,10050.8
11500510,03,3368.96,8654.17
11500510,04,3076.94,11081.32
11500510,05,4634.11,20020.92
11500510,06,11422.32,42047.31
11500510,0700,6036.16,22263.22
11500510,0720,7883.54,25925.9
11500510,0740,8469.93,27954.64
11500510,0800,8770.74,32998.020000000004
11500510,0820,7630.96,34516.79
11500510,0840,6299.68,23573.47
11500510,0900,5730.22,21703.03
11500510,0920,5497.27,21481.77
11500510,0940,5248.34,21557.56
11500510,10,16299.0,64499.39
11500510,11,18960.1,71178.24
11500510,12,22075.34,81997.6
11500510,13,22173.4,86349.36
11500510,14,22818.59,91076.18
11500510,15,25082.75,102024.18000000001
11500510,16,33307.2,117085.66
11500510,1700,15641.279999999999,46321.7
11500510,1720,16932.35,46021.21
11500510,1740,15904.35,44792.94
11500510,1800,26546.81,63097.4
11500510,1820,16797.37,42944.67
11500510,1840,14402.89,38660.6
11500510,1900,15186.130000000001,38896.68
11500510,1920,12850.72,34073.729999999996
11500510,1940,12376.06,32889.48
11500510,20,35949.36,91795.0
11500510,21,32617.51,80926.07
11500510,22,20461.01,50863.86
11500510,23,3114.84,7944.41
11500520,00,3076.74,5152.44
11500520,01,5873.46,9952.61
11500520,02,3889.71,7042.26
11500520,03,2797.2,5614.87
11500520,04,2618.83,8046.82
11500520,05,4503.02,16092.44
11500520,06,11835.630000000001,38627.94
11500520,0700,7002.53,19665.04
11500520,0720,8111.65,23252.82
11500520,0740,8489.36,24114.7
11500520,0800,8243.67,24303.05
11500520,0820,7156.41,24207.11
11500520,0840,5841.44,18925.16
11500520,0900,4552.21,16359.66
11500520,0920,4814.97,17574.23
11500520,0940,4618.25,16914.95
11500520,10,13881.18,52083.9
11500520,11,18325.5,57728.44
11500520,12,20857.97,63766.74
11500520,13,19522.92,62972.659999999996
11500520,14,20240.63,64579.89
11500520,15,22177.59,69363.51
11500520,16,28486.25,77221.03
11500520,1700,15374.27,33330.82
11500520,1720,14566.96,32360.23
11500520,1740,14439.43,32725.33
11500520,1800,24080.74,46132.05
11500520,1820,15096.68,31915.5
11500520,1840,12757.98,27434.77
11500520,1900,13228.41,27170.4
11500520,1920,11601.78,23916.94
11500520,1940,11473.37,23000.0
11500520,20,33908.77,64114.479999999996
11500520,21,28452.97,50548.79
11500520,22,17755.34,31438.48
11500520,23,2406.22,4669.87
11500530,00,2088.86,3910.8199999999997
11500530,01,4104.31,7530.42
11500530,02,2799.64,5545.65
11500530,03,1955.3,4283.39
11500530,04,1591.63,5570.72
11500530,05,2583.19,11639.05
11500530,06,4750.28,22448.98
11500530,0700,2218.05,13181.92
11500530,0720,2544.08,14586.77
11500530,0740,2469.75,11779.05
11500530,0800,2405.95,11810.16
11500530,0820,2432.62,12657.23
11500530,0840,1801.79,9281.75
11500530,0900,1673.37,8356.38
11500530,0920,1953.35,8396.69
11500530,0940,1932.6399999999999,8438.09
11500530,10,5858.63,25206.3
11500530,11,7607.89,28580.19
11500530,12,8202.16,34085.49
11500530,13,8411.19,35286.97
11500530,14,9121.83,37660.84
11500530,15,10651.45,41909.89
11500530,16,14187.77,48847.63
11500530,1700,7097.22,19911.25
11500530,1720,7426.41,19284.35
11500530,1740,7362.38,19451.63
11500530,1800,11874.5,27951.04
11500530,1820,7351.81,18608.26
11500530,1840,6639.26,17167.74
11500530,1900,7119.75,17893.96
11500530,1920,6154.49,15635.58
11500530,1940,6220.15,15423.98
11500530,20,18567.21,44336.84
11500530,21,16224.2,37587.15
11500530,22,10189.4,23681.62
11500530,23,1611.25,3699.52
11500535,00,3059.37,6828.75
11500535,01,5874.22,13484.59
11500535,02,4777.36,11254.2
11500535,03,7225.47,18016.95
11500535,04,14061.85,38045.5
11500535,05,22951.82,70045.95
11500535,06,44519.87,129078.6
11500535,0700,23631.06,63356.87
11500535,0720,27660.21,74203.22
11500535,0740,30520.06,74877.84
11500535,0800,29964.34,74951.75
11500535,0820,24848.04,65643.47
11500535,0840,17325.81,51391.01
11500535,0900,16319.54,49076.07
11500535,0920,14663.0,47035.74
11500535,0940,13653.49,44824.27
11500535,10,41199.61,137304.44
11500535,11,46769.29,150988.48
11500535,12,50671.62,162261.09
11500535,13,42231.01,143947.86
11500535,14,39226.26,137346.34
11500535,15,40763.71,141134.83
11500535,16,47133.95,147262.88
11500535,1700,20065.29,53850.07
11500535,1720,19770.37,50759.56
11500535,1740,19059.06,50214.14
11500535,1800,26924.46,62699.61
11500535,1820,16700.07,42506.59
11500535,1840,14506.210000000001,37208.2
11500535,1900,14536.53,35693.67
11500535,1920,11812.31,30206.67
11500535,1940,11117.8,28032.11
11500535,20,31932.66,76905.45
11500535,21,25826.13,60044.42
11500535,22,16121.28,36960.62
11500535,23,2974.75,7092.75
11500540,00,5970.59,11987.09
11500540,01,11858.7,23768.9
11500540,02,8477.65,17409.38
11500540,03,6170.71,13334.89
11500540,04,5218.08,14447.39
11500540,05,6030.32,20291.59
11500540,06,9689.23,34981.11
11500540,0700,3935.6,14763.57
11500540,0720,4991.9,17371.72
11500540,0740,5553.38,21400.81
11500540,0800,6184.15,24789.95
11500540,0820,5721.66,26900.15
11500540,0840,5021.68,22459.57
11500540,0900,4870.61,20294.0
11500540,0920,4504.2,20156.45
11500540,0940,4747.08,20765.95
11500540,10,14285.61,63602.240000000005
11500540,11,16036.65,68716.73999999999
11500540,12,19194.670000000002,78530.69
11500540,13,21706.67,85509.23
11500540,14,22871.58,93498.94
11500540,15,26455.329999999998,106362.25
11500540,16,34583.89,121148.41
11500540,1700,16836.43,48474.299999999996
11500540,1720,17698.22,46681.26
11500540,1740,18877.53,48481.38
11500540,1800,33319.02,69604.89
11500540,1820,18969.55,45530.47
11500540,1840,16142.68,40192.97
11500540,1900,17723.19,41932.8
11500540,1920,15079.49,36265.39
11500540,1940,15168.69,35332.99
11500540,20,47200.01,105584.21
11500540,21,43962.53,90861.61
11500540,22,26790.77,56234.51
11500540,23,4135.8,9788.72
11500550,00,1512.27,3630.22
11500550,01,2844.03,6678.02
11500550,02,2021.4099999999999,4991.43
11500550,03,1632.91,4024.43
11500550,04,1304.35,4204.65
11500550,05,1403.85,5819.6
11500550,06,2296.82,10460.28
11500550,0700,801.7,3982.35
11500550,0720,899.63,5194.17
11500550,0740,1207.01,6114.3099999999995
11500550,0800,1351.76,6731.71
11500550,0820,1811.89,8133.51
11500550,0840,1559.99,7175.6
11500550,0900,1389.57,6855.43
11500550,0920,1265.95,6688.64
11500550,0940,1186.97,6806.07
11500550,10,4008.87,21490.22
11500550,11,4661.92,22204.86
11500550,12,5037.29,25000.05
11500550,13,5427.9,25866.96
11500550,14,6084.33,29295.64
11500550,15,6589.09,33738.22
11500550,16,8366.78,38543.96
11500550,1700,3969.05,14468.289999999999
11500550,1720,3941.24,14281.95
11500550,1740,4166.61,14932.43
11500550,1800,6816.85,20288.22
11500550,1820,4000.59,13436.79
11500550,1840,3341.79,12257.74
11500550,1900,3929.34,12612.4
11500550,1920,3327.78,10464.38
11500550,1940,3565.13,11130.17
11500550,20,10674.93,31104.53
11500550,21,9558.69,26470.17
11500550,22,6512.19,17706.96
11500550,23,1203.72,3269.55
11500560,00,1783.43,4199.37
11500560,01,3709.88,8829.87
11500560,02,2628.61,6687.42
11500560,03,1838.46,5249.87
11500560,04,1768.54,6273.42
11500560,05,3044.86,12959.789999999999
11500560,06,5320.86,25220.57
11500560,0700,3175.33,14109.89
11500560,0720,3592.24,15811.6
11500560,0740,4590.04,18495.81
11500560,0800,4890.17,20190.78
11500560,0820,5081.71,21805.85
11500560,0840,4594.55,19027.85
11500560,0900,4658.97,17848.23
11500560,0920,4365.69,19053.73
11500560,0940,3591.8199999999997,17755.31
11500560,10,12020.69,55926.71
11500560,11,13087.84,56712.08
11500560,12,13609.960000000001,60126.4
11500560,13,13882.94,62708.46
11500560,14,14923.11,65473.89
11500560,15,15861.88,70903.92
11500560,16,19966.25,79113.02
11500560,1700,8949.12,30474.36
11500560,1720,9598.38,29902.48
11500560,1740,9690.69,28521.62
11500560,1800,15109.03,38966.37
11500560,1820,9648.84,27018.96
11500560,1840,8214.32,24106.85
11500560,1900,8419.54,23219.79
11500560,1920,7499.46,20822.23
11500560,1940,6911.92,18706.16
11500560,20,19455.96,51850.49
11500560,21,16917.61,43042.73
11500560,22,11079.91,27219.68
11500560,23,1699.16,4715.41
11500570,00,1533.0,3396.2
11500570,01,2852.64,6294.39
11500570,02,1819.76,4382.15
11500570,03,1443.11,3428.31
11500570,04,1147.73,3971.7400000000002
11500570,05,1303.08,5748.38
11500570,06,2146.94,12659.26
11500570,0700,1077.3700000000001,5856.3
11500570,0720,1373.5,6917.45
11500570,0740,1526.24,8481.33
11500570,0800,1417.94,8398.83
11500570,0820,1320.55,6977.97
11500570,0840,923.8,5115.65
11500570,0900,875.3399999999999,4915.49
11500570,0920,985.16,5091.85
11500570,0940,832.37,5323.05
11500570,10,2866.22,16992.16
11500570,11,3635.11,18965.56
11500570,12,4498.44,21934.53
11500570,13,4898.8099999999995,22990.66
11500570,14,5510.01,27090.64
11500570,15,6524.349999999999,31819.850000000002
11500570,16,8636.539999999999,37910.24
11500570,1700,3891.08,13500.43
11500570,1720,4227.23,13616.29
11500570,1740,4363.15,14242.62
11500570,1800,6247.03,18492.03
11500570,1820,3850.29,12684.43
11500570,1840,3369.4,11433.17
11500570,1900,3783.18,11862.96
11500570,1920,3163.3,10187.65
11500570,1940,3303.54,10195.54
11500570,20,10150.44,30076.05
11500570,21,10153.03,27837.41
11500570,22,6417.92,17044.16
11500570,23,942.06,2737.27
11500590,00,4005.83,7812.67
11500590,01,7813.04,15583.06
11500590,02,6020.87,11921.62
11500590,03,4197.23,9272.06
11500590,04,3799.12,9787.98
11500590,05,3990.14,13350.46
11500590,06,5735.52,22642.45
11500590,0700,2548.65,9792.92
11500590,0720,3476.71,12417.61
11500590,0740,3791.2599999999998,14286.09
11500590,0800,4224.89,16405.77
11500590,0820,4104.85,18571.93
11500590,0840,3853.65,16201.53
11500590,0900,3137.62,13069.57
11500590,0920,3100.75,13791.59
11500590,0940,3174.93,13522.12
11500590,10,9452.71,40662.66
11500590,11,10491.81,41106.92
11500590,12,12461.64,47305.32
11500590,13,13780.77,53415.52
11500590,14,15201.94,59543.979999999996
11500590,15,16853.19,68092.77
11500590,16,21977.239999999998,79007.36
11500590,1700,10315.04,31460.59
11500590,1720,11606.279999999999,31268.1
11500590,1740,11231.36,31631.34
11500590,1800,19110.28,43873.95
11500590,1820,11748.27,30189.27
11500590,1840,10165.47,26056.28
11500590,1900,11179.62,27668.58
11500590,1920,9261.97,23743.6
11500590,1940,9544.35,23347.8
11500590,20,29656.63,68583.39
11500590,21,26586.44,60312.54
11500590,22,17347.04,38357.2
11500590,23,2697.3,6543.49
11500591,00,4325.72,8098.89
11500591,01,8397.18,16464.56
11500591,02,6043.42,11759.43
11500591,03,4565.16,9383.0
11500591,04,3861.84,10841.31
11500591,05,5114.84,17392.94
11500591,06,10243.61,34624.23
11500591,0700,5701.02,17602.01
11500591,0720,6653.23,20012.27
11500591,0740,6473.44,20701.52
11500591,0800,6501.0,22847.27
11500591,0820,7378.48,24292.8
11500591,0840,5334.95,18881.71
11500591,0900,4568.32,16810.29
11500591,0920,4274.14,17066.31
11500591,0940,4204.36,16231.23
11500591,10,13292.699999999999,49351.81
11500591,11,15652.55,52480.159999999996
11500591,12,15838.18,54933.62
11500591,13,15564.17,57015.31
11500591,14,16978.07,59959.01
11500591,15,19089.1,68415.77
11500591,16,25061.22,76456.63
11500591,1700,11636.34,31129.43
11500591,1720,11686.67,30521.510000000002
11500591,1740,12349.63,31439.98
11500591,1800,19901.43,42943.72
11500591,1820,12141.33,29887.79
11500591,1840,11162.25,26406.73
11500591,1900,11465.26,26997.33
11500591,1920,10333.16,24621.87
11500591,1940,10168.29,24215.03
11500591,20,30784.42,67806.11
11500591,21,28016.44,58969.61
11500591,22,18607.41,38087.03
11500591,23,2960.4,6832.28
11500593,00,2941.91,6283.05
11500593,01,5805.06,12533.66
11500593,02,4296.8,9809.26
11500593,03,3272.27,7798.49
11500593,04,2913.67,8563.08
11500593,05,5487.94,19729.74
11500593,06,15610.64,48931.71
11500593,0700,8446.289999999999,26133.79
11500593,0720,11286.35,30405.260000000002
11500593,0740,12706.96,33926.17
11500593,0800,14567.18,38359.92
11500593,0820,13617.6,40316.99
11500593,0840,10012.7,31889.43
11500593,0900,9288.63,29340.05
11500593,0920,7643.78,28002.69
11500593,0940,7331.36,26437.07
11500593,10,21622.54,82138.39
11500593,11,25582.99,89180.66
11500593,12,32255.35,108688.86
11500593,13,29985.55,105734.26
11500593,14,27333.96,101547.15
11500593,15,29480.69,107980.26
11500593,16,32764.489999999998,112039.52
11500593,1700,13862.12,40032.55
11500593,1720,13713.8,38443.85
11500593,1740,14351.63,39121.9
11500593,1800,22730.14,51138.15
11500593,1820,13945.7,35262.81
11500593,1840,11732.09,30811.62
11500593,1900,11877.76,29868.2
11500593,1920,9506.63,24412.7
11500593,1940,8941.59,22984.44
11500593,20,25976.63,61746.59
11500593,21,20866.87,48853.53
11500593,22,13284.23,30590.91
11500593,23,2130.87,5511.88
11500603,00,5135.08,9170.67
11500603,01,10204.84,17754.73
11500603,02,7639.5,13595.27
11500603,03,5226.11,11290.17
11500603,04,6581.35,19287.1
11500603,05,26575.21,77456.20999999999
11500603,06,103090.58,232403.04
11500603,0700,53833.73,110053.97
11500603,0720,61224.78,121028.86
11500603,0740,64959.9,125718.86
11500603,0800,62922.25,123084.81
11500603,0820,56100.97,113031.21
11500603,0840,39666.0,87538.47
11500603,0900,33125.71,76128.15
11500603,0920,26746.84,66937.97
11500603,0940,21926.29,56939.24
11500603,10,59994.22,161669.11
11500603,11,74605.04,184776.2
11500603,12,90126.55,216735.27
11500603,13,68453.95,179290.5
11500603,14,59660.01,156452.53
11500603,15,59044.85,153264.89
11500603,16,68844.29000000001,167325.29
11500603,1700,32699.06,68178.0
11500603,1720,34357.74,68493.11
11500603,1740,35069.91,68816.69
11500603,1800,51859.5,90518.27
11500603,1820,31737.27,59810.34
11500603,1840,26700.69,51137.84
11500603,1900,26578.74,49407.37
11500603,1920,22848.59,43798.22
11500603,1940,21743.57,41016.63
11500603,20,60728.13,110329.16
11500603,21,50743.44,88869.29000000001
11500603,22,28790.84,51186.8
11500603,23,4927.94,9133.76
11500604,00,1081.91,2799.69
11500604,01,2097.03,5254.08
11500604,02,1414.67,4009.44
11500604,03,1305.95,3864.02
11500604,04,1272.72,5330.72
11500604,05,2008.69,9102.69
11500604,06,4457.69,20687.0
11500604,0700,2179.47,11048.19
11500604,0720,2248.94,11100.43
11500604,0740,2700.74,12279.65
11500604,0800,2956.2400000000002,12465.6
11500604,0820,2658.2599999999998,11960.52
11500604,0840,2425.41,10176.3
11500604,0900,2118.49,9724.41
11500604,0920,2199.62,9682.11
11500604,0940,1976.3799999999999,9196.18
11500604,10,5215.06,26540.83
11500604,11,5590.16,26346.52
11500604,12,6592.76,29622.42
11500604,13,6718.61,33726.57
11500604,14,6737.47,35299.71
11500604,15,7541.76,36106.35
11500604,16,9440.8,37202.67
11500604,1700,4749.58,14213.27
11500604,1720,4658.15,13166.36
11500604,1740,4238.84,12611.37
11500604,1800,7283.65,17254.44
11500604,1820,4351.34,11709.44
11500604,1840,3772.2,10594.55
11500604,1900,3809.95,10611.95
11500604,1920,3387.16,9810.36
11500604,1940,3522.39,9312.01
11500604,20,9843.37,25447.45
11500604,21,9156.99,22923.32
11500604,22,5814.64,14144.710000000001
11500604,23,980.94,2801.38
11500605,00,1072.63,2504.5099999999998
11500605,01,2094.27,4909.81
11500605,02,1341.6,3483.81
11500605,03,978.88,2975.52
11500605,04,839.88,3454.11
11500605,05,1688.64,6991.1
11500605,06,4785.43,19416.77
11500605,0700,3180.1,11240.51
11500605,0720,4843.52,14932.22
11500605,0740,5568.25,16122.89
11500605,0800,5160.39,14494.16
11500605,0820,4299.0,12481.24
11500605,0840,3014.33,9654.62
11500605,0900,2022.2,7278.53
11500605,0920,1616.65,6251.6
11500605,0940,1453.76,6231.4
11500605,10,4349.85,18989.96
11500605,11,4927.85,20223.5
11500605,12,6323.45,24479.74
11500605,13,5953.75,25357.14
11500605,14,6032.01,27463.4
11500605,15,7077.7300000000005,29176.7
11500605,16,8454.02,30169.21
11500605,1700,4011.13,11649.38
11500605,1720,4686.16,11882.58
11500605,1740,4171.93,11544.78
11500605,1800,7124.78,16864.19
11500605,1820,4280.78,10752.11
11500605,1840,3656.75,9857.18
11500605,1900,3759.48,9973.16
11500605,1920,3225.32,8578.32
11500605,1940,3427.12,8201.75
11500605,20,10382.02,25687.49
11500605,21,8803.82,21106.42
11500605,22,5393.96,12946.59
11500605,23,774.9300000000001,2115.65
11500611,00,3099.75,8273.23
11500611,01,6387.2,16913.11
11500611,02,5140.2,14695.3
11500611,03,3838.7799999999997,13716.32
11500611,04,3965.9300000000003,18404.27
11500611,05,10541.58,45305.5
11500611,06,27531.04,110895.42
11500611,0700,15346.54,60778.49
11500611,0720,18469.43,64966.15
11500611,0740,18821.75,58748.97
11500611,0800,18505.71,60669.6
11500611,0820,16572.48,55186.24
11500611,0840,12669.77,43933.25
11500611,0900,12076.23,42799.69
11500611,0920,10836.31,40815.15
11500611,0940,9323.14,37557.32
11500611,10,28166.14,111715.57
11500611,11,33551.56,116364.37
11500611,12,38715.28,134736.39
11500611,13,34845.33,130564.97
11500611,14,30766.86,123599.96
11500611,15,31448.25,133658.61
11500611,16,35599.24,136898.99
11500611,1700,14974.84,51316.9
11500611,1720,15795.98,50586.28
11500611,1740,16132.49,50608.64
11500611,1800,23054.41,64864.47
11500611,1820,14454.2,45160.03
11500611,1840,12077.78,40511.91
11500611,1900,12081.63,39264.12
11500611,1920,10908.97,34642.88
11500611,1940,10361.9,32529.91
11500611,20,29749.440000000002,90140.42
11500611,21,25541.38,75753.21
11500611,22,15680.19,46407.43
11500611,23,2943.2799999999997,10097.98
11500615,00,3022.58,7244.69
11500615,01,5927.99,13765.41
11500615,02,3987.04,9886.82
11500615,03,2848.42,7713.69
11500615,04,2508.52,8658.380000000001
11500615,05,3696.28,16516.46
11500615,06,8844.23,34895.02
11500615,0700,5267.33,19268.37
11500615,0720,5907.51,20858.95
11500615,0740,5991.2,21675.15
11500615,0800,6164.17,23521.17
11500615,0820,5744.46,25544.55
11500615,0840,4522.87,18075.64
11500615,0900,3725.22,16516.2
11500615,0920,3740.61,17133.79
11500615,0940,3297.51,16234.51
11500615,10,9884.88,48662.79
11500615,11,11616.62,55685.95
11500615,12,14914.29,67633.12
11500615,13,15296.43,73551.17
11500615,14,15838.89,80556.12
11500615,15,17711.4,94971.22
11500615,16,21589.05,104434.57
11500615,1700,10176.96,40569.6
11500615,1720,10139.33,36974.21
11500615,1740,10340.31,38906.01
11500615,1800,15518.91,51466.979999999996
11500615,1820,10082.64,36147.33
11500615,1840,8820.61,34499.56
11500615,1900,9108.57,34229.44
11500615,1920,8471.15,32226.54
11500615,1940,8347.05,29940.5
11500615,20,25431.18,87012.86
11500615,21,23981.26,76839.48
11500615,22,15319.1,49908.45
11500615,23,2227.63,7918.39
11500620,00,2888.44,6650.01
11500620,01,5583.19,12773.74
11500620,02,4582.38,11269.55
11500620,03,4314.26,13569.57
11500620,04,8603.73,33728.73
11500620,05,18961.08,71400.98
11500620,06,43764.93,132829.21
11500620,0700,22408.4,57268.08
11500620,0720,24044.18,58846.32
11500620,0740,24419.89,57380.96
11500620,0800,21443.52,57506.909999999996
11500620,0820,18822.93,54235.9
11500620,0840,14422.59,42832.53
11500620,0900,13864.72,42845.25
11500620,0920,12921.33,42959.21
11500620,0940,11655.36,41876.35
11500620,10,34338.84,123273.21
11500620,11,47003.05,145062.76
11500620,12,55453.96,167856.3
11500620,13,46695.49,152221.54
11500620,14,42664.44,145405.53
11500620,15,43987.78,146364.96
11500620,16,49971.73,156858.72
11500620,1700,21366.35,58818.62
11500620,1720,20594.58,56364.95
11500620,1740,20918.96,56605.63
11500620,1800,28785.76,68436.16
11500620,1820,18664.56,47743.48
11500620,1840,15631.22,41085.91
11500620,1900,16135.66,40750.04
11500620,1920,13765.73,35774.74
11500620,1940,12547.32,32373.09
11500620,20,34015.15,84800.68
11500620,21,24775.4,61684.79
11500620,22,14103.36,33960.68
11500620,23,2223.43,5690.44
11500630,00,2624.09,7021.94
11500630,01,4963.37,12762.54
11500630,02,3465.88,9591.84
11500630,03,2575.34,7790.63
11500630,04,2713.76,12074.27
11500630,05,5839.82,26295.22
11500630,06,16565.83,59923.39
11500630,0700,8862.51,30177.76
11500630,0720,10234.94,34786.59
11500630,0740,11945.300000000001,37638.92
11500630,0800,12218.39,36079.82
11500630,0820,9829.53,35794.7
11500630,0840,8012.58,28749.6
11500630,0900,6813.86,26172.74
11500630,0920,6277.03,25104.91
11500630,0940,5730.05,24845.4
11500630,10,17717.29,78244.61
11500630,11,23434.26,89685.68
11500630,12,24627.6,96957.18
11500630,13,22071.39,94925.7
11500630,14,21293.66,98538.79
11500630,15,23485.32,107913.03
11500630,16,29676.59,120817.64
11500630,1700,13030.2,45316.49
11500630,1720,12858.31,44713.69
11500630,1740,13311.04,45066.73
11500630,1800,20285.17,58040.4
11500630,1820,11971.92,39345.98
11500630,1840,10273.39,35112.46
11500630,1900,10690.78,34466.46
11500630,1920,8766.81,29963.55
11500630,1940,8366.32,28777.66
11500630,20,25649.38,80584.56
11500630,21,22169.41,67787.08
11500630,22,13289.83,39190.97
11500630,23,2007.32,6254.46
11500640,00,2559.56,5383.01
11500640,01,4596.16,10761.95
11500640,02,3518.33,8959.99
11500640,03,3653.0,11489.56
11500640,04,7539.21,23492.77
11500640,05,15945.41,47288.43
11500640,06,25807.1,73225.39
11500640,0700,12820.460000000001,31632.26
11500640,0720,14349.76,33333.24
11500640,0740,14172.91,33875.19
11500640,0800,13684.2,36570.47
11500640,0820,11851.78,34233.23
11500640,0840,9107.11,28618.8
11500640,0900,9609.1,30153.98
11500640,0920,9285.77,31758.09
11500640,0940,9396.67,31751.18
11500640,10,29900.09,101803.94
11500640,11,37178.18,114297.36
11500640,12,39709.11,125254.77
11500640,13,38444.58,123151.59
11500640,14,35943.450000000004,116698.54
11500640,15,35230.06,111571.72
11500640,16,37183.04,109826.45
11500640,1700,15005.12,39261.11
11500640,1720,15439.45,38284.13
11500640,1740,14474.3,37244.18
11500640,1800,20920.96,46614.46
11500640,1820,12874.17,31286.81
11500640,1840,11108.95,27890.97
11500640,1900,11207.58,27653.05
11500640,1920,9300.82,23665.27
11500640,1940,9050.0,22647.67
11500640,20,24928.62,60132.47
11500640,21,20406.260000000002,50146.88
11500640,22,12004.36,28472.24
11500640,23,2056.44,5122.09
11500641,00,1212.07,3465.86
11500641,01,2277.5099999999998,6537.76
11500641,02,1790.93,5453.7
11500641,03,1432.8400000000001,5509.74
11500641,04,1382.87,7319.55
11500641,05,2623.81,14899.25
11500641,06,5642.47,27070.05
11500641,0700,2975.14,13314.58
11500641,0720,3297.67,14668.7
11500641,0740,3772.2799999999997,15800.56
11500641,0800,2903.1,16602.0
11500641,0820,2584.33,15821.58
11500641,0840,2254.3,12233.07
11500641,0900,2224.26,12949.62
11500641,0920,1858.27,12740.4
11500641,0940,1816.61,11927.45
11500641,10,5236.67,34897.52
11500641,11,6837.43,37964.6
11500641,12,7960.06,44462.37
11500641,13,7927.400000000001,46275.15
11500641,14,8227.72,47011.47
11500641,15,9301.65,51780.85
11500641,16,11934.19,53161.84
11500641,1700,5226.79,20175.06
11500641,1720,5691.2,19817.51
11500641,1740,5782.84,19867.73
11500641,1800,9366.07,26795.42
11500641,1820,5454.41,17344.88
11500641,1840,4522.96,15565.789999999999
11500641,1900,4627.17,16130.2
11500641,1920,4160.27,14785.73
11500641,1940,4199.39,14161.02
11500641,20,12779.619999999999,39414.23
11500641,21,11171.039999999999,32170.73
11500641,22,6673.99,19215.71
11500641,23,1002.92,3349.82
11530510,00,3049.78,7384.92
11530510,01,5783.42,14344.18
11530510,02,3876.67,10331.539999999999
11530510,03,2897.26,9100.16
11530510,04,3027.16,12460.9
11530510,05,5313.15,24685.23
11530510,06,13478.75,58263.98
11530510,0700,8028.0199999999995,29604.190000000002
11530510,0720,10649.39,35063.590000000004
11530510,0740,10896.56,37662.45
11530510,0800,11197.16,39504.85
11530510,0820,9750.23,37685.65
11530510,0840,7773.53,27573.15
11530510,0900,7289.12,26636.96
11530510,0920,7296.53,25799.65
11530510,0940,6455.32,25434.32
11530510,10,20472.86,75579.73
11530510,11,24270.94,82290.91
11530510,12,29792.03,96918.67
11530510,13,27049.58,97314.72
11530510,14,26327.61,99166.1
11530510,15,28472.03,108677.72
11530510,16,35276.23,121596.13
11530510,1700,16830.3,47664.3
11530510,1720,17018.81,47019.27
11530510,1740,17144.19,47752.6
11530510,1800,25769.72,62024.26
11530510,1820,15389.58,41632.0
11530510,1840,13355.86,38399.13
11530510,1900,13474.55,38363.02
11530510,1920,11263.91,32996.22
11530510,1940,10843.17,31735.920000000002
11530510,20,31749.76,87595.49
11530510,21,27824.73,76461.56
11530510,22,17550.21,49106.72
11530510,23,2752.34,7936.45
11530520,00,1481.7,3518.28
11530520,01,2727.83,6139.87
11530520,02,1485.2,4174.99
11530520,03,1133.12,3615.69
11530520,04,1073.54,5502.87
11530520,05,1753.58,11430.76
11530520,06,3766.12,18892.02
11530520,0700,2112.44,10672.82
11530520,0720,2279.0,11446.8
11530520,0740,2430.64,11955.75
11530520,0800,2210.9,10616.11
11530520,0820,1658.19,12349.1
11530520,0840,1522.84,6878.54
11530520,0900,1387.71,6905.34
11530520,0920,1494.78,6738.46
11530520,0940,1316.91,6226.21
11530520,10,4299.37,19666.78
11530520,11,5432.48,22834.87
11530520,12,6820.9,28356.11
11530520,13,6963.61,30914.72
11530520,14,7762.03,35667.03
11530520,15,9056.64,41731.51
11530520,16,11705.36,45651.05
11530520,1700,5941.05,18631.02
11530520,1720,5704.5,17799.61
11530520,1740,6009.29,18570.93
11530520,1800,10061.66,26623.14
11530520,1820,5415.06,16773.68
11530520,1840,4877.59,15532.44
11530520,1900,5158.22,16141.95
11530520,1920,4448.56,14312.56
11530520,1940,4567.9800000000005,13691.550000000001
11530520,20,14237.93,40084.02
11530520,21,13048.29,33601.18
11530520,22,8259.050000000001,20558.04
11530520,23,1132.82,3165.02
11530530,00,2212.95,5620.26
11530530,01,4197.84,11181.55
11530530,02,3167.43,8387.01
11530530,03,2510.49,7958.0199999999995
11530530,04,3052.0099999999998,11335.76
11530530,05,8304.17,31921.85
11530530,06,20312.83,79190.74
11530530,0700,12430.710000000001,42274.42
11530530,0720,14165.02,47708.25
11530530,0740,14909.31,49087.67
11530530,0800,13555.66,47890.869999999995
11530530,0820,10193.83,42051.96
11530530,0840,7507.9,34938.91
11530530,0900,6167.05,31716.82
11530530,0920,5077.13,29546.17
11530530,0940,4492.79,25854.85
11530530,10,12675.87,71385.7
11530530,11,14219.81,71977.89
11530530,12,16561.11,79764.1
11530530,13,16710.71,78418.25
11530530,14,14200.6,71146.19
11530530,15,14352.81,72117.67
11530530,16,15913.48,71551.8
11530530,1700,7550.71,26696.74
11530530,1720,7572.900000000001,26333.22
11530530,1740,7408.3,25280.24
11530530,1800,12179.33,32801.82
11530530,1820,6892.28,22168.95
11530530,1840,6189.8,19993.88
11530530,1900,6597.21,20147.03
11530530,1920,5647.28,17932.010000000002
11530530,1940,5694.21,17673.15
11530530,20,17382.15,50791.82
11530530,21,15733.04,42866.34
11530530,22,9880.710000000001,27846.97
11530530,23,2049.81,5923.43
11530540,00,4688.82,7623.74
11530540,01,8904.87,15091.91
11530540,02,6447.09,11557.6
11530540,03,4247.75,8741.47
11530540,04,4149.47,12430.05
11530540,05,13629.56,43299.07
11530540,06,63004.24,164826.84
11530540,0700,50098.18,108504.46
11530540,0720,62528.42,129542.51
11530540,0740,70071.73,137064.89
11530540,0800,73200.84,138422.12
11530540,0820,65427.76,125058.74
11530540,0840,48228.14,95685.97
11530540,0900,35926.840000000004,74735.08
11530540,0920,27899.31,63567.5
11530540,0940,19802.17,51004.43
11530540,10,38431.04,118843.67
11530540,11,43451.21,125010.86
11530540,12,51556.26,149424.03
11530540,13,43465.82,130821.73999999999
11530540,14,34722.51,105238.53
11530540,15,36336.4,107285.52
11530540,16,42822.16,112727.22
11530540,1700,20419.14,45844.7
11530540,1720,22942.34,48327.96
11530540,1740,22849.27,48428.54
11530540,1800,40334.6,73587.76
11530540,1820,24550.7,47182.61
11530540,1840,20528.74,39256.67
11530540,1900,21480.43,38798.82
11530540,1920,16089.04,31244.16
11530540,1940,15849.07,29994.989999999998
11530540,20,42687.43,78325.14
11530540,21,35008.96,61854.47
11530540,22,23464.67,39512.68
11530540,23,3918.35,7151.93
11530550,00,1113.19,3174.21
11530550,01,2514.69,6329.87
11530550,02,1711.29,4756.41
11530550,03,1214.01,4105.99
11530550,04,1015.44,5036.66
11530550,05,1541.58,7858.49
11530550,06,3265.01,16680.39
11530550,0700,1877.75,8919.11
11530550,0720,2404.4900000000002,11697.53
11530550,0740,2814.68,12780.55
11530550,0800,3761.92,14503.1
11530550,0820,2889.11,13881.77
11530550,0840,2187.06,10523.33
11530550,0900,1762.98,11110.34
11530550,0920,1743.11,11677.14
11530550,0940,1398.14,10891.04
11530550,10,4547.08,31322.46
11530550,11,4872.2,33472.57
11530550,12,5925.23,36363.32
11530550,13,5741.58,36009.61
11530550,14,5987.13,38878.67
11530550,15,6948.43,42648.04
11530550,16,8559.39,44403.02
11530550,1700,4144.2,16787.03
11530550,1720,4343.34,15922.7
11530550,1740,4661.49,15792.96
11530550,1800,7515.01,22293.05
11530550,1820,4510.61,14879.24
11530550,1840,3565.52,12201.0
11530550,1900,3878.85,12963.6
11530550,1920,3295.65,11166.04
11530550,1940,3218.46,10801.52
11530550,20,9950.4,32417.73
11530550,21,9194.89,26501.7
11530550,22,6058.44,16705.22
11530550,23,933.3299999999999,2872.68
11530560,00,4074.1,7635.5
11530560,01,7728.89,15957.39
11530560,02,5555.68,12021.43
11530560,03,4294.57,10877.56
11530560,04,3943.37,14752.93
11530560,05,7182.72,29259.3
11530560,06,19255.01,73344.79
11530560,0700,12743.0,40616.56
11530560,0720,15775.36,50212.53
11530560,0740,17523.82,56655.89
11530560,0800,18482.09,55802.28
11530560,0820,15283.199999999999,51865.36
11530560,0840,11303.8,40977.47
11530560,0900,10230.04,39937.41
11530560,0920,9846.65,38765.69
11530560,0940,9844.59,38554.05
11530560,10,30422.88,117160.18
11530560,11,34567.79,123376.27
11530560,12,38356.13,134181.82
11530560,13,36397.05,126725.05
11530560,14,35992.3,121511.51
11530560,15,37866.78,122856.95
11530560,16,43799.13,129365.09
11530560,1700,20382.4,50638.1
11530560,1720,21052.07,49392.85
11530560,1740,21019.4,50190.61
11530560,1800,32543.97,66914.88
11530560,1820,20167.98,44374.3
11530560,1840,17207.75,38052.96
11530560,1900,17171.4,37740.13
11530560,1920,13215.46,30692.06
11530560,1940,13397.51,30296.79
11530560,20,37524.020000000004,80681.96
11530560,21,31907.3,66171.6
11530560,22,19820.97,42028.58
11530560,23,3199.62,7552.39
11530595,00,1261.8700000000001,2145.85
11530595,01,2426.29,4211.78
11530595,02,1744.9,3406.42
11530595,03,1333.24,3064.95
11530595,04,1415.86,4146.51
11530595,05,2396.7599999999998,7984.71
11530595,06,9831.22,24170.92
11530595,0700,6813.8,14842.61
11530595,0720,8602.93,16916.71
11530595,0740,10132.78,18150.38
11530595,0800,11127.31,20307.26
11530595,0820,8767.4,16639.44
11530595,0840,5874.88,12408.64
11530595,0900,4036.25,10020.89
11530595,0920,3322.71,8710.06
11530595,0940,2277.21,7119.83
11530595,10,5316.7300000000005,19064.85
11530595,11,5749.25,18413.3
11530595,12,7829.05,22971.079999999998
11530595,13,6793.78,20382.37
11530595,14,5545.66,18206.8
11530595,15,5921.19,19129.87
11530595,16,7567.7,21103.83
11530595,1700,3897.11,8574.74
11530595,1720,4019.2,8407.7
11530595,1740,3869.15,8243.46
11530595,1800,6859.6900000000005,12562.81
11530595,1820,4180.78,8303.289999999999
11530595,1840,3561.73,7417.57
11530595,1900,4028.32,7734.16
11530595,1920,3215.59,6379.61
11530595,1940,3060.45,6362.1
11530595,20,8925.73,17728.13
11530595,21,7838.1900000000005,15048.3
11530595,22,5259.93,10103.79
11530595,23,852.22,1786.29
11530720,00,2805.92,6073.0199999999995
11530720,01,5353.08,12879.75
11530720,02,3792.51,9708.39
11530720,03,2776.96,8178.72
11530720,04,2896.34,10345.66
11530720,05,5283.21,23279.27
11530720,06,10414.56,44627.45
11530720,0700,5700.26,22975.91
11530720,0720,7548.67,29848.29
11530720,0740,8783.95,33108.76
11530720,0800,9514.83,35463.68
11530720,0820,9271.98,37326.15
11530720,0840,9080.53,29248.51
11530720,0900,8238.16,28830.329999999998
11530720,0920,7926.45,30596.27
11530720,0940,7291.9,29951.13
11530720,10,20548.73,85920.57
11530720,11,23483.010000000002,89795.49
11530720,12,28620.29,103600.41
11530720,13,26692.69,103336.09
11530720,14,24749.32,100204.61
11530720,15,26399.97,106469.87
11530720,16,32154.510000000002,112944.81
11530720,1700,14296.65,41254.58
11530720,1720,13609.19,39978.39
11530720,1740,14060.67,40613.18
11530720,1800,20245.5,51260.55
11530720,1820,13102.09,36342.37
11530720,1840,11475.26,33392.26
11530720,1900,12081.42,33759.71
11530720,1920,10305.44,29395.26
11530720,1940,9754.01,27656.77
11530720,20,27231.02,71666.45
11530720,21,22239.26,53093.46
11530720,22,13927.0,34985.88
11530720,23,2227.14,6289.84
11530730,00,1070.57,2597.8
11530730,01,1950.6,4731.57
11530730,02,1445.53,3914.63
11530730,03,882.73,2895.96
11530730,04,846.98,3689.58
11530730,05,1346.6100000000001,6864.28
11530730,06,2063.96,13245.41
11530730,0700,1097.76,6713.51
11530730,0720,1275.24,7992.04
11530730,0740,1490.26,8841.18
11530730,0800,1757.1,9331.35
11530730,0820,1907.58,11088.1
11530730,0840,1381.6000000000001,8476.710000000001
11530730,0900,1249.79,7441.12
11530730,0920,1117.08,7527.32
11530730,0940,1275.65,7549.76
11530730,10,3808.21,23219.23
11530730,11,4368.79,25136.66
11530730,12,5209.33,29365.12
11530730,13,5289.41,30722.0
11530730,14,5704.59,34125.95
11530730,15,7225.12,39385.46
11530730,16,9047.71,44472.91
11530730,1700,4395.33,16795.16
11530730,1720,4433.47,16493.4
11530730,1740,4776.15,17024.05
11530730,1800,6837.62,21625.81
11530730,1820,4553.36,15283.54
11530730,1840,3838.28,13215.279999999999
11530730,1900,3688.25,13428.83
11530730,1920,3270.1,11731.97
11530730,1940,3460.7,12170.67
11530730,20,9630.83,32041.5
11530730,21,8926.1,27203.34
11530730,22,5510.97,16438.63
11530730,23,632.73,2491.54
11530740,00,2764.95,6881.9
11530740,01,5324.7,13709.63
11530740,02,4009.7799999999997,10686.7
11530740,03,2939.16,8351.74
11530740,04,2715.0,9894.04
11530740,05,3974.18,17722.04
11530740,06,5909.74,31071.84
11530740,0700,3122.46,14456.76
11530740,0720,3802.34,17859.05
11530740,0740,3905.11,18700.53
11530740,0800,4286.74,21447.92
11530740,0820,4343.31,21923.11
11530740,0840,3905.9,17669.07
11530740,0900,3257.26,17137.58
11530740,0920,3314.51,16994.85
11530740,0940,3301.88,17483.55
11530740,10,10117.63,51322.66
11530740,11,11556.01,55767.17
11530740,12,13006.84,61460.95
11530740,13,13903.869999999999,66476.64
11530740,14,14451.16,71584.8
11530740,15,16790.32,83242.48
11530740,16,21924.45,93689.63
11530740,1700,10596.84,34901.31
11530740,1720,10599.49,34401.4
11530740,1740,10565.62,34894.83
11530740,1800,16589.76,44646.61
11530740,1820,9905.69,30783.93
11530740,1840,8901.32,28158.010000000002
11530740,1900,9558.73,29051.62
11530740,1920,7976.65,25474.08
11530740,1940,8196.77,25071.53
11530740,20,23993.69,70451.70999999999
11530740,21,21950.2,60886.36
11530740,22,13470.55,36689.28
11530740,23,2239.07,7029.7699999999995
11530750,00,2226.11,5350.93
11530750,01,4105.68,10387.64
11530750,02,3166.05,8329.49
11530750,03,2230.71,6635.62
11530750,04,2109.05,7793.93
11530750,05,2819.85,11820.42
11530750,06,4434.17,19117.69
11530750,0700,2079.0,7975.13
11530750,0720,2265.85,8793.45
11530750,0740,2252.56,9484.82
11530750,0800,2399.27,11328.39
11530750,0820,2564.38,11333.13
11530750,0840,2299.28,10163.75
11530750,0900,2149.47,10165.46
11530750,0920,2045.59,10056.84
11530750,0940,2072.73,9818.3
11530750,10,6559.28,31894.670000000002
11530750,11,7742.24,36444.68
11530750,12,8590.32,40538.090000000004
11530750,13,9264.83,43581.55
11530750,14,10386.8,48841.79
11530750,15,12831.22,58931.87
11530750,16,16247.5,66802.98
11530750,1700,7870.23,27270.41
11530750,1720,8444.41,27550.94
11530750,1740,8229.41,25981.22
11530750,1800,13745.23,36840.75
11530750,1820,7977.54,23651.07
11530750,1840,7141.91,21879.92
11530750,1900,7344.01,21834.41
11530750,1920,6241.54,19258.57
11530750,1940,6309.47,18897.66
11530750,20,19449.510000000002,53891.48
11530750,21,17814.33,46228.87
11530750,22,10810.32,28309.84
11530750,23,1639.3700000000001,5003.11
11530760,00,1451.74,3828.11
11530760,01,2578.06,7442.71
11530760,02,1849.01,5491.47
11530760,03,1387.94,4993.72
11530760,04,1399.71,6379.18
11530760,05,1974.24,10239.16
11530760,06,3413.56,19366.05
11530760,0700,1607.96,8621.77
11530760,0720,2184.27,11684.09
11530760,0740,3519.05,13125.77
11530760,0800,3256.7000000000003,14795.76
11530760,0820,2624.04,16480.37
11530760,0840,2294.1,12812.68
11530760,0900,2036.46,11691.53
11530760,0920,2244.1,12135.88
11530760,0940,1856.18,11314.64
11530760,10,5362.54,33744.6
11530760,11,6215.56,36294.54
11530760,12,7630.96,43252.64
11530760,13,7813.55,43747.11
11530760,14,7389.91,46002.33
11530760,15,8539.11,50198.97
11530760,16,9786.98,54683.66
11530760,1700,4858.2300000000005,20481.95
11530760,1720,4760.66,19297.43
11530760,1740,4553.44,19620.36
11530760,1800,7407.95,25561.72
11530760,1820,4547.07,17173.55
11530760,1840,4067.34,15780.04
11530760,1900,4194.34,16593.4
11530760,1920,3644.15,13914.62
11530760,1940,4033.04,14907.2
11530760,20,11009.630000000001,39432.1
11530760,21,10537.39,32899.64
11530760,22,6459.0,19695.24
11530760,23,968.37,3301.8
11530770,00,2487.92,4831.63
11530770,01,4511.01,9419.59
11530770,02,3224.55,6965.14
11530770,03,2478.65,5576.42
11530770,04,1990.03,6575.95
11530770,05,2849.65,9116.65
11530770,06,4552.39,16123.53
11530770,0700,2215.86,7532.67
11530770,0720,2877.8,9386.8
11530770,0740,3905.68,11411.63
11530770,0800,4439.8,13313.61
11530770,0820,4155.95,15170.7
11530770,0840,3898.99,13839.72
11530770,0900,3565.88,13917.52
11530770,0920,3318.3199999999997,13128.73
11530770,0940,3054.58,12303.62
11530770,10,8229.66,34217.16
11530770,11,11092.0,39916.47
11530770,12,13696.52,46478.08
11530770,13,14691.08,49767.43
11530770,14,13847.369999999999,48619.58
11530770,15,15840.52,54556.87
11530770,16,21245.41,61148.590000000004
11530770,1700,9901.8,25215.62
11530770,1720,10707.92,24844.9
11530770,1740,11122.39,25057.55
11530770,1800,17444.14,33939.6
11530770,1820,10378.47,21791.25
11530770,1840,9089.58,20635.27
11530770,1900,9576.1,20456.29
11530770,1920,7806.65,17261.99
11530770,1940,7600.05,16979.41
11530770,20,22748.91,47655.18
11530770,21,20335.52,40427.6
11530770,22,11902.77,23960.29
11530770,23,2101.44,4873.04
11530780,00,2496.77,6207.7
11530780,01,4556.77,12947.92
11530780,02,3412.6,9643.54
11530780,03,2504.43,8377.7
11530780,04,2335.63,11164.05
11530780,05,4113.37,22374.53
11530780,06,11662.74,53859.2
11530780,0700,5826.62,24044.55
11530780,0720,6513.14,26981.11
11530780,0740,7555.37,30864.559999999998
11530780,0800,6831.78,34364.06
11530780,0820,6594.66,33694.58
11530780,0840,5286.9,25325.739999999998
11530780,0900,4166.43,21887.21
11530780,0920,4142.65,21679.41
11530780,0940,3977.9700000000003,21041.66
11530780,10,12806.14,62850.39
11530780,11,13608.18,66993.35
11530780,12,16210.15,80317.34
11530780,13,16183.97,81456.88
11530780,14,16331.59,87469.48
11530780,15,18235.18,99761.64
11530780,16,21211.97,105649.92
11530780,1700,9403.43,39147.96
11530780,1720,9737.89,39584.73
11530780,1740,9598.52,39324.05
11530780,1800,15915.52,50720.65
11530780,1820,8959.78,34252.520000000004
11530780,1840,8299.69,32650.47
11530780,1900,8738.11,32872.94
11530780,1920,7347.85,27595.010000000002
11530780,1940,7412.66,27372.06
11530780,20,23020.239999999998,77519.56
11530780,21,21325.82,66301.18000000001
11530780,22,13096.54,40663.53
11530780,23,2124.2799999999997,7164.49
11530790,00,1451.98,3620.02
11530790,01,2488.66,6418.1900000000005
11530790,02,1582.24,4749.83
11530790,03,1218.93,4301.8
11530790,04,1211.77,6330.76
11530790,05,2267.42,13845.11
11530790,06,5538.77,39301.92
11530790,0700,3242.84,22116.15
11530790,0720,3586.84,23631.64
11530790,0740,3453.11,19193.86
11530790,0800,3837.59,17980.43
11530790,0820,2946.24,17333.65
11530790,0840,2201.33,14249.16
11530790,0900,2080.68,14281.41
11530790,0920,1866.15,13033.8
11530790,0940,2203.95,13978.0
11530790,10,5436.93,34219.45
11530790,11,6003.55,34411.6
11530790,12,8274.17,43859.659999999996
11530790,13,7808.05,44947.0
11530790,14,9140.27,50515.62
11530790,15,9143.19,54610.96
11530790,16,12139.18,60477.06
11530790,1700,5366.71,21941.14
11530790,1720,5547.54,21585.53
11530790,1740,5480.89,21848.68
11530790,1800,9760.44,29543.670000000002
11530790,1820,5500.09,20474.66
11530790,1840,5464.93,19486.02
11530790,1900,5488.17,19499.24
11530790,1920,4811.7,17332.34
11530790,1940,4856.64,17151.18
11530790,20,14363.21,46721.83
11530790,21,13299.33,39235.020000000004
11530790,22,7600.34,22113.23
11530790,23,1303.11,5092.55
11530800,00,780.8900000000001,1812.16
11530800,01,1515.05,3680.15
11530800,02,1058.71,2897.0
11530800,03,619.23,1963.6100000000001
11530800,04,743.36,2927.72
11530800,05,1225.21,5180.3099999999995
11530800,06,2833.89,11158.5
11530800,0700,1525.16,5735.54
11530800,0720,1879.9,6262.69
11530800,0740,2533.92,7978.22
11530800,0800,2599.83,9136.49
11530800,0820,2846.4,10838.29
11530800,0840,1958.44,7321.16
11530800,0900,1676.33,6302.03
11530800,0920,1500.99,5879.36
11530800,0940,1512.47,5639.89
11530800,10,4456.3,16973.64
11530800,11,5823.45,20472.87
11530800,12,6425.22,24383.17
11530800,13,6407.04,25845.71
11530800,14,6856.51,27199.67
11530800,15,6687.88,28193.670000000002
11530800,16,7900.4400000000005,30600.18
11530800,1700,4128.400000000001,11971.82
11530800,1720,3509.07,11139.87
11530800,1740,3482.23,11440.06
11530800,1800,5807.74,15192.220000000001
11530800,1820,3541.4300000000003,10257.75
11530800,1840,2996.57,9407.27
11530800,1900,3345.1200000000003,9598.11
11530800,1920,2656.44,7738.25
11530800,1940,2979.8,8456.83
11530800,20,7583.1,22350.920000000002
11530800,21,7428.05,19153.5
11530800,22,3968.86,10579.22
11530800,23,549.63,1716.75
11545510,00,5410.3,8837.03
11545510,01,10374.119999999999,17700.41
11545510,02,7948.94,14392.48
11545510,03,5927.14,12060.61
11545510,04,6809.76,19952.36
11545510,05,28065.6,92889.87
11545510,06,132947.4,334359.48
11545510,0700,93473.56999999999,199178.72
11545510,0720,118988.72,236863.41999999998
11545510,0740,133873.09,256296.95
11545510,0800,136434.38,254012.05
11545510,0820,112715.99,215375.43
11545510,0840,77270.92,158968.65
11545510,0900,57100.18,124931.14
11545510,0920,41201.63,97050.6
11545510,0940,27948.920000000002,74396.12
11545510,10,60529.76,180352.09
11545510,11,73439.05,197477.58000000002
11545510,12,89136.45,230046.37
11545510,13,71018.69,194016.22
11545510,14,55078.56,156024.19
11545510,15,54612.44,144812.37
11545510,16,61152.59,144448.95
11545510,1700,29594.95,58253.65
11545510,1720,29825.89,56127.98
11545510,1740,29616.79,55411.21
11545510,1800,52814.81,86112.4
11545510,1820,30642.66,53353.28
11545510,1840,25832.46,46042.83
11545510,1900,27247.26,46299.32
11545510,1920,21575.61,37654.03
11545510,1940,20009.62,34857.58
11545510,20,53917.87,90137.34
11545510,21,42449.79,68597.12
11545510,22,25144.86,40744.74
11545510,23,4711.02,7945.13
11545610,00,6259.81,11843.66
11545610,01,12182.44,22943.23
11545610,02,8655.8,16862.66
11545610,03,6406.13,14130.6
11545610,04,6281.38,16909.77
11545610,05,9182.72,32255.35
11545610,06,20764.86,75358.98
11545610,0700,10658.1,38384.69
11545610,0720,12902.15,43570.49
11545610,0740,12539.4,44653.3
11545610,0800,12504.94,45919.87
11545610,0820,11317.47,40831.44
11545610,0840,8824.07,29906.37
11545610,0900,7199.43,26035.12
11545610,0920,6644.9400000000005,25564.96
11545610,0940,6279.75,23742.03
11545610,10,18344.94,69966.95
11545610,11,21513.03,75568.97
11545610,12,26919.21,91243.99
11545610,13,27122.55,94786.38
11545610,14,28985.64,99664.72
11545610,15,32404.89,107313.91
11545610,16,40296.020000000004,119116.18
11545610,1700,20985.69,48725.46
11545610,1720,21230.65,48693.67
11545610,1740,21397.13,48519.87
11545610,1800,38897.37,72667.84
11545610,1820,22470.81,47546.77
11545610,1840,19872.89,42293.3
11545610,1900,21046.28,44449.72
11545610,1920,18082.57,38413.46
11545610,1940,17029.16,36658.75
11545610,20,52854.58,107764.33
11545610,21,47313.86,91676.56
11545610,22,29172.45,57225.12
11545610,23,4563.53,9903.77
11545620,00,1413.61,2985.4700000000003
11545620,01,2684.63,5416.95
11545620,02,1877.58,4285.06
11545620,03,1442.31,3383.25
11545620,04,1284.07,3763.59
11545620,05,1404.85,5869.6
11545620,06,2242.9,11288.57
11545620,0700,1039.66,5181.66
11545620,0720,1164.9,5438.84
11545620,0740,1140.35,6012.75
11545620,0800,1195.1,6796.32
11545620,0820,1330.82,7309.78
11545620,0840,1239.21,5753.17
11545620,0900,1179.16,5542.85
11545620,0920,1298.11,5897.97
11545620,0940,1027.06,5457.88
11545620,10,3655.77,17697.12
11545620,11,4161.7,19412.19
11545620,12,4589.81,21737.05
11545620,13,5360.74,22252.11
11545620,14,5853.59,25444.760000000002
11545620,15,6485.01,29051.88
11545620,16,8620.7,32511.97
11545620,1700,4362.58,12574.56
11545620,1720,4188.37,12685.51
11545620,1740,4462.65,13403.57
11545620,1800,7403.83,17474.89
11545620,1820,4648.12,12120.05
11545620,1840,4215.97,11215.24
11545620,1900,4459.39,12716.94
11545620,1920,3590.24,9896.49
11545620,1940,3541.84,9653.93
11545620,20,10700.84,28010.08
11545620,21,9327.63,23513.38
11545620,22,6051.88,14508.12
11545620,23,852.03,2393.66
11545630,00,1735.54,3664.09
11545630,01,3012.2799999999997,6566.09
11545630,02,2160.38,5058.84
11545630,03,1657.97,4418.15
11545630,04,1544.6299999999999,5105.64
11545630,05,1925.57,8153.28
11545630,06,3498.0299999999997,16060.86
11545630,0700,1987.4,8926.24
11545630,0720,2064.29,10832.23
11545630,0740,2366.04,12437.92
11545630,0800,2789.81,13340.44
11545630,0820,2608.45,11744.34
11545630,0840,1674.26,8933.66
11545630,0900,1543.57,8964.41
11545630,0920,1505.01,9027.61
11545630,0940,1516.49,8566.41
11545630,10,4649.57,24493.22
11545630,11,5517.68,25971.9
11545630,12,7007.19,31011.72
11545630,13,7211.36,32992.57
11545630,14,7434.71,34559.87
11545630,15,8948.15,38762.28
11545630,16,11139.97,41842.69
11545630,1700,5891.5,18356.76
11545630,1720,6057.34,17346.52
11545630,1740,5647.77,16570.71
11545630,1800,9342.619999999999,23723.23
11545630,1820,6070.28,15990.800000000001
11545630,1840,5011.5199999999995,14316.24
11545630,1900,5795.25,16593.36
11545630,1920,4984.48,13022.27
11545630,1940,4693.8,12373.45
11545630,20,13686.62,34272.0
11545630,21,12592.36,31132.16
11545630,22,7939.48,18595.15
11545630,23,1038.1,2969.14
11545640,00,1346.51,3528.98
11545640,01,2525.13,6278.69
11545640,02,1976.97,5079.11
11545640,03,1470.28,4143.47
11545640,04,1329.28,5008.2
11545640,05,1880.82,8578.97
11545640,06,3839.56,16410.31
11545640,0700,2181.44,7861.99
11545640,0720,2257.93,8692.97
11545640,0740,2798.18,10401.74
11545640,0800,3135.54,12494.32
11545640,0820,3035.11,13302.44
11545640,0840,2673.29,11165.95
11545640,0900,2019.21,11013.14
11545640,0920,1971.95,11970.89
11545640,0940,2034.1200000000001,10119.47
11545640,10,6053.94,30992.66
11545640,11,7366.3,32470.09
11545640,12,7902.16,35191.68
11545640,13,8408.21,37158.15
11545640,14,8128.13,38987.37
11545640,15,9046.210000000001,40935.340000000004
11545640,16,10654.96,43163.729999999996
11545640,1700,5237.26,17039.45
11545640,1720,4864.53,15978.55
11545640,1740,5259.12,16088.43
11545640,1800,9006.74,23231.61
11545640,1820,5757.54,16476.19
11545640,1840,4672.55,14465.22
11545640,1900,5587.09,15764.0
11545640,1920,4519.54,12876.31
11545640,1940,4289.38,12072.12
11545640,20,12515.36,34473.07
11545640,21,10322.67,26723.22
11545640,22,6634.3,16331.94
11545640,23,1159.55,3408.39
11545670,00,2733.16,6358.610000000001
11545670,01,5002.54,11972.35
11545670,02,3530.86,8383.89
11545670,03,2697.72,7258.63
11545670,04,2536.59,9763.31
11545670,05,4380.63,20371.98
11545670,06,12531.09,46041.99
11545670,0700,7013.88,23613.15
11545670,0720,8980.5,30040.77
11545670,0740,9691.19,29823.1
11545670,0800,9350.37,33042.31
11545670,0820,8537.63,32953.75
11545670,0840,5961.46,25498.2
11545670,0900,5140.39,23218.14
11545670,0920,4259.18,21933.21
11545670,0940,3869.61,21141.8
11545670,10,11590.24,64175.73
11545670,11,13972.27,68830.21
11545670,12,16874.07,81851.17
11545670,13,16158.75,79915.94
11545670,14,16378.59,78402.76
11545670,15,18933.64,85801.45
11545670,16,23330.31,95619.99
11545670,1700,11748.69,36698.52
11545670,1720,11979.89,36387.62
11545670,1740,10785.96,35045.24
11545670,1800,18959.27,48377.2
11545670,1820,10646.59,31941.5
11545670,1840,9558.78,29398.14
11545670,1900,10207.77,29861.46
11545670,1920,8855.43,25581.45
11545670,1940,8208.86,24389.19
11545670,20,24682.19,68499.66
11545670,21,20958.11,52632.61
11545670,22,12326.04,31836.25
11545670,23,2112.15,5976.71
11545680,00,1050.5,3727.97
11545680,01,2065.3,7076.37
11545680,02,1513.48,5180.21
11545680,03,1000.49,4335.38
11545680,04,1033.9,5377.35
11545680,05,1383.74,10075.71
11545680,06,2882.84,21017.75
11545680,0700,1690.28,11136.31
11545680,0720,1632.02,11876.47
11545680,0740,1366.28,10464.75
11545680,0800,1376.44,10500.35
11545680,0820,1318.27,9708.86
11545680,0840,1178.88,7625.56
11545680,0900,1156.48,7880.19
11545680,0920,1248.18,8654.89
11545680,0940,1095.02,8755.55
11545680,10,3628.23,25127.15
11545680,11,4396.3099999999995,27338.07
11545680,12,5376.66,32703.78
11545680,13,6081.46,35597.04
11545680,14,6260.06,39421.04
11545680,15,6896.16,45419.65
11545680,16,8358.460000000001,49212.37
11545680,1700,3911.5,18910.34
11545680,1720,3673.32,17850.55
11545680,1740,3924.4700000000003,17631.72
11545680,1800,6775.18,23958.88
11545680,1820,3777.63,17096.46
11545680,1840,3263.53,14903.0
11545680,1900,3573.13,15949.29
11545680,1920,3144.53,14575.630000000001
11545680,1940,3172.46,13997.03
11545680,20,9516.58,39224.12
11545680,21,9157.56,35618.57
11545680,22,5847.02,22189.58
11545680,23,836.8,3719.26
11545690,00,600.4300000000001,1646.76
11545690,01,1195.31,3448.83
11545690,02,972.63,2841.94
11545690,03,739.77,2508.65
11545690,04,683.12,3832.62
11545690,05,1315.75,8541.72
11545690,06,4424.63,22285.6
11545690,0700,2625.41,12305.09
11545690,0720,3187.6,16310.08
11545690,0740,3784.82,14646.82
11545690,0800,3254.98,13595.98
11545690,0820,2789.97,12361.960000000001
11545690,0840,1868.65,9887.74
11545690,0900,1580.67,8706.62
11545690,0920,1334.41,7495.8099999999995
11545690,0940,1013.22,6489.82
11545690,10,3374.24,20635.89
11545690,11,3672.92,22006.31
11545690,12,4401.79,25253.13
11545690,13,4602.55,27018.03
11545690,14,4539.58,26827.04
11545690,15,4885.61,27426.62
11545690,16,5647.14,28445.21
11545690,1700,2969.58,10577.03
11545690,1720,2681.62,10330.19
11545690,1740,2553.23,10315.74
11545690,1800,4057.1000000000004,12803.78
11545690,1820,2472.66,8962.68
11545690,1840,2010.96,8135.37
11545690,1900,2222.2799999999997,8424.12
11545690,1920,1842.29,7407.42
11545690,1940,2001.7,7022.6900000000005
11545690,20,5963.49,20210.33
11545690,21,5215.64,16279.42
11545690,22,2887.62,9283.17
11545690,23,534.37,1805.51
11545700,00,1038.07,2785.22
11545700,01,1931.37,5224.97
11545700,02,1417.24,4052.43
11545700,03,982.51,3550.6
11545700,04,899.13,4112.84
11545700,05,887.5799999999999,5411.78
11545700,06,1358.85,9157.28
11545700,0700,752.37,3890.72
11545700,0720,996.3,5115.96
11545700,0740,1074.88,6589.14
11545700,0800,1345.77,8558.96
11545700,0820,1206.85,11696.96
11545700,0840,1016.69,6642.46
11545700,0900,940.66,6025.85
11545700,0920,907.49,6407.33
11545700,0940,900.86,6720.4400000000005
11545700,10,2968.38,20149.22
11545700,11,3282.73,22231.39
11545700,12,4027.88,25791.04
11545700,13,4648.39,28750.29
11545700,14,5021.75,32739.25
11545700,15,5997.79,36684.85
11545700,16,7703.62,42309.68
11545700,1700,3711.74,15942.35
11545700,1720,3920.11,15381.73
11545700,1740,3750.66,15991.93
11545700,1800,6689.0599999999995,20968.06
11545700,1820,3437.37,14546.5
11545700,1840,3043.06,12342.289999999999
11545700,1900,3447.5,13921.51
11545700,1920,2709.45,11033.72
11545700,1940,2907.27,11251.71
11545700,20,9354.88,33655.22
11545700,21,7819.02,26329.9
11545700,22,5022.83,14982.67
11545700,23,681.65,2401.72
11545710,00,1076.65,3070.84
11545710,01,2202.18,5774.98
11545710,02,1485.2,3952.27
11545710,03,1129.02,3941.4
11545710,04,1077.44,5049.23
11545710,05,1281.03,7463.39
11545710,06,2402.95,13238.04
11545710,0700,1072.73,6127.26
11545710,0720,1378.42,7655.83
11545710,0740,1359.35,8651.26
11545710,0800,1377.79,10802.03
11545710,0820,1601.51,11058.82
11545710,0840,1202.16,9058.43
11545710,0900,1223.95,8627.3
11545710,0920,1311.75,9315.35
11545710,0940,1405.57,9532.17
11545710,10,4217.43,27323.1
11545710,11,4850.11,29728.18
11545710,12,5810.99,33805.7
11545710,13,5798.86,34762.090000000004
11545710,14,6498.1,37578.05
11545710,15,7409.17,42164.2
11545710,16,9324.06,45955.47
11545710,1700,4631.52,17566.54
11545710,1720,4315.83,16798.9
11545710,1740,4092.18,16508.1
11545710,1800,7263.41,22563.39
11545710,1820,3907.63,15187.210000000001
11545710,1840,3571.28,13187.31
11545710,1900,3877.96,14543.81
11545710,1920,3218.25,11955.95
11545710,1940,3208.1,12133.7
11545710,20,9466.65,32189.37
11545710,21,8279.0,25623.58
11545710,22,4911.3,14914.220000000001
11545710,23,789.87,2863.69
11560515,00,2158.68,4234.67
11560515,01,4028.69,7910.34
11560515,02,2872.07,5642.12
11560515,03,2219.52,4758.77
11560515,04,2053.35,5952.7699999999995
11560515,05,2940.86,11704.32
11560515,06,5322.05,25289.43
11560515,0700,3230.39,14332.48
11560515,0720,3171.42,17355.35
11560515,0740,3636.34,15821.5
11560515,0800,3804.91,16758.77
11560515,0820,3871.62,17688.47
11560515,0840,3661.17,16836.57
11560515,0900,3941.25,17248.920000000002
11560515,0920,3569.0099999999998,16760.36
11560515,0940,3479.0,16567.18
11560515,10,10585.31,53790.64
11560515,11,12930.56,56533.62
11560515,12,14323.86,59570.31
11560515,13,14745.16,60137.67
11560515,14,15371.43,62329.700000000004
11560515,15,16291.86,63633.11
11560515,16,19483.28,68582.0
11560515,1700,9749.9,26410.1
11560515,1720,9345.46,25215.74
11560515,1740,9336.2,24968.19
11560515,1800,16273.59,35444.62
11560515,1820,9602.12,22967.19
11560515,1840,8044.25,19815.27
11560515,1900,8269.74,19527.66
11560515,1920,6731.7,16673.4
11560515,1940,7057.95,16487.68
11560515,20,21249.68,47123.98
11560515,21,18714.16,39030.38
11560515,22,11771.46,24328.31
11560515,23,2015.66,4272.13
11560535,00,7134.15,10908.47
11560535,01,12756.789999999999,20143.28
11560535,02,8620.09,14691.22
11560535,03,6385.88,12658.45
11560535,04,6102.76,17676.25
11560535,05,13634.09,44922.67
11560535,06,45135.409999999996,125386.57
11560535,0700,28109.42,76200.29
11560535,0720,38233.02,93644.56
11560535,0740,42217.6,102562.82
11560535,0800,40878.08,101013.03
11560535,0820,32295.079999999998,85786.67
11560535,0840,26096.75,73325.53
11560535,0900,23959.43,70192.97
11560535,0920,21098.47,66043.84
11560535,0940,18739.48,63903.31
11560535,10,61513.56,202648.49
11560535,11,75106.51,225774.18
11560535,12,86866.41,250195.33
11560535,13,81324.73,227210.43
11560535,14,81180.76,206451.04
11560535,15,85443.74,204030.97
11560535,16,96700.95,209664.0
11560535,1700,44008.0,83033.76
11560535,1720,44685.74,80310.62
11560535,1740,45467.46,80981.99
11560535,1800,71184.21,114584.39
11560535,1820,45124.65,74720.57
11560535,1840,36362.7,61319.25
11560535,1900,36189.5,59678.22
11560535,1920,30805.71,51152.049999999996
11560535,1940,29401.94,47836.840000000004
11560535,20,79848.63,126805.75
11560535,21,63503.18,97666.28
11560535,22,38106.85,59202.31
11560535,23,6148.01,10019.8
11560540,00,4674.88,10466.48
11560540,01,8913.37,21618.99
11560540,02,6573.34,17112.99
11560540,03,5569.85,22535.43
11560540,04,10269.57,54752.29
11560540,05,60464.95,211897.93
11560540,06,275119.07,704617.72
11560540,0700,171133.38,381953.66
11560540,0720,198036.97,404564.02
11560540,0740,187190.37,370256.12
11560540,0800,175666.72,348865.07
11560540,0820,141653.42,291227.53
11560540,0840,95008.29000000001,211525.63
11560540,0900,75665.43,180355.49
11560540,0920,59294.93,151747.94
11560540,0940,49815.35,134324.46
11560540,10,157079.22,420623.65
11560540,11,251601.99,584558.66
11560540,12,277282.83999999997,630595.18
11560540,13,176378.59,446032.81
11560540,14,140558.85,353763.68
11560540,15,132499.73,333464.13
11560540,16,135229.38,328120.69
11560540,1700,53442.08,124205.63
11560540,1720,54466.39,121229.70999999999
11560540,1740,53386.97,118478.88
11560540,1800,73896.48,148140.88
11560540,1820,47899.31,100226.63
11560540,1840,36602.36,81961.63
11560540,1900,32969.49,75575.47
11560540,1920,26210.83,60592.93
11560540,1940,23568.79,54535.8
11560540,20,58837.52,137422.78
11560540,21,42550.24,100721.87
11560540,22,24174.09,58831.16
11560540,23,3774.5,9866.08
11560550,00,3047.52,5329.44
11560550,01,5691.83,10501.2
11560550,02,3893.69,7396.6
11560550,03,2742.66,6366.22
11560550,04,2388.56,8124.86
11560550,05,3978.56,20520.41
11560550,06,15374.6,56556.82
11560550,0700,11087.67,33837.12
11560550,0720,15207.869999999999,42975.94
11560550,0740,16600.54,46444.71
11560550,0800,16811.26,46719.4
11560550,0820,13840.25,40354.6
11560550,0840,9662.82,30466.44
11560550,0900,7619.47,26750.649999999998
11560550,0920,7328.68,26033.829999999998
11560550,0940,6594.63,24172.73
11560550,10,20098.17,69160.22
11560550,11,27025.1,78149.77
11560550,12,28991.4,83620.98
11560550,13,25780.4,76287.78
11560550,14,23668.69,70626.85
11560550,15,24746.87,72542.47
11560550,16,29597.98,78585.73
11560550,1700,14657.59,32988.51
11560550,1720,15082.05,33229.75
11560550,1740,15510.45,33276.43
11560550,1800,27296.34,50731.68
11560550,1820,16429.6,32150.55
11560550,1840,13138.66,26375.09
11560550,1900,13306.86,25686.74
11560550,1920,11286.83,21996.81
11560550,1940,10431.98,20833.03
11560550,20,30493.42,58769.270000000004
11560550,21,26441.32,48793.6
11560550,22,17166.23,31097.47
11560550,23,2478.17,4987.83
11560560,00,4354.75,7453.75
11560560,01,7380.83,13335.69
11560560,02,5563.15,10117.03
11560560,03,3764.55,8015.28
11560560,04,3538.48,11391.01
11560560,05,8884.13,30137.64
11560560,06,27113.8,75792.55
11560560,0700,18087.51,43888.42
11560560,0720,24114.88,54564.71
11560560,0740,27608.71,60062.840000000004
11560560,0800,27827.09,62666.82
11560560,0820,21744.8,54892.03
11560560,0840,15496.11,40511.43
11560560,0900,13631.57,34979.81
11560560,0920,11149.77,31952.48
11560560,0940,9457.16,29766.940000000002
11560560,10,27293.85,84355.56
11560560,11,34313.94,98518.36
11560560,12,41016.44,113420.55
11560560,13,38918.37,110294.02
11560560,14,36071.96,107756.76
11560560,15,38719.21,111973.45
11560560,16,48435.909999999996,125849.81
11560560,1700,24226.28,53265.2
11560560,1720,25256.0,52821.86
11560560,1740,25961.79,54246.48
11560560,1800,43999.36,79407.44
11560560,1820,26779.19,50668.46
11560560,1840,22094.59,43294.19
11560560,1900,21691.33,42546.56
11560560,1920,18301.04,35272.45
11560560,1940,17761.05,34632.15
11560560,20,50142.26,95768.73
11560560,21,43558.79,81648.5
11560560,22,27424.04,50812.39
11560560,23,3975.06,7819.39
11560585,00,1921.98,3963.89
11560585,01,3560.63,7415.91
11560585,02,2688.2,5732.41
11560585,03,2106.31,4920.48
11560585,04,1967.2,6334.85
11560585,05,2238.13,10948.35
11560585,06,3869.42,18081.85
11560585,0700,1789.59,7925.02
11560585,0720,2060.31,8007.62
11560585,0740,2433.83,9313.5
11560585,0800,2572.95,10514.2
11560585,0820,2389.71,11788.78
11560585,0840,1993.08,9812.31
11560585,0900,1693.96,9145.79
11560585,0920,1759.95,9364.16
11560585,0940,1856.6,8703.58
11560585,10,5983.69,27707.2
11560585,11,7123.34,29508.59
11560585,12,8584.58,35002.64
11560585,13,8452.47,34086.18
11560585,14,8943.45,36131.45
11560585,15,10264.84,40867.49
11560585,16,12736.08,46198.9
11560585,1700,6185.81,18704.6
11560585,1720,6263.87,17648.54
11560585,1740,6865.91,18536.41
11560585,1800,12120.39,26816.53
11560585,1820,7087.04,18471.48
11560585,1840,6332.7699999999995,17148.89
11560585,1900,6855.79,17339.32
11560585,1920,5770.86,14809.2
11560585,1940,5902.54,14603.18
11560585,20,17107.6,40718.04
11560585,21,15355.75,35035.22
11560585,22,9438.27,21048.72
11560585,23,1375.42,3572.98
11560605,00,3119.33,6947.74
11560605,01,5997.6,13772.39
11560605,02,4079.07,9861.76
11560605,03,2936.71,8637.89
11560605,04,3511.11,13140.2
11560605,05,10153.91,40176.61
11560605,06,43989.45,126994.81
11560605,0700,30578.15,78091.42
11560605,0720,40887.39,95241.02
11560605,0740,46364.29,102314.32
11560605,0800,44960.35,101173.65
11560605,0820,34700.26,88519.77
11560605,0840,24689.55,61549.87
11560605,0900,19802.08,51340.32
11560605,0920,16063.539999999999,45362.1
11560605,0940,12775.42,39192.92
11560605,10,34343.8,110734.92
11560605,11,43115.24,125131.84
11560605,12,55715.99,153143.51
11560605,13,50860.02,139036.71
11560605,14,46768.17,130052.36
11560605,15,47158.91,129422.45999999999
11560605,16,56715.71,140738.35
11560605,1700,25063.670000000002,56262.62
11560605,1720,25247.74,54352.78
11560605,1740,24894.13,54474.479999999996
11560605,1800,37419.37,74146.94
11560605,1820,23434.7,48967.55
11560605,1840,19456.91,42290.29
11560605,1900,18782.2,40501.16
11560605,1920,15465.15,34755.54
11560605,1940,14273.56,33607.28
11560605,20,39382.37,88723.92
11560605,21,31331.62,71452.59999999999
11560605,22,19740.79,45862.71
11560605,23,3166.18,7628.62
11560610,00,2179.97,4134.26
11560610,01,4117.44,7852.6
11560610,02,2660.73,6039.82
11560610,03,2062.34,4736.38
11560610,04,2039.99,6793.03
11560610,05,4409.79,17491.25
11560610,06,13180.19,42675.9
11560610,0700,8361.05,24301.81
11560610,0720,10537.59,29879.14
11560610,0740,10994.84,31255.89
11560610,0800,11952.09,30768.31
11560610,0820,10433.98,27436.170000000002
11560610,0840,7619.19,21809.61
11560610,0900,7229.95,21612.94
11560610,0920,6740.59,22981.47
11560610,0940,6128.41,23172.05
11560610,10,17413.29,64554.88
11560610,11,19892.6,67198.51
11560610,12,22806.989999999998,75873.3
11560610,13,21265.75,73201.02
11560610,14,20535.829999999998,71325.31
11560610,15,22150.62,72213.93000000001
11560610,16,25483.04,75665.43000000001
11560610,1700,12130.16,29710.91
11560610,1720,12181.0,29013.67
11560610,1740,12562.62,29214.84
11560610,1800,21684.1,43435.48
11560610,1820,12756.84,28120.98
11560610,1840,10860.66,25418.15
11560610,1900,11404.26,25051.54
11560610,1920,9698.58,21909.78
11560610,1940,9418.74,21058.18
11560610,20,26802.14,56915.88
11560610,21,21068.82,40737.77
11560610,22,12542.6,24254.81
11560610,23,1816.56,3851.81
11560620,00,2747.44,5098.09
11560620,01,5007.55,9982.33
11560620,02,3443.25,7406.41
11560620,03,2662.72,6098.63
11560620,04,2520.76,9742.49
11560620,05,5474.82,22535.24
11560620,06,18407.65,60503.06
11560620,0700,11641.41,35560.52
11560620,0720,14549.54,42596.49
11560620,0740,16464.6,44717.79
11560620,0800,15856.48,40563.34
11560620,0820,13801.58,34331.27
11560620,0840,9459.41,24382.23
11560620,0900,7329.4800000000005,21011.02
11560620,0920,6239.04,19409.81
11560620,0940,5433.64,17820.85
11560620,10,16371.95,55015.03
11560620,11,22375.82,67452.64
11560620,12,24269.39,73519.66
11560620,13,21185.08,66545.78
11560620,14,20915.850000000002,65759.16
11560620,15,21874.02,65376.59
11560620,16,27245.87,73536.87
11560620,1700,13942.5,30710.43
11560620,1720,12945.51,28609.46
11560620,1740,12508.31,28494.65
11560620,1800,21377.68,42145.42
11560620,1820,13548.48,28412.07
11560620,1840,11579.46,24762.91
11560620,1900,11916.29,24240.97
11560620,1920,9939.68,20545.13
11560620,1940,9809.69,20064.6
11560620,20,28123.1,58258.09
11560620,21,25355.510000000002,49755.97
11560620,22,15514.5,30361.0
11560620,23,2220.79,4755.02
11560630,00,2093.42,4201.17
11560630,01,3774.43,7684.12
11560630,02,2661.59,5457.34
11560630,03,1902.76,4708.89
11560630,04,2016.24,6717.31
11560630,05,3142.08,12544.32
11560630,06,5385.39,21250.98
11560630,0700,2804.78,10150.54
11560630,0720,3020.4,10402.81
11560630,0740,3141.99,12231.11
11560630,0800,3300.94,13677.130000000001
11560630,0820,3098.86,14551.33
11560630,0840,2515.66,11394.960000000001
11560630,0900,2516.59,11240.23
11560630,0920,2156.67,10573.45
11560630,0940,2165.33,10038.21
11560630,10,7469.84,31178.469999999998
11560630,11,8454.65,33033.33
11560630,12,10243.17,38829.07
11560630,13,10366.14,39417.02
11560630,14,11094.23,41239.44
11560630,15,12525.369999999999,45385.53
11560630,16,15889.18,51702.68
11560630,1700,8298.6,21594.92
11560630,1720,8761.869999999999,21284.09
11560630,1740,8687.18,21165.87
11560630,1800,14214.64,29591.59
11560630,1820,8391.449999999999,19681.65
11560630,1840,7284.64,17368.94
11560630,1900,7621.71,17223.28
11560630,1920,6698.68,15743.45
11560630,1940,6611.37,15323.18
11560630,20,20752.84,44833.49
11560630,21,18566.05,38695.89
11560630,22,12187.03,24583.69
11560630,23,1694.11,3909.74
11560650,00,1103.65,2296.54
11560650,01,1946.07,4078.04
11560650,02,1410.6200000000001,3107.98
11560650,03,977.1800000000001,2546.64
11560650,04,890.15,3072.68
11560650,05,1194.96,4619.04
11560650,06,2079.42,9895.41
11560650,0700,939.42,4331.89
11560650,0720,1306.55,5528.5199999999995
11560650,0740,1626.91,6213.63
11560650,0800,1185.4,6279.25
11560650,0820,1749.76,7448.18
11560650,0840,1438.42,6309.55
11560650,0900,1402.63,6062.82
11560650,0920,1305.8799999999999,6040.69
11560650,0940,1465.8,5774.83
11560650,10,3886.86,17448.5
11560650,11,4161.97,17414.43
11560650,12,4982.73,19149.3
11560650,13,5393.37,22012.38
11560650,14,5717.76,23914.59
11560650,15,6656.87,27127.51
11560650,16,7959.72,29691.91
11560650,1700,3916.9,11504.08
11560650,1720,3621.46,10599.91
11560650,1740,3921.05,11328.75
11560650,1800,7324.52,15754.369999999999
11560650,1820,4177.54,10205.3
11560650,1840,3662.46,9951.35
11560650,1900,4217.42,10357.75
11560650,1920,3185.95,8842.49
11560650,1940,3355.79,8881.97
11560650,20,9717.01,24455.420000000002
11560650,21,8838.23,20424.11
11560650,22,5981.59,13482.47
11560650,23,910.75,2240.27
11560660,00,817.73,1927.07
11560660,01,1870.2,3857.64
11560660,02,1387.51,3085.75
11560660,03,846.14,1997.09
11560660,04,721.65,2636.51
11560660,05,771.97,3460.98
11560660,06,1357.43,5978.89
11560660,0700,734.55,3008.2599999999998
11560660,0720,869.58,3723.74
11560660,0740,1147.37,4506.04
11560660,0800,1123.13,4689.18
11560660,0820,1009.71,5308.84
11560660,0840,1071.01,4694.55
11560660,0900,1193.32,4652.05
11560660,0920,982.87,4195.75
11560660,0940,870.25,4283.0
11560660,10,3038.8,13442.97
11560660,11,3404.73,14845.14
11560660,12,4099.42,16482.19
11560660,13,4116.59,17818.13
11560660,14,4743.42,19257.5
11560660,15,5439.92,21756.69
11560660,16,6596.61,24066.25
11560660,1700,2984.2400000000002,9304.18
11560660,1720,2910.19,9222.22
11560660,1740,3222.82,9209.98
11560660,1800,4732.65,11895.89
11560660,1820,3112.19,8436.54
11560660,1840,2540.63,7348.34
11560660,1900,2998.39,7883.24
11560660,1920,2596.07,6956.83
11560660,1940,2595.7599999999998,6831.78
11560660,20,7634.77,19401.1
11560660,21,7040.82,17135.68
11560660,22,4001.03,9635.06
11560660,23,546.65,1554.52
11560670,00,722.8,1749.05
11560670,01,1329.57,3211.4900000000002
11560670,02,932.64,2791.73
11560670,03,735.94,2177.12
11560670,04,681.88,3580.17
11560670,05,1478.84,7526.09
11560670,06,2547.32,13307.9
11560670,0700,1174.9,7359.2
11560670,0720,1275.84,9604.619999999999
11560670,0740,1256.65,7123.06
11560670,0800,1597.57,8502.6
11560670,0820,1317.0,7948.03
11560670,0840,774.97,5782.35
11560670,0900,835.08,5397.4800000000005
11560670,0920,742.6,4743.88
11560670,0940,692.94,4738.41
11560670,10,2428.31,14755.3
11560670,11,3070.22,15535.9
11560670,12,3182.27,17385.34
11560670,13,3574.09,17170.54
11560670,14,3525.63,18158.62
11560670,15,3842.64,20016.77
11560670,16,5067.7,22585.47
11560670,1700,2866.35,9227.31
11560670,1720,2314.41,8493.51
11560670,1740,2478.05,9089.94
11560670,1800,4077.98,12427.869999999999
11560670,1820,2629.05,8890.72
11560670,1840,2377.52,8134.54
11560670,1900,2470.21,7999.46
11560670,1920,1783.66,6692.59
11560670,1940,1825.48,6444.86
11560670,20,5673.37,19029.26
11560670,21,4894.57,14914.33
11560670,22,3495.93,10369.55
11560670,23,589.22,1926.16
11560680,00,1696.28,3610.87
11560680,01,3229.27,7232.5599999999995
11560680,02,2556.97,5760.56
11560680,03,1559.38,4269.29
11560680,04,1681.93,5698.55
11560680,05,3122.84,12640.869999999999
11560680,06,7045.11,25480.989999999998
11560680,0700,3958.09,13711.67
11560680,0720,4025.9,15603.19
11560680,0740,4640.31,17541.47
11560680,0800,4730.35,17970.41
11560680,0820,4505.37,19029.48
11560680,0840,3488.41,15400.61
11560680,0900,3275.82,15217.93
11560680,0920,3693.96,14949.28
11560680,0940,3683.16,14273.15
11560680,10,9814.8,42677.7
11560680,11,11257.119999999999,45661.01
11560680,12,13254.31,49545.25
11560680,13,13552.59,50385.4
11560680,14,13770.98,51775.34
11560680,15,14725.93,55530.39
11560680,16,18548.24,63555.1
11560680,1700,9168.97,25275.38
11560680,1720,9051.39,24575.47
11560680,1740,9271.130000000001,25620.82
11560680,1800,16067.25,34626.59
11560680,1820,9511.95,23117.94
11560680,1840,8040.22,20046.21
11560680,1900,8311.47,19497.1
11560680,1920,6765.6900000000005,16871.57
11560680,1940,6719.49,16050.88
11560680,20,19858.01,45626.06
11560680,21,17747.75,39058.55
11560680,22,10988.26,23779.83
11560680,23,1641.04,3883.65
11560690,00,1572.92,3437.67
11560690,01,2764.48,6542.49
11560690,02,1972.48,4931.58
11560690,03,1393.43,3870.85
11560690,04,1466.29,5523.67
11560690,05,2645.16,10462.62
11560690,06,6031.6,23011.62
11560690,0700,2788.2400000000002,11043.4
11560690,0720,3216.34,12176.25
11560690,0740,3370.34,13362.28
11560690,0800,2967.64,13575.75
11560690,0820,2916.0,14917.43
11560690,0840,2372.91,10088.32
11560690,0900,2065.69,9442.89
11560690,0920,1918.08,9025.27
11560690,0940,2053.19,9210.74
11560690,10,6472.37,27562.01
11560690,11,7752.94,30311.81
11560690,12,9453.5,36229.25
11560690,13,8929.26,38261.26
11560690,14,8455.15,40000.65
11560690,15,9760.48,44436.27
11560690,16,11878.81,49351.36
11560690,1700,5543.85,18959.53
11560690,1720,5620.93,19083.81
11560690,1740,5762.89,19006.21
11560690,1800,9818.65,25256.010000000002
11560690,1820,5871.59,17541.35
11560690,1840,4982.45,15629.57
11560690,1900,4847.65,15867.02
11560690,1920,4506.09,14244.85
11560690,1940,4554.11,13967.71
11560690,20,14929.08,41286.88
11560690,21,13080.24,35828.43
11560690,22,8103.13,22418.75
11560690,23,1268.65,3554.5
11560700,00,1160.08,2730.84
11560700,01,2444.34,5980.53
11560700,02,1744.44,4650.18
11560700,03,1382.01,3845.78
11560700,04,1487.0,5914.05
11560700,05,2543.8,10217.88
11560700,06,5777.5,21005.97
11560700,0700,3046.39,10519.47
11560700,0720,3376.36,12309.13
11560700,0740,3390.94,12541.37
11560700,0800,3011.72,13902.24
11560700,0820,2911.95,13927.5
11560700,0840,2274.27,11947.72
11560700,0900,2142.36,11048.15
11560700,0920,2133.84,11698.25
11560700,0940,2079.81,10829.15
11560700,10,7292.15,35678.96
11560700,11,7937.04,33874.38
11560700,12,8153.17,37752.18
11560700,13,7833.6900000000005,35195.66
11560700,14,7750.64,35677.4
11560700,15,8306.21,39044.28
11560700,16,10766.89,43235.83
11560700,1700,4765.67,16162.37
11560700,1720,4878.04,15804.72
11560700,1740,5061.58,16462.02
11560700,1800,7829.25,21364.3
11560700,1820,4684.91,14803.9
11560700,1840,4273.900000000001,13839.21
11560700,1900,4351.4,13707.69
11560700,1920,3425.37,11133.41
11560700,1940,3560.3199999999997,10803.56
11560700,20,10246.26,29490.68
11560700,21,9656.83,25462.079999999998
11560700,22,6504.34,16135.35
11560700,23,1120.52,3020.02
11560710,00,1254.56,2457.7
11560710,01,2421.34,4852.3099999999995
11560710,02,1784.88,3827.65
11560710,03,1452.07,3212.38
11560710,04,1271.8600000000001,3946.66
11560710,05,1535.04,5957.37
11560710,06,3733.78,11447.44
11560710,0700,2114.4,6430.72
11560710,0720,2111.83,6484.67
11560710,0740,2258.2,7817.87
11560710,0800,2372.79,8570.18
11560710,0820,1967.96,7760.24
11560710,0840,1307.45,6544.01
11560710,0900,1460.89,6350.28
11560710,0920,1223.2,6107.93
11560710,0940,1098.99,6195.19
11560710,10,3399.7,18408.34
11560710,11,3676.32,17746.45
11560710,12,4826.22,20105.07
11560710,13,4770.81,19346.46
11560710,14,4667.75,20602.97
11560710,15,5447.02,22827.69
11560710,16,7076.8,25367.9
11560710,1700,3288.61,9519.94
11560710,1720,3414.6800000000003,9520.59
11560710,1740,4119.19,10310.07
11560710,1800,6414.6900000000005,13664.64
11560710,1820,3920.9900000000002,9154.11
11560710,1840,3515.06,8804.74
11560710,1900,3845.59,9271.74
11560710,1920,2967.07,7394.75
11560710,1940,3167.71,7514.19
11560710,20,10490.62,23818.59
11560710,21,9632.18,20166.61
11560710,22,6139.9,12490.37
11560710,23,871.04,2328.44
11560720,00,1876.02,4543.42
11560720,01,3755.52,9457.52
11560720,02,2988.02,7592.17
11560720,03,2175.91,6200.84
11560720,04,2221.36,8489.960000000001
11560720,05,3326.79,15691.01
11560720,06,8016.92,33968.1
11560720,0700,3660.39,16328.26
11560720,0720,4691.85,18262.44
11560720,0740,4829.36,20453.2
11560720,0800,5225.69,22181.079999999998
11560720,0820,3908.01,20678.65
11560720,0840,3153.92,17620.61
11560720,0900,2780.77,16675.71
11560720,0920,2878.93,16970.99
11560720,0940,2559.19,15887.97
11560720,10,7837.05,45540.42
11560720,11,8957.11,47303.2
11560720,12,10848.81,54949.85
11560720,13,10853.87,54542.38
11560720,14,11614.36,54963.02
11560720,15,12045.52,58579.49
11560720,16,15096.880000000001,64756.13
11560720,1700,7114.02,24192.77
11560720,1720,6879.85,23327.43
11560720,1740,7016.9800000000005,23439.37
11560720,1800,11343.26,30720.89
11560720,1820,7093.25,21171.64
11560720,1840,6331.89,19734.62
11560720,1900,6594.71,19429.97
11560720,1920,5539.32,16566.27
11560720,1940,5515.53,15954.72
11560720,20,16822.47,46060.43
11560720,21,14915.9,38423.51
11560720,22,9305.31,23567.31
11560720,23,1405.1,4356.01
11590510,00,4101.21,7905.5
11590510,01,7973.01,15196.67
11590510,02,5638.45,11218.93
11590510,03,4287.73,9255.91
11590510,04,4480.73,12660.95
11590510,05,10501.26,26516.65
11590510,06,23014.88,47817.97
11590510,0700,10739.61,22286.45
11590510,0720,12543.68,24621.57
11590510,0740,12764.32,26290.32
11590510,0800,11932.99,26984.29
11590510,0820,11448.22,25829.95
11590510,0840,10309.98,22896.48
11590510,0900,8570.52,21236.18
11590510,0920,7712.49,20665.21
11590510,0940,7441.79,19882.38
11590510,10,21449.2,57936.08
11590510,11,26918.41,65602.71
11590510,12,34019.9,76707.69
11590510,13,32513.68,77100.48
11590510,14,28557.04,77288.56999999999
11590510,15,29452.66,83521.99
11590510,16,37172.3,93461.48
11590510,1700,16967.64,38375.89
11590510,1720,17152.09,37666.03
11590510,1740,18291.17,38658.27
11590510,1800,26850.649999999998,51974.8
11590510,1820,17224.13,35413.5
11590510,1840,15431.34,32292.670000000002
11590510,1900,14786.83,31447.32
11590510,1920,13355.68,28751.77
11590510,1940,13256.289999999999,28292.62
11590510,20,39852.32,80987.33
11590510,21,39112.1,73562.26
11590510,22,27050.35,48102.22
11590510,23,4388.77,8205.970000000001
11590520,00,1478.35,3110.14
11590520,01,2822.49,5731.58
11590520,02,2344.67,5287.54
11590520,03,2145.31,6130.96
11590520,04,2126.17,9178.2
11590520,05,6031.32,21073.45
11590520,06,17866.05,45328.56
11590520,0700,10296.43,24570.58
11590520,0720,12227.36,25620.31
11590520,0740,13207.31,26915.43
11590520,0800,12370.13,26054.579999999998
11590520,0820,11138.38,25013.61
11590520,0840,9692.3,21385.82
11590520,0900,7345.27,18079.58
11590520,0920,6880.4,16997.43
11590520,0940,6675.39,16962.4
11590520,10,20273.85,50873.18
11590520,11,21403.16,50529.05
11590520,12,23695.69,55631.35
11590520,13,20961.64,51679.6
11590520,14,20874.35,51218.14
11590520,15,16847.32,46354.64
11590520,16,21390.66,52699.56
11590520,1700,9060.41,19600.68
11590520,1720,9421.07,19738.96
11590520,1740,9673.85,19457.72
11590520,1800,12652.43,23608.18
11590520,1820,8221.0,15462.82
11590520,1840,6653.24,13237.35
11590520,1900,6495.98,12364.2
11590520,1920,4980.93,9902.48
11590520,1940,4710.84,9470.14
11590520,20,12979.86,25486.42
11590520,21,10943.86,21006.97
11590520,22,7341.59,13911.07
11590520,23,1252.58,2450.84
11590530,00,5863.67,10445.53
11590530,01,10266.86,18739.48
11590530,02,7032.09,12998.95
11590530,03,4860.47,10292.49
11590530,04,4111.78,11321.19
11590530,05,6073.42,20145.29
11590530,06,14408.02,44187.31
11590530,0700,8672.71,24059.46
11590530,0720,12985.02,32359.02
11590530,0740,14546.16,35293.81
11590530,0800,15317.45,36975.68
11590530,0820,15560.539999999999,39387.64
11590530,0840,16946.94,37767.82
11590530,0900,17328.62,36531.77
11590530,0920,16670.9,36184.409999999996
11590530,0940,15743.36,35378.03
11590530,10,47421.76,110492.07
11590530,11,53922.0,117037.55
11590530,12,48744.72,118131.59
11590530,13,50713.86,121925.31999999999
11590530,14,56518.46,137809.42
11590530,15,39881.74,121041.89
11590530,16,52809.11,141240.85
11590530,1700,21293.6,53614.29
11590530,1720,23472.86,54693.79
11590530,1740,24731.95,55842.14
11590530,1800,29820.08,65669.2
11590530,1820,20667.25,46268.11
11590530,1840,19528.49,45030.16
11590530,1900,19887.33,44348.9
11590530,1920,16519.34,38043.91
11590530,1940,16348.54,37850.26
11590530,20,49068.4,109035.20999999999
11590530,21,47785.56,96991.38
11590530,22,32692.94,62801.66
11590530,23,5529.43,10945.36
11590540,00,2534.82,5705.75
11590540,01,4779.62,10572.1
11590540,02,3555.0,8178.59
11590540,03,2685.46,6604.34
11590540,04,2428.95,9297.289999999999
11590540,05,4334.7,19550.86
11590540,06,9484.4,34541.85
11590540,0700,4880.77,16928.09
11590540,0720,6673.23,20158.92
11590540,0740,7824.19,22555.15
11590540,0800,9336.21,26772.09
11590540,0820,9180.7,29089.88
11590540,0840,7056.84,23081.01
11590540,0900,5904.28,20880.53
11590540,0920,5491.95,20749.35
11590540,0940,5355.09,19653.25
11590540,10,15529.58,55564.8
11590540,11,18078.0,61739.21
11590540,12,20025.69,69877.53
11590540,13,20918.09,72896.62
11590540,14,20371.02,75968.23
11590540,15,20832.49,80560.21
11590540,16,25050.36,86337.9
11590540,1700,11553.37,32896.75
11590540,1720,12263.4,32627.11
11590540,1740,12237.34,32908.3
11590540,1800,17686.38,44490.18
11590540,1820,11285.99,30690.62
11590540,1840,10272.35,28939.33
11590540,1900,10888.36,29550.03
11590540,1920,9164.34,25003.87
11590540,1940,9160.34,23896.68
11590540,20,27536.44,69450.01
11590540,21,25743.2,60856.98
11590540,22,16641.99,37442.25
11590540,23,2560.24,6094.12
11590550,00,2253.22,4447.1
11590550,01,3908.11,7858.64
11590550,02,3085.14,6222.53
11590550,03,2033.94,5032.65
11590550,04,1742.7,5279.91
11590550,05,2178.49,8544.79
11590550,06,3489.55,15091.89
11590550,0700,1175.3999999999999,6588.01
11590550,0720,1629.98,9293.12
11590550,0740,1759.36,9683.52
11590550,0800,2224.19,10346.6
11590550,0820,1970.97,10784.54
11590550,0840,2108.66,9189.9
11590550,0900,1676.46,8781.13
11590550,0920,1719.21,8917.85
11590550,0940,1575.52,8266.35
11590550,10,5411.2,27828.52
11590550,11,6752.2,31314.04
11590550,12,7894.75,34920.06
11590550,13,8966.16,39444.74
11590550,14,9764.01,44488.37
11590550,15,11051.44,51161.479999999996
11590550,16,14647.17,56237.29
11590550,1700,7312.65,22419.989999999998
11590550,1720,7937.5199999999995,22304.31
11590550,1740,7591.91,22380.98
11590550,1800,13823.35,33331.54
11590550,1820,8206.4,21592.41
11590550,1840,6900.8099999999995,18775.49
11590550,1900,7690.849999999999,19650.07
11590550,1920,6503.13,16771.15
11590550,1940,6382.73,16368.61
11590550,20,19541.83,48832.65
11590550,21,18483.25,41819.88
11590550,22,11150.48,25309.94
11590550,23,1359.32,3793.69
11590560,00,2292.54,4961.03
11590560,01,4240.73,9321.97
11590560,02,3320.2799999999997,7376.25
11590560,03,2393.24,5664.49
11590560,04,1916.57,6213.72
11590560,05,2247.98,10459.68
11590560,06,3452.86,15778.84
11590560,0700,1448.18,6969.68
11590560,0720,1998.08,8573.46
11590560,0740,1918.97,10285.69
11590560,0800,2042.96,11836.79
11590560,0820,1615.1,14366.7
11590560,0840,1768.96,10648.6
11590560,0900,1688.73,9356.07
11590560,0920,1675.94,9551.56
11590560,0940,1722.26,9426.62
11590560,10,5750.74,29282.94
11590560,11,6992.03,35704.15
11590560,12,8935.23,40585.26
11590560,13,9621.68,42019.38
11590560,14,10312.81,46737.34
11590560,15,12472.19,55725.75
11590560,16,16290.28,63342.909999999996
11590560,1700,7920.98,25187.4
11590560,1720,7368.91,23216.73
11590560,1740,8300.72,25593.11
11590560,1800,13428.97,34953.55
11590560,1820,9085.6,24120.84
11590560,1840,7735.67,22079.8
11590560,1900,8247.05,22474.09
11590560,1920,7262.7300000000005,20491.42
11590560,1940,7403.53,19827.19
11590560,20,22091.38,55702.44
11590560,21,20476.52,48174.29
11590560,22,12746.43,28891.38
11590560,23,1466.99,4403.37
11590605,00,3390.67,7508.0199999999995
11590605,01,5516.99,13057.2
11590605,02,3957.44,9834.73
11590605,03,3154.02,8430.22
11590605,04,3148.86,12302.07
11590605,05,7415.53,29081.06
11590605,06,19780.489999999998,61288.6
11590605,0700,11595.56,31748.16
11590605,0720,15225.99,38547.23
11590605,0740,17766.37,44685.7
11590605,0800,18378.31,44538.38
11590605,0820,19229.9,47052.85
11590605,0840,18738.64,42141.04
11590605,0900,16571.04,38337.9
11590605,0920,16121.16,37942.47
11590605,0940,17586.57,39715.98
11590605,10,52299.53,119692.57
11590605,11,56825.76,126203.87
11590605,12,57459.29,134157.51
11590605,13,49870.270000000004,121734.76
11590605,14,50675.58,126662.08
11590605,15,35333.39,105112.91
11590605,16,44394.54,120501.45
11590605,1700,18073.35,45698.42
11590605,1720,19331.49,46172.24
11590605,1740,20815.32,47937.65
11590605,1800,22431.36,52279.28
11590605,1820,16157.65,39296.24
11590605,1840,15525.74,37649.1
11590605,1900,14320.59,36481.94
11590605,1920,12351.21,31950.19
11590605,1940,12000.68,30253.52
11590605,20,33710.71,82776.45
11590605,21,29308.65,70438.39
11590605,22,19851.920000000002,44298.05
11590605,23,3540.35,7830.91
11590620,00,3051.9,5484.55
11590620,01,5715.84,10163.27
11590620,02,4236.21,7308.06
11590620,03,2871.32,5567.84
11590620,04,2308.58,6516.43
11590620,05,3999.29,14696.76
11590620,06,7841.39,27895.010000000002
11590620,0700,3838.4900000000002,13379.94
11590620,0720,4998.67,16427.76
11590620,0740,5929.19,19899.39
11590620,0800,6568.42,21184.53
11590620,0820,6895.75,23944.05
11590620,0840,5691.69,21096.28
11590620,0900,5210.2,20021.37
11590620,0920,5119.97,20262.0
11590620,0940,5279.88,19931.82
11590620,10,15852.79,61664.32
11590620,11,20802.71,68888.75
11590620,12,23367.73,74546.53
11590620,13,23869.57,73095.92
11590620,14,25016.67,72195.2
11590620,15,29105.24,83952.49
11590620,16,40351.95,101916.55
11590620,1700,21418.64,44090.88
11590620,1720,22044.55,42863.57
11590620,1740,21960.100000000002,41997.17
11590620,1800,35765.79,60436.0
11590620,1820,21457.73,37683.84
11590620,1840,17417.170000000002,31864.98
11590620,1900,16750.06,30681.18
11590620,1920,13450.43,25159.74
11590620,1940,12519.28,23795.78
11590620,20,34551.63,62995.2
11590620,21,30174.0,53246.0
11590620,22,19481.16,34633.35
11590620,23,2802.13,5254.61
11590630,00,2644.66,6030.87
11590630,01,5111.8,12092.41
11590630,02,3438.37,8889.83
11590630,03,2422.15,6920.14
11590630,04,2478.02,9839.99
11590630,05,4204.6900000000005,21302.45
11590630,06,8763.4,41441.64
11590630,0700,5480.39,22777.04
11590630,0720,6404.91,25093.8
11590630,0740,7224.02,27359.39
11590630,0800,8164.47,30109.1
11590630,0820,7123.87,29335.71
11590630,0840,6894.81,26365.420000000002
11590630,0900,5978.0,25797.69
11590630,0920,5259.38,25760.35
11590630,0940,5111.5,25703.73
11590630,10,15676.89,77100.2
11590630,11,16866.65,78101.02
11590630,12,20425.34,91132.09
11590630,13,20879.11,95505.06
11590630,14,21506.66,97238.41
11590630,15,24189.99,104412.78
11590630,16,30246.43,111699.86
11590630,1700,13994.58,43087.21
11590630,1720,14383.789999999999,42058.090000000004
11590630,1740,14583.3,41394.87
11590630,1800,23429.94,54665.06
11590630,1820,14764.33,37707.01
11590630,1840,12348.84,33655.94
11590630,1900,12272.13,32190.99
11590630,1920,10132.39,27828.53
11590630,1940,10074.18,27020.170000000002
11590630,20,28501.37,74068.24
11590630,21,25682.88,64648.86
11590630,22,16549.73,41104.56
11590630,23,2671.0,6956.08
11590640,00,1687.31,3577.91
11590640,01,3277.87,7220.51
11590640,02,2282.44,5327.82
11590640,03,1461.32,4090.7799999999997
11590640,04,1434.35,5114.38
11590640,05,2602.39,10061.1
11590640,06,5971.01,20812.82
11590640,0700,2500.47,8678.78
11590640,0720,3058.38,9853.24
11590640,0740,3289.23,11115.52
11590640,0800,3013.2999999999997,11241.44
11590640,0820,2796.1,12162.23
11590640,0840,2366.42,9739.29
11590640,0900,2157.23,8869.61
11590640,0920,2058.19,8887.18
11590640,0940,2294.62,8868.49
11590640,10,7098.62,27484.25
11590640,11,7543.61,28570.79
11590640,12,8539.84,34673.5
11590640,13,8871.9,36636.21
11590640,14,9003.87,39933.37
11590640,15,10478.99,46640.29
11590640,16,13940.75,54705.56
11590640,1700,6438.62,21004.58
11590640,1720,6360.61,20102.93
11590640,1740,6584.8,20755.17
11590640,1800,10898.29,27876.84
11590640,1820,6334.54,18758.37
11590640,1840,6022.83,18440.43
11590640,1900,5958.75,18285.61
11590640,1920,5516.1900000000005,15848.86
11590640,1940,5171.0599999999995,15024.33
11590640,20,16412.72,45362.7
11590640,21,15458.19,39344.56
11590640,22,10227.35,24913.079999999998
11590640,23,1367.82,3664.2799999999997
11590650,00,1459.35,2946.52
11590650,01,2961.72,5892.81
11590650,02,1898.75,3994.93
11590650,03,1435.13,3446.37
11590650,04,1255.32,4431.67
11590650,05,1428.09,7813.08
11590650,06,2857.88,12384.27
11590650,0700,1396.51,5581.0199999999995
11590650,0720,1389.75,6402.64
11590650,0740,1717.03,7234.849999999999
11590650,0800,2479.96,9441.8
11590650,0820,2365.49,10043.63
11590650,0840,2131.06,8496.62
11590650,0900,1860.88,7551.76
11590650,0920,1897.06,8177.43
11590650,0940,1567.34,7613.12
11590650,10,5050.79,23379.71
11590650,11,5262.28,23779.77
11590650,12,6553.3,27007.91
11590650,13,7085.0199999999995,29418.74
11590650,14,7687.52,30824.97
11590650,15,8095.49,34260.91
11590650,16,10241.05,39597.85
11590650,1700,5376.83,16040.24
11590650,1720,5408.96,14945.11
11590650,1740,5580.37,15402.94
11590650,1800,9519.03,21376.4
11590650,1820,5808.43,14020.28
11590650,1840,5216.18,13025.36
11590650,1900,5387.54,13013.54
11590650,1920,4584.33,11262.28
11590650,1940,4646.24,11332.5
11590650,20,13363.29,31669.38
11590650,21,12509.02,27221.49
11590650,22,7551.37,16117.59
11590650,23,1042.51,2437.64
11590651,00,1297.31,3020.67
11590651,01,2630.61,6062.58
11590651,02,1848.46,4724.55
11590651,03,1336.2,3651.34
11590651,04,1259.34,4522.72
11590651,05,1600.42,8147.53
11590651,06,3036.39,16145.07
11590651,0700,1519.57,9048.08
11590651,0720,1538.27,10564.71
11590651,0740,1951.43,10302.09
11590651,0800,1971.46,9565.26
11590651,0820,2105.83,10248.86
11590651,0840,1678.47,8443.2
11590651,0900,1520.23,7827.19
11590651,0920,1506.59,8557.05
11590651,0940,1448.35,8348.66
11590651,10,4673.76,22069.52
11590651,11,5505.78,22403.09
11590651,12,6791.86,27112.76
11590651,13,6721.4800000000005,28671.670000000002
11590651,14,7040.42,30624.18
11590651,15,8389.25,34272.42
11590651,16,10072.24,37475.229999999996
11590651,1700,4818.18,15496.67
11590651,1720,5279.16,15130.62
11590651,1740,5175.39,15202.76
11590651,1800,7963.57,20379.05
11590651,1820,4769.96,13832.67
11590651,1840,4596.62,13175.45
11590651,1900,4737.08,13225.1
11590651,1920,4223.17,11709.7
11590651,1940,3895.63,11341.18
11590651,20,12846.1,33393.68
11590651,21,11895.23,28809.52
11590651,22,7911.34,19442.19
11590651,23,1166.05,3136.31
11590660,00,3010.77,6568.9400000000005
11590660,01,5612.56,13197.58
11590660,02,3969.06,9510.59
11590660,03,3128.89,8286.98
11590660,04,2840.48,10729.95
11590660,05,4692.5,24248.84
11590660,06,10006.59,54990.130000000005
11590660,0700,4700.48,31399.94
11590660,0720,6286.38,38181.44
11590660,0740,6371.74,34420.24
11590660,0800,6410.49,32035.52
11590660,0820,6133.12,31032.1
11590660,0840,5181.64,24390.54
11590660,0900,4721.99,22373.51
11590660,0920,4225.9,20951.77
11590660,0940,4118.33,20039.44
11590660,10,12511.1,59776.36
11590660,11,15039.22,66198.0
11590660,12,17750.04,77476.19
11590660,13,17896.71,80891.87
11590660,14,18519.09,84373.52
11590660,15,20878.96,93922.84
11590660,16,25850.3,103325.89
11590660,1700,12595.710000000001,39059.12
11590660,1720,12890.39,39432.6
11590660,1740,13257.53,39617.08
11590660,1800,21469.04,53584.07
11590660,1820,13774.539999999999,36991.84
11590660,1840,11692.51,33174.52
11590660,1900,12117.89,33928.24
11590660,1920,10519.52,29090.53
11590660,1940,10163.52,28103.11
11590660,20,31216.48,83181.24
11590660,21,30049.17,73071.57
11590660,22,18901.83,46021.22
11590660,23,2626.09,7656.95
11590670,00,1899.16,4278.1
11590670,01,4035.2799999999997,8868.21
11590670,02,2847.22,6578.42
11590670,03,1952.82,5274.06
11590670,04,2053.79,6969.99
11590670,05,3903.69,16047.85
11590670,06,9802.79,34698.86
11590670,0700,5773.37,19249.96
11590670,0720,7334.07,22547.63
11590670,0740,7837.7699999999995,24323.63
11590670,0800,7501.32,25043.64
11590670,0820,6724.63,23312.13
11590670,0840,5040.49,16656.23
11590670,0900,4060.4900000000002,14774.59
11590670,0920,3793.67,14486.86
11590670,0940,3501.65,13881.29
11590670,10,11407.6,44355.62
11590670,11,12088.53,44065.21
11590670,12,13208.87,50447.66
11590670,13,12698.08,49909.3
11590670,14,12776.78,52240.15
11590670,15,13133.57,55645.23
11590670,16,16161.36,58787.909999999996
11590670,1700,8164.8099999999995,23945.41
11590670,1720,8281.71,23889.11
11590670,1740,8356.61,23680.07
11590670,1800,13891.91,33159.5
11590670,1820,9431.76,23980.25
11590670,1840,8341.73,21691.760000000002
11590670,1900,8228.34,21541.21
11590670,1920,6818.33,19163.2
11590670,1940,6581.51,18195.05
11590670,20,20178.03,53178.34
11590670,21,17302.85,43678.34
11590670,22,10939.52,27211.49
11590670,23,1668.86,4399.36
11590680,00,2411.19,4895.86
11590680,01,4563.59,10045.38
11590680,02,3154.05,7661.73
11590680,03,2530.66,7238.69
11590680,04,2911.86,10775.35
11590680,05,7203.14,26926.32
11590680,06,23309.55,72521.54
11590680,0700,13118.84,35215.62
11590680,0720,14581.31,40948.6
11590680,0740,14412.83,41436.12
11590680,0800,12682.85,39518.06
11590680,0820,11697.63,38319.89
11590680,0840,8302.5,30163.97
11590680,0900,5816.92,27238.98
11590680,0920,5984.49,26700.71
11590680,0940,5484.14,24820.76
11590680,10,16432.44,72140.39
11590680,11,18978.79,74670.23
11590680,12,22793.43,90265.62
11590680,13,22308.1,92015.05
11590680,14,20946.08,86993.69
11590680,15,21203.22,82860.43
11590680,16,24484.84,83816.35
11590680,1700,10527.039999999999,31071.25
11590680,1720,11491.41,31904.71
11590680,1740,12049.83,32238.39
11590680,1800,18726.77,42347.01
11590680,1820,11609.89,29681.06
11590680,1840,10594.8,26568.84
11590680,1900,11020.27,27119.58
11590680,1920,9249.67,24116.54
11590680,1940,8867.03,22353.56
11590680,20,26451.93,61820.38
11590680,21,24261.4,52213.25
11590680,22,14783.29,32471.72
11590680,23,2269.26,5595.41
11620525,00,2450.63,3908.58
11620525,01,4617.0,7777.2
11620525,02,3373.99,5862.68
11620525,03,2390.63,4466.75
11620525,04,1917.74,5027.14
11620525,05,2564.04,9586.08
11620525,06,6208.5,23778.23
11620525,0700,4270.91,13360.42
11620525,0720,5304.12,15681.5
11620525,0740,5811.42,15944.48
11620525,0800,5083.2300000000005,16907.8
11620525,0820,4776.2300000000005,16458.38
11620525,0840,3730.1,12406.89
11620525,0900,2277.45,11340.08
11620525,0920,2317.85,11501.59
11620525,0940,2159.35,10796.72
11620525,10,7348.64,32382.97
11620525,11,8701.5,35240.86
11620525,12,10041.02,39757.64
11620525,13,9967.369999999999,40259.96
11620525,14,10548.61,41829.71
11620525,15,12680.06,46984.13
11620525,16,16177.67,52367.67
11620525,1700,7555.43,20850.48
11620525,1720,7744.92,19643.13
11620525,1740,8074.7,20069.56
11620525,1800,15014.38,31105.71
11620525,1820,9091.32,19636.68
11620525,1840,7311.43,16359.49
11620525,1900,8535.76,18268.17
11620525,1920,6819.51,15099.98
11620525,1940,6396.58,14180.67
11620525,20,20605.23,42517.0
11620525,21,18495.4,36810.409999999996
11620525,22,11050.49,21263.04
11620525,23,1456.48,3169.97
11620545,00,575.59,1385.57
11620545,01,1087.28,2739.71
11620545,02,772.89,2071.14
11620545,03,611.21,1822.08
11620545,04,528.67,2141.45
11620545,05,591.5,2828.48
11620545,06,879.2,6232.27
11620545,0700,439.1,2572.8
11620545,0720,581.68,2960.35
11620545,0740,523.35,3289.46
11620545,0800,545.27,3889.3
11620545,0820,656.35,4303.71
11620545,0840,653.89,3431.48
11620545,0900,530.55,3187.78
11620545,0920,556.65,3107.85
11620545,0940,443.18,3024.07
11620545,10,1734.1200000000001,9550.98
11620545,11,2042.74,10241.63
11620545,12,2492.2,13219.34
11620545,13,2641.54,14731.01
11620545,14,2872.2599999999998,16712.47
11620545,15,3400.9300000000003,18650.12
11620545,16,4436.68,19933.45
11620545,1700,2345.4900000000002,8917.16
11620545,1720,2151.7400000000002,8084.71
11620545,1740,2335.61,8553.12
11620545,1800,3728.32,10822.34
11620545,1820,2234.35,7618.33
11620545,1840,2017.53,7057.6
11620545,1900,2177.82,7410.2
11620545,1920,1923.91,6492.51
11620545,1940,1705.73,6333.84
11620545,20,5832.5,18232.55
11620545,21,5429.9800000000005,15347.04
11620545,22,3150.85,9542.08
11620545,23,435.17,1341.45
11620565,00,1989.58,5191.5599999999995
11620565,01,3680.32,9616.62
11620565,02,2580.8,7322.01
11620565,03,1948.56,5632.7
11620565,04,1621.01,6531.63
11620565,05,1943.31,11271.34
11620565,06,3301.31,21220.84
11620565,0700,1953.5,10884.460000000001
11620565,0720,2070.37,13285.37
11620565,0740,2438.94,15321.43
11620565,0800,2125.33,16923.64
11620565,0820,2011.25,13979.39
11620565,0840,1900.46,11166.91
11620565,0900,2045.51,9902.31
11620565,0920,1847.13,9335.29
11620565,0940,1901.34,9652.82
11620565,10,5107.58,29258.079999999998
11620565,11,6602.47,33427.87
11620565,12,8065.74,41320.21
11620565,13,8557.53,46304.61
11620565,14,9519.96,52408.52
11620565,15,11224.73,62546.25
11620565,16,14469.31,68876.78
11620565,1700,6765.2,26871.82
11620565,1720,7108.57,25886.079999999998
11620565,1740,6737.98,26143.52
11620565,1800,10466.19,33879.89
11620565,1820,7065.03,24743.32
11620565,1840,6636.61,23352.19
11620565,1900,6438.43,22818.01
11620565,1920,6040.37,20656.6
11620565,1940,5736.8,20122.64
11620565,20,17905.42,58014.4
11620565,21,17565.23,52026.18
11620565,22,10814.31,32925.58
11620565,23,1473.56,5009.96
11620575,00,3955.19,6230.34
11620575,01,7069.67,11593.01
11620575,02,5025.57,8779.15
11620575,03,3358.6,6272.64
11620575,04,2764.87,6526.28
11620575,05,3123.57,10867.88
11620575,06,5733.8,20115.66
11620575,0700,2872.25,9332.51
11620575,0720,3186.02,11108.07
11620575,0740,4117.19,13746.43
11620575,0800,4153.04,16277.99
11620575,0820,4361.3,15942.21
11620575,0840,3635.44,11833.96
11620575,0900,2874.15,11325.15
11620575,0920,2810.41,11307.5
11620575,0940,2773.37,11278.82
11620575,10,7752.86,32271.02
11620575,11,9298.11,32942.35
11620575,12,12594.86,41911.7
11620575,13,13276.01,43462.79
11620575,14,14243.16,46569.08
11620575,15,16144.32,54127.409999999996
11620575,16,22149.16,59705.46
11620575,1700,11504.07,25369.94
11620575,1720,11382.64,24843.2
11620575,1740,11917.75,25862.49
11620575,1800,21364.19,38695.52
11620575,1820,12814.43,25456.32
11620575,1840,11849.28,23137.85
11620575,1900,12921.88,24509.22
11620575,1920,11156.68,20933.92
11620575,1940,11201.289999999999,20804.44
11620575,20,34066.39,62101.14
11620575,21,31447.42,54561.06
11620575,22,20519.25,34365.72
11620575,23,2602.89,4925.67
11620585,00,4152.08,6807.3
11620585,01,7911.93,13340.57
11620585,02,5245.74,9326.41
11620585,03,3535.22,7065.26
11620585,04,3377.59,10388.73
11620585,05,5433.12,18014.06
11620585,06,11310.61,35010.55
11620585,0700,6623.23,18382.06
11620585,0720,9106.82,22176.72
11620585,0740,10940.39,25170.75
11620585,0800,10695.83,27866.6
11620585,0820,11276.539999999999,29504.03
11620585,0840,9931.84,24199.23
11620585,0900,9753.8,23790.13
11620585,0920,9683.1,23476.83
11620585,0940,9489.02,22781.66
11620585,10,28293.37,68911.64
11620585,11,33156.25,78288.9
11620585,12,37250.38,85310.45
11620585,13,34785.72,80762.95999999999
11620585,14,32135.71,74999.61
11620585,15,36511.67,83527.58
11620585,16,48812.01,99248.39
11620585,1700,23621.95,41733.86
11620585,1720,24970.66,43355.28
11620585,1740,27265.53,46455.33
11620585,1800,39653.95,62617.71
11620585,1820,27836.34,46311.61
11620585,1840,23374.92,39015.78
11620585,1900,23000.51,36715.01
11620585,1920,18633.38,29706.260000000002
11620585,1940,17426.37,28163.01
11620585,20,49211.42,76888.42
11620585,21,42915.32,66045.1
11620585,22,28484.41,44323.32
11620585,23,4913.39,7993.21
11620595,00,6005.4,8782.41
11620595,01,10814.07,16315.7
11620595,02,7851.02,12081.52
11620595,03,5318.34,8761.01
11620595,04,4543.04,10485.38
11620595,05,5981.63,19447.47
11620595,06,10664.89,41257.44
11620595,0700,5860.4400000000005,24792.21
11620595,0720,7471.72,27003.66
11620595,0740,8291.43,28570.25
11620595,0800,8781.25,29536.85
11620595,0820,10433.45,35077.73
11620595,0840,8515.85,29114.33
11620595,0900,7976.24,28327.98
11620595,0920,8222.87,28088.49
11620595,0940,7937.17,26916.35
11620595,10,25370.2,80248.19
11620595,11,29466.82,83143.74
11620595,12,34018.65,93934.95
11620595,13,35812.24,97836.62
11620595,14,37081.18,99579.31
11620595,15,41193.56,107256.34
11620595,16,53436.45,123405.14
11620595,1700,26463.92,49969.13
11620595,1720,26757.24,50337.69
11620595,1740,28074.89,51922.67
11620595,1800,45041.07,73296.47
11620595,1820,29614.38,49219.14
11620595,1840,26407.07,44252.75
11620595,1900,27633.9,45110.86
11620595,1920,21895.56,36893.8
11620595,1940,21402.4,35599.42
11620595,20,62613.45,99201.66
11620595,21,57881.97,87963.26
11620595,22,36770.76,53646.87
11620595,23,5017.0,8007.73
11620605,00,3108.42,6573.83
11620605,01,5803.55,12788.55
11620605,02,4502.33,9599.27
11620605,03,2828.5099999999998,7260.02
11620605,04,2511.23,9153.6
11620605,05,3876.81,16387.23
11620605,06,6611.57,30427.93
11620605,0700,3093.0099999999998,14485.42
11620605,0720,3585.46,15101.79
11620605,0740,3567.21,16085.869999999999
11620605,0800,3972.23,18272.13
11620605,0820,3508.57,20260.72
11620605,0840,3365.33,16786.0
11620605,0900,3275.2,15691.24
11620605,0920,3695.24,16194.28
11620605,0940,3682.68,15880.75
11620605,10,10918.23,51267.97
11620605,11,11526.24,54617.340000000004
11620605,12,13753.87,61314.04
11620605,13,14789.11,61578.18
11620605,14,15428.07,67811.46
11620605,15,18153.02,77110.54
11620605,16,23508.02,88382.42
11620605,1700,11686.95,35826.63
11620605,1720,11371.36,33845.41
11620605,1740,11932.19,34514.74
11620605,1800,19669.42,46710.34
11620605,1820,12819.06,32424.31
11620605,1840,11301.16,29732.33
11620605,1900,11823.02,30427.829999999998
11620605,1920,9973.04,26647.06
11620605,1940,9779.24,25622.14
11620605,20,29760.39,71874.64
11620605,21,27207.48,63117.85
11620605,22,17066.3,38268.42
11620605,23,2190.98,5883.54
11620615,00,2553.96,3834.07
11620615,01,4977.0599999999995,7912.16
11620615,02,3432.75,5915.59
11620615,03,2401.65,4270.8
11620615,04,2129.57,5009.98
11620615,05,2538.11,7716.58
11620615,06,3703.29,11810.17
11620615,0700,2355.53,6176.94
11620615,0720,2775.02,7861.66
11620615,0740,3070.44,8575.33
11620615,0800,3960.56,10675.3
11620615,0820,4257.85,12483.84
11620615,0840,3429.79,11013.25
11620615,0900,3179.37,10306.5
11620615,0920,3156.74,10670.05
11620615,0940,2956.87,9888.89
11620615,10,8295.99,28701.43
11620615,11,8866.83,30406.47
11620615,12,10237.87,31296.25
11620615,13,10581.55,32901.07
11620615,14,11354.26,35739.99
11620615,15,13534.539999999999,40694.06
11620615,16,17515.18,45588.59
11620615,1700,8958.44,18663.37
11620615,1720,9244.09,18850.71
11620615,1740,9448.55,19160.66
11620615,1800,16570.55,27753.72
11620615,1820,10738.01,19138.57
11620615,1840,9054.15,16575.71
11620615,1900,9840.36,16600.57
11620615,1920,7893.71,13872.82
11620615,1940,7719.39,13383.4
11620615,20,22468.7,38299.8
11620615,21,21359.21,34337.76
11620615,22,14296.82,22568.62
11620615,23,1893.97,3477.93
11620625,00,3015.36,4999.24
11620625,01,5458.99,9238.86
11620625,02,4000.54,6911.15
11620625,03,2860.39,5537.81
11620625,04,2528.76,8364.73
11620625,05,3134.84,12229.59
11620625,06,5149.29,25699.68
11620625,0700,2501.59,11310.71
11620625,0720,3168.23,12196.15
11620625,0740,3543.82,14388.93
11620625,0800,3760.95,16418.78
11620625,0820,4132.18,15054.26
11620625,0840,3559.15,13160.57
11620625,0900,3372.84,13462.41
11620625,0920,3504.09,12964.78
11620625,0940,3551.2,12618.98
11620625,10,11274.17,39657.93
11620625,11,12408.51,41886.97
11620625,12,14687.18,45999.58
11620625,13,15641.44,49154.43
11620625,14,16334.06,53937.35
11620625,15,18794.68,61108.04
11620625,16,24711.87,70008.32
11620625,1700,12852.69,29559.96
11620625,1720,13311.52,29486.72
11620625,1740,13218.880000000001,29328.96
11620625,1800,23112.01,43240.63
11620625,1820,15481.15,29404.21
11620625,1840,13400.49,26569.31
11620625,1900,15008.99,28349.75
11620625,1920,11220.82,22019.93
11620625,1940,11426.96,21619.55
11620625,20,33119.26,62695.49
11620625,21,30822.16,54687.15
11620625,22,19429.65,33215.770000000004
11620625,23,2387.73,4532.61
11620630,00,2688.58,4504.93
11620630,01,4977.71,8915.94
11620630,02,3631.08,6482.91
11620630,03,2605.35,5623.21
11620630,04,2555.99,7905.96
11620630,05,4497.35,16502.94
11620630,06,9928.72,33305.96
11620630,0700,4406.21,13988.18
11620630,0720,5774.91,16582.04
11620630,0740,6176.39,17878.27
11620630,0800,5974.78,18421.38
11620630,0820,5570.49,19768.47
11620630,0840,5421.07,19407.59
11620630,0900,4988.5599999999995,19068.97
11620630,0920,4709.53,18987.18
11620630,0940,4447.71,17771.61
11620630,10,13030.65,54966.87
11620630,11,16148.11,59428.58
11620630,12,19065.43,62418.65
11620630,13,19537.89,61760.41
11620630,14,20338.88,62936.78
11620630,15,23354.22,70514.75
11620630,16,30462.39,82297.35
11620630,1700,15937.82,34140.06
11620630,1720,16463.29,33163.71
11620630,1740,15854.28,31939.97
11620630,1800,25834.08,44866.57
11620630,1820,16013.11,29057.34
11620630,1840,13371.63,25179.03
11620630,1900,13523.42,24658.37
11620630,1920,11011.85,20610.25
11620630,1940,10348.43,19515.66
11620630,20,29018.94,54141.09
11620630,21,25326.85,44648.82
11620630,22,15838.34,28496.34
11620630,23,2419.23,4533.72
11620645,00,4943.89,7053.49
11620645,01,9535.07,13405.12
11620645,02,7099.18,10226.27
11620645,03,4876.15,7552.61
11620645,04,4175.62,8170.35
11620645,05,4538.16,13054.47
11620645,06,6088.38,17549.85
11620645,0700,2373.19,7571.14
11620645,0720,2833.4,8945.78
11620645,0740,3748.48,10841.78
11620645,0800,3942.45,12325.2
11620645,0820,4749.0599999999995,14690.68
11620645,0840,4481.06,14825.44
11620645,0900,5036.04,14897.18
11620645,0920,4845.19,14934.04
11620645,0940,4788.6,14662.5
11620645,10,14700.34,46647.52
11620645,11,17733.91,48800.0
11620645,12,20883.2,54974.83
11620645,13,22824.52,57571.0
11620645,14,24286.52,60736.97
11620645,15,27971.48,67428.84
11620645,16,35201.46,78229.42
11620645,1700,17534.86,32425.649999999998
11620645,1720,18439.97,33015.729999999996
11620645,1740,19262.25,34430.52
11620645,1800,31792.86,50329.73
11620645,1820,20059.44,33731.8
11620645,1840,18012.25,29842.06
11620645,1900,19548.0,31874.68
11620645,1920,15783.869999999999,25303.19
11620645,1940,15331.949999999999,24030.350000000002
11620645,20,45657.93,70593.53
11620645,21,38674.04,57850.75
11620645,22,25412.64,36695.77
11620645,23,3979.25,6111.87
11620655,00,2315.83,3971.38
11620655,01,4575.04,7607.76
11620655,02,3480.82,6034.6
11620655,03,2441.37,4219.19
11620655,04,2018.01,4692.56
11620655,05,2155.12,5825.78
11620655,06,2563.56,9242.73
11620655,0700,1135.55,4989.56
11620655,0720,1416.94,6048.72
11620655,0740,1351.05,6813.79
11620655,0800,1355.94,7583.21
11620655,0820,1782.29,8066.51
11620655,0840,1473.35,6399.1
11620655,0900,1315.46,6072.7
11620655,0920,1220.81,5901.99
11620655,0940,1734.07,6483.26
11620655,10,4524.27,18017.5
11620655,11,5201.94,18577.37
11620655,12,6555.65,22372.21
11620655,13,6953.0,23136.05
11620655,14,7947.2300000000005,26052.48
11620655,15,9162.26,29899.95
11620655,16,11224.7,34408.91
11620655,1700,6378.66,14728.42
11620655,1720,6561.66,14900.72
11620655,1740,6524.55,14862.92
11620655,1800,12798.27,23032.16
11620655,1820,7523.76,14563.78
11620655,1840,7077.31,13869.32
11620655,1900,8016.2,14643.89
11620655,1920,5815.04,11081.04
11620655,1940,6048.71,11361.41
11620655,20,18145.72,33519.86
11620655,21,16560.71,29054.2
11620655,22,10865.27,18555.46
11620655,23,1567.95,2957.1
11620665,00,3369.69,5455.09
11620665,01,6545.97,10962.82
11620665,02,4690.39,8461.88
11620665,03,3437.2,6468.14
11620665,04,2844.02,6412.42
11620665,05,2861.16,7845.15
11620665,06,4016.55,12579.44
11620665,0700,1518.5,5096.2
11620665,0720,1865.21,5581.53
11620665,0740,1855.77,5912.55
11620665,0800,2037.64,6902.05
11620665,0820,2153.22,7691.37
11620665,0840,2036.28,6975.94
11620665,0900,1643.68,6808.33
11620665,0920,1750.46,6477.59
11620665,0940,1719.45,6398.44
11620665,10,5928.79,21054.74
11620665,11,7771.18,24425.68
11620665,12,9766.08,29545.03
11620665,13,9757.11,30787.73
11620665,14,10154.9,34482.97
11620665,15,12440.22,40958.13
11620665,16,16551.49,47752.58
11620665,1700,7973.74,19064.37
11620665,1720,8195.27,18176.53
11620665,1740,9230.91,19978.55
11620665,1800,15466.7,29631.36
11620665,1820,9627.15,19166.25
11620665,1840,8634.43,18404.4
11620665,1900,9327.72,19219.14
11620665,1920,7282.01,15509.34
11620665,1940,7627.2699999999995,15900.710000000001
11620665,20,24560.02,48292.71
11620665,21,23776.7,42722.409999999996
11620665,22,16297.72,27629.66
11620665,23,2364.68,4232.82
11620685,00,2838.81,4233.3
11620685,01,5161.93,7973.42
11620685,02,3718.57,5855.37
11620685,03,2757.57,4668.05
11620685,04,2106.96,4631.05
11620685,05,2806.26,8316.36
11620685,06,3086.91,12928.85
11620685,0700,1611.9,6370.95
11620685,0720,1757.9,7578.86
11620685,0740,1887.23,8575.9
11620685,0800,2561.0299999999997,9614.1
11620685,0820,2678.87,9772.98
11620685,0840,2102.33,8660.0
11620685,0900,1719.55,7565.88
11620685,0920,1853.72,7846.97
11620685,0940,1962.74,7926.96
11620685,10,6661.84,23472.74
11620685,11,8269.6,25917.64
11620685,12,9494.04,29442.86
11620685,13,10096.47,31758.3
11620685,14,11900.54,36574.73
11620685,15,13146.12,38472.28
11620685,16,17091.24,43712.2
11620685,1700,8875.04,18514.13
11620685,1720,8974.25,18374.77
11620685,1740,9477.05,18877.79
11620685,1800,18615.93,30128.1
11620685,1820,10397.59,18923.41
11620685,1840,8860.24,16253.6
11620685,1900,10425.6,18682.45
11620685,1920,8582.93,15773.25
11620685,1940,8284.34,14692.04
11620685,20,25067.5,43158.78
11620685,21,22959.97,36912.1
11620685,22,13502.01,21994.74
11620685,23,1617.6200000000001,2822.86
11620695,00,6993.45,9486.76
11620695,01,13049.74,17932.77
11620695,02,10011.17,13929.14
11620695,03,7362.73,11004.43
11620695,04,6677.53,11928.86
11620695,05,7015.43,16143.09
11620695,06,11085.38,27317.77
11620695,0700,4657.16,11491.66
11620695,0720,5762.87,13699.51
11620695,0740,6024.73,15273.28
11620695,0800,5426.69,15743.01
11620695,0820,6296.74,17799.53
11620695,0840,6454.0,17639.77
11620695,0900,6156.76,18036.3
11620695,0920,6301.2699999999995,18242.33
11620695,0940,5907.21,17766.9
11620695,10,17905.22,52238.46
11620695,11,21256.26,54201.09
11620695,12,23760.19,58722.17
11620695,13,26585.94,61919.119999999995
11620695,14,26932.85,62784.92
11620695,15,29777.23,65487.54
11620695,16,38659.34,76163.16
11620695,1700,19841.97,33536.69
11620695,1720,20753.86,34559.229999999996
11620695,1740,21374.6,34186.11
11620695,1800,37547.83,53696.27
11620695,1820,23331.82,34717.96
11620695,1840,20539.51,30929.33
11620695,1900,23146.09,33049.63
11620695,1920,17800.42,26321.35
11620695,1940,17920.83,26125.37
11620695,20,53440.61,75799.17
11620695,21,48383.93,65734.8
11620695,22,31614.22,42891.95
11620695,23,4825.7699999999995,7332.04
11620715,00,548.75,1637.9
11620715,01,1098.96,3107.13
11620715,02,702.8,2094.58
11620715,03,509.77,2115.24
11620715,04,494.74,2893.08
11620715,05,1103.85,5312.62
11620715,06,3573.86,11964.98
11620715,0700,1926.3600000000001,5683.98
11620715,0720,2036.98,6244.89
11620715,0740,2271.17,7266.91
11620715,0800,2013.8799999999999,8165.77
11620715,0820,1843.99,7225.7699999999995
11620715,0840,1221.68,4799.1900000000005
11620715,0900,1060.71,4838.52
11620715,0920,930.9000000000001,4670.32
11620715,0940,922.65,4857.01
11620715,10,2734.91,14390.01
11620715,11,4059.88,17781.6
11620715,12,4420.4,20611.02
11620715,13,4249.68,21630.5
11620715,14,4359.3,23893.6
11620715,15,5108.49,27418.57
11620715,16,6262.08,30653.03
11620715,1700,2908.67,11752.07
11620715,1720,2437.02,11425.52
11620715,1740,3027.31,12378.31
11620715,1800,4998.76,16974.34
11620715,1820,2935.4,11020.97
11620715,1840,2624.64,9923.84
11620715,1900,3109.35,11071.74
11620715,1920,2238.85,9317.61
11620715,1940,2230.35,8782.68
11620715,20,7440.02,26051.2
11620715,21,6028.68,20643.12
11620715,22,3247.68,10669.53
11620715,23,376.21999999999997,1372.04
11620725,00,2718.92,4899.84
11620725,01,5579.85,9949.92
11620725,02,3840.61,6854.34
11620725,03,2787.52,5632.27
11620725,04,2498.67,7749.19
11620725,05,4976.49,20731.8
11620725,06,14797.49,49597.11
11620725,0700,8808.27,26620.23
11620725,0720,11857.26,31251.04
11620725,0740,12323.16,32396.89
11620725,0800,13141.02,34698.23
11620725,0820,11407.37,31776.38
11620725,0840,8077.79,23756.1
11620725,0900,7001.150000000001,22852.36
11620725,0920,6482.42,21872.9
11620725,0940,5603.56,20487.08
11620725,10,17398.43,64476.55
11620725,11,20957.51,71716.62
11620725,12,25889.55,83612.44
11620725,13,23640.81,78383.27
11620725,14,22208.09,74964.74
11620725,15,24524.5,78296.68
11620725,16,29954.1,84497.39
11620725,1700,13967.880000000001,32306.15
11620725,1720,13818.28,30707.64
11620725,1740,14491.2,31893.23
11620725,1800,25385.09,46335.44
11620725,1820,15294.83,30642.55
11620725,1840,12735.31,26047.57
11620725,1900,13783.44,27429.87
11620725,1920,11024.44,21989.36
11620725,1940,10749.61,21448.86
11620725,20,30063.19,56314.08
11620725,21,26277.98,46395.61
11620725,22,15477.47,27384.06
11620725,23,2216.3,4550.25
11620735,00,4559.17,7196.89
11620735,01,8682.9,14305.94
11620735,02,6489.87,10844.98
11620735,03,4262.02,8083.76
11620735,04,4119.25,11833.88
11620735,05,8083.61,25134.69
11620735,06,24825.37,61672.46
11620735,0700,15928.630000000001,37933.72
11620735,0720,23009.71,48847.95
11620735,0740,28969.5,56088.51
11620735,0800,38680.06,70577.59
11620735,0820,46340.12,79655.55
11620735,0840,44099.51,74733.27
11620735,0900,40066.27,70739.08
11620735,0920,34594.4,62633.52
11620735,0940,30332.35,55258.89
11620735,10,80023.02,152763.48
11620735,11,63569.79,128441.99
11620735,12,80880.54,160727.68
11620735,13,66978.11,140551.0
11620735,14,45240.17,103648.70999999999
11620735,15,45024.12,105063.95
11620735,16,44895.96,100136.77
11620735,1700,16269.53,32631.69
11620735,1720,17085.15,32825.31
11620735,1740,18933.66,35617.25
11620735,1800,24654.77,42945.63
11620735,1820,17185.63,30520.39
11620735,1840,15185.0,27712.41
11620735,1900,15632.39,27819.18
11620735,1920,12856.11,23743.13
11620735,1940,13055.75,22844.42
11620735,20,38971.06,65519.0
11620735,21,35294.83,56097.59
11620735,22,25704.41,39372.6
11620735,23,4522.8099999999995,7026.72
11620745,00,1214.65,3479.87
11620745,01,2338.49,6709.89
11620745,02,1715.35,5281.07
11620745,03,1269.82,4331.01
11620745,04,1205.56,5557.46
11620745,05,1625.34,9453.94
11620745,06,3375.47,21637.09
11620745,0700,1815.35,10395.25
11620745,0720,1858.29,11140.81
11620745,0740,1756.6,9720.289999999999
11620745,0800,1695.68,10100.23
11620745,0820,1641.97,10088.2
11620745,0840,1437.27,8879.64
11620745,0900,1504.43,8704.75
11620745,0920,1521.98,9593.54
11620745,0940,1446.95,9536.53
11620745,10,4777.86,29856.62
11620745,11,6510.9400000000005,34090.61
11620745,12,6961.22,36990.56
11620745,13,6516.4,38035.43
11620745,14,6733.53,41778.65
11620745,15,7678.5,47775.4
11620745,16,9577.300000000001,51756.94
11620745,1700,4468.95,19379.47
11620745,1720,4720.66,18436.49
11620745,1740,4969.24,18228.11
11620745,1800,7597.98,24147.41
11620745,1820,4591.5,16610.85
11620745,1840,3978.17,15545.41
11620745,1900,4454.4,15488.84
11620745,1920,3770.31,13452.67
11620745,1940,3753.04,13295.52
11620745,20,11270.89,36643.29
11620745,21,10819.02,32439.31
11620745,22,6821.42,19620.67
11620745,23,1063.9,3324.86
11620765,00,2631.09,5691.0599999999995
11620765,01,5223.64,11039.2
11620765,02,3996.9900000000002,8888.17
11620765,03,2700.93,6864.59
11620765,04,2368.64,8193.66
11620765,05,3666.11,15951.79
11620765,06,7511.24,36202.32
11620765,0700,3630.8,19650.31
11620765,0720,4368.78,22967.37
11620765,0740,4451.45,21137.26
11620765,0800,3936.53,21208.23
11620765,0820,3913.45,19908.09
11620765,0840,3556.53,16096.57
11620765,0900,2975.91,15885.82
11620765,0920,3185.47,16811.41
11620765,0940,2885.47,15559.58
11620765,10,9041.62,46039.0
11620765,11,9934.75,49696.49
11620765,12,11683.05,56229.34
11620765,13,12365.93,58647.020000000004
11620765,14,13128.24,63694.05
11620765,15,15564.17,71125.29
11620765,16,19029.47,76623.45
11620765,1700,8771.869999999999,29873.78
11620765,1720,8860.43,29137.47
11620765,1740,9374.42,29647.68
11620765,1800,15792.24,41590.71
11620765,1820,9390.24,27440.46
11620765,1840,8146.5,23962.51
11620765,1900,9136.87,26226.22
11620765,1920,7636.15,22230.96
11620765,1940,7271.18,20693.02
11620765,20,22731.98,59880.62
11620765,21,20500.76,51602.81
11620765,22,12659.1,31023.2
11620765,23,1782.31,5023.4800000000005
11620775,00,1844.39,3921.76
11620775,01,3093.39,7001.81
11620775,02,2375.95,5501.04
11620775,03,1824.96,4370.41
11620775,04,1567.31,4751.82
11620775,05,1821.41,8332.05
11620775,06,2698.89,15361.8
11620775,0700,1609.02,8407.91
11620775,0720,1499.38,9582.17
11620775,0740,1691.61,9998.42
11620775,0800,1888.68,11060.09
11620775,0820,1622.09,9971.58
11620775,0840,1515.6,8011.04
11620775,0900,1434.35,7616.66
11620775,0920,1239.44,7869.47
11620775,0940,1220.02,7344.29
11620775,10,3999.52,23309.57
11620775,11,4648.13,25588.739999999998
11620775,12,5960.03,29476.63
11620775,13,6580.74,30704.11
11620775,14,7015.52,35149.1
11620775,15,9022.14,41675.73
11620775,16,11667.33,45967.81
11620775,1700,6068.97,18534.489999999998
11620775,1720,5465.55,17086.97
11620775,1740,5828.09,17963.61
11620775,1800,9750.98,24607.29
11620775,1820,5574.72,15978.57
11620775,1840,4926.06,14554.34
11620775,1900,5680.76,16382.619999999999
11620775,1920,4912.91,13547.73
11620775,1940,4582.16,12916.43
11620775,20,15319.14,38198.24
11620775,21,12777.2,31358.239999999998
11620775,22,7497.63,18977.06
11620775,23,1013.71,3174.39
11650510,00,2637.27,5902.41
11650510,01,4329.81,11272.97
11650510,02,3243.23,8539.78
11650510,03,2552.12,6999.39
11650510,04,2890.79,11528.1
11650510,05,11091.470000000001,43370.22
11650510,06,36330.22,104153.8
11650510,0700,22780.61,54858.46
11650510,0720,28855.53,65954.87
11650510,0740,29083.81,66769.75
11650510,0800,26611.15,62505.49
11650510,0820,20833.03,56317.33
11650510,0840,16703.15,47724.159999999996
11650510,0900,14660.09,43770.07
11650510,0920,12260.29,40018.97
11650510,0940,11300.85,36262.84
11650510,10,28248.15,98787.26
11650510,11,34870.55,111647.64
11650510,12,41223.7,124830.56
11650510,13,34269.68,111705.42
11650510,14,29972.61,100888.71
11650510,15,29217.95,99765.83
11650510,16,31204.86,100710.56999999999
11650510,1700,12885.53,37597.28
11650510,1720,12415.84,35630.62
11650510,1740,12635.14,34706.16
11650510,1800,17423.61,43194.19
11650510,1820,11454.23,31215.44
11650510,1840,9870.12,28674.7
11650510,1900,9988.61,27905.91
11650510,1920,8447.95,24106.71
11650510,1940,8005.04,22911.68
11650510,20,21972.98,62981.79
11650510,21,20010.84,54335.57
11650510,22,12990.63,34161.57
11650510,23,2191.17,5733.0199999999995
11650520,00,3475.41,7017.12
11650520,01,6649.23,14168.99
11650520,02,5042.76,10484.02
11650520,03,3825.18,8829.72
11650520,04,4907.84,16041.539999999999
11650520,05,17747.71,65020.93
11650520,06,67127.2,172222.27
11650520,0700,44796.32,95360.96
11650520,0720,53900.24,112806.53
11650520,0740,56248.54,114143.32
11650520,0800,53825.12,107078.58
11650520,0820,45823.77,93158.54
11650520,0840,41334.81,80351.64
11650520,0900,33694.03,68728.81
11650520,0920,25977.3,57118.92
11650520,0940,20069.260000000002,48032.13
11650520,10,47207.06,130110.28
11650520,11,62055.86,155641.25
11650520,12,74653.94,178449.91
11650520,13,54556.29,146493.34
11650520,14,41832.18,123286.59999999999
11650520,15,40472.57,121318.73
11650520,16,45126.41,126613.25
11650520,1700,20980.6,51404.52
11650520,1720,20549.37,50049.6
11650520,1740,21148.42,49262.36
11650520,1800,29414.32,60755.01
11650520,1820,21145.23,46121.11
11650520,1840,18016.85,39768.94
11650520,1900,16849.45,36877.67
11650520,1920,13523.66,31635.989999999998
11650520,1940,13153.81,30242.03
11650520,20,33890.18,78877.63
11650520,21,29193.42,69568.6
11650520,22,18365.75,43650.12
11650520,23,3075.48,7071.61
11650530,00,4460.46,9583.25
11650530,01,8462.32,19034.75
11650530,02,6227.0199999999995,14904.78
11650530,03,4945.26,13346.25
11650530,04,6339.42,29726.81
11650530,05,24772.33,108792.48
11650530,06,86219.98,262292.06
11650530,0700,56464.3,155967.66999999998
11650530,0720,70227.92,186207.94
11650530,0740,83214.34,192277.91
11650530,0800,80134.85,187044.08
11650530,0820,66352.23,168462.25
11650530,0840,55724.0,149043.55
11650530,0900,46106.12,136124.53
11650530,0920,37235.46,115733.02
11650530,0940,29932.07,96659.02
11650530,10,72743.06,251760.69
11650530,11,87255.31,281937.02
11650530,12,103786.61,310588.54
11650530,13,82412.43,266262.17
11650530,14,65521.24,220729.12
11650530,15,65944.52,220085.19
11650530,16,72723.07,229389.02
11650530,1700,30415.86,86570.56
11650530,1720,30093.12,83439.32
11650530,1740,31205.44,85539.24
11650530,1800,44123.84,101842.24
11650530,1820,29148.600000000002,71344.61
11650530,1840,24892.65,63833.36
11650530,1900,23614.71,59046.73
11650530,1920,18401.79,46597.31
11650530,1940,17045.49,42870.88
11650530,20,47877.520000000004,117378.28
11650530,21,40496.95,96310.99
11650530,22,25791.44,59958.01
11650530,23,3921.4,9341.8
11650531,00,3777.02,8206.77
11650531,01,7605.04,16920.11
11650531,02,5520.99,12506.97
11650531,03,3831.19,9428.18
11650531,04,3666.33,13194.06
11650531,05,10674.19,39717.06
11650531,06,39651.32,99582.57
11650531,0700,25721.79,53242.65
11650531,0720,31310.26,63266.72
11650531,0740,36852.57,73287.99
11650531,0800,40485.19,80646.31
11650531,0820,41286.64,85609.79
11650531,0840,40102.47,78101.2
11650531,0900,36393.49,71719.3
11650531,0920,27285.35,59970.0
11650531,0940,23146.96,53178.5
11650531,10,60208.13,145110.48
11650531,11,63315.590000000004,156102.04
11650531,12,75037.88,178412.5
11650531,13,68224.28,170217.06
11650531,14,58143.4,153146.89
11650531,15,57632.62,155814.5
11650531,16,64084.78,164246.93
11650531,1700,27521.78,63119.54
11650531,1720,26684.73,60161.78
11650531,1740,28262.2,62413.95
11650531,1800,39324.94,77884.22
11650531,1820,26455.03,57176.84
11650531,1840,21506.98,50250.95
11650531,1900,22351.6,49485.79
11650531,1920,16695.47,41590.12
11650531,1940,15343.880000000001,38412.73
11650531,20,39373.0,102599.05
11650531,21,31559.2,91832.12
11650531,22,20125.11,58308.25
11650531,23,3646.52,9609.82
11650540,00,4665.63,10921.1
11650540,01,9822.18,23036.239999999998
11650540,02,7725.29,17364.32
11650540,03,6017.1,13296.74
11650540,04,5569.92,16366.17
11650540,05,9694.9,38062.31
11650540,06,22242.87,73139.49
11650540,0700,11067.62,32598.58
11650540,0720,12290.6,35278.28
11650540,0740,15354.42,40462.07
11650540,0800,16684.92,45401.91
11650540,0820,16157.87,43352.67
11650540,0840,15823.130000000001,39952.19
11650540,0900,12960.58,36821.13
11650540,0920,10107.78,31100.17
11650540,0940,8415.36,28739.94
11650540,10,23430.76,83774.92
11650540,11,26297.37,91188.84
11650540,12,30059.06,103374.5
11650540,13,28819.24,103876.12
11650540,14,25663.03,103176.98
11650540,15,25480.239999999998,109252.65
11650540,16,30896.25,118615.12
11650540,1700,12843.69,45094.13
11650540,1720,12313.42,42699.86
11650540,1740,12584.36,42596.97
11650540,1800,17230.34,51118.74
11650540,1820,12372.65,40578.87
11650540,1840,11294.43,37989.29
11650540,1900,11431.33,37151.61
11650540,1920,9952.15,34307.32
11650540,1940,9630.88,33392.79
11650540,20,27459.28,95362.71
11650540,21,25351.65,89275.70999999999
11650540,22,17003.82,58012.44
11650540,23,2587.27,8806.84
11650550,00,233.9,399.71
11650550,01,292.49,621.93
11650550,02,192.56,580.51
11650550,03,167.72,866.96
11650550,04,1190.23,7731.59
11650550,05,6841.73,25537.239999999998
11650550,06,3642.22,12405.77
11650550,0700,842.68,4298.33
11650550,0720,758.03,3950.22
11650550,0740,668.14,2698.66
11650550,0800,659.61,2684.25
11650550,0820,502.19,2994.99
11650550,0840,595.23,2998.98
11650550,0900,628.78,3146.25
11650550,0920,507.71999999999997,2943.28
11650550,0940,501.33,2769.21
11650550,10,1560.83,7372.45
11650550,11,1803.79,7267.48
11650550,12,2492.66,10523.52
11650550,13,2382.48,9865.66
11650550,14,2398.2,8484.98
11650550,15,2276.17,8216.44
11650550,16,2221.0,7903.63
11650550,1700,687.77,2132.16
11650550,1720,624.26,1788.6000000000001
11650550,1740,622.23,1739.85
11650550,1800,795.03,1757.4
11650550,1820,557.84,1539.53
11650550,1840,554.12,1330.02
11650550,1900,636.33,1334.42
11650550,1920,564.23,1329.9
11650550,1940,639.2,1386.1399999999999
11650550,20,1537.02,3638.4
11650550,21,1386.75,3104.49
11650550,22,807.49,1844.56
11650550,23,83.67999999999999,227.67
11650560,00,3473.54,8582.42
11650560,01,6883.95,17934.45
11650560,02,5548.84,14887.71
11650560,03,4252.53,11363.05
11650560,04,3830.01,13100.73
11650560,05,6907.45,29457.3
11650560,06,16787.47,60548.4
11650560,0700,9739.33,30824.59
11650560,0720,13948.41,38828.63
11650560,0740,14988.24,43068.5
11650560,0800,15314.77,45201.56
11650560,0820,14526.5,45086.23
11650560,0840,14133.36,36410.63
11650560,0900,12606.52,32190.28
11650560,0920,9941.55,29368.13
11650560,0940,8324.09,26041.37
11650560,10,21786.13,73671.38
11650560,11,24995.93,80051.09
11650560,12,29438.87,94511.84
11650560,13,26880.05,95560.84
11650560,14,25514.4,97245.21
11650560,15,26005.27,101970.12
11650560,16,28703.54,105190.72
11650560,1700,12224.58,40084.1
11650560,1720,12243.98,38101.35
11650560,1740,13096.77,40998.35
11650560,1800,18594.3,50181.55
11650560,1820,12657.34,37830.06
11650560,1840,11648.24,36129.76
11650560,1900,11898.97,35829.54
11650560,1920,9621.08,31834.89
11650560,1940,9544.27,30776.83
11650560,20,27194.15,88021.27
11650560,21,24161.420000000002,83227.05
11650560,22,15686.130000000001,52108.82
11650560,23,2475.68,8361.82
11650570,00,1749.27,5957.06
11650570,01,3128.2,11392.98
11650570,02,2250.37,8169.23
11650570,03,1589.05,6560.34
11650570,04,2225.92,14166.69
11650570,05,6258.13,35349.7
11650570,06,11485.82,61583.21
11650570,0700,5629.71,35500.93
11650570,0720,7276.6,38992.67
11650570,0740,7667.67,31695.47
11650570,0800,7068.33,32434.16
11650570,0820,6320.110000000001,30590.76
11650570,0840,5326.14,25374.95
11650570,0900,5157.15,24154.670000000002
11650570,0920,4192.72,22716.28
11650570,0940,4208.02,22477.28
11650570,10,12532.31,64841.5
11650570,11,14127.31,64742.41
11650570,12,18487.25,82758.88
11650570,13,18591.64,87031.06
11650570,14,19491.69,91149.78
11650570,15,18763.38,94836.7
11650570,16,20436.33,98010.75
11650570,1700,7591.11,34943.57
11650570,1720,7627.48,33186.75
11650570,1740,8164.32,35218.64
11650570,1800,9580.65,38981.29
11650570,1820,7734.29,33611.56
11650570,1840,7382.7300000000005,32461.11
11650570,1900,7671.79,31148.54
11650570,1920,7007.39,28167.77
11650570,1940,6791.8,27453.11
11650570,20,19106.98,75177.84
11650570,21,16328.33,71158.73
11650570,22,10120.46,42642.03
11650570,23,1268.85,5757.51
11650580,00,1704.29,5203.76
11650580,01,3254.98,10347.58
11650580,02,2474.54,7388.32
11650580,03,1682.34,6228.27
11650580,04,2171.69,9352.18
11650580,05,5655.49,26237.78
11650580,06,10629.76,44526.16
11650580,0700,4814.55,21631.57
11650580,0720,5448.64,24456.06
11650580,0740,5486.16,24416.21
11650580,0800,6184.92,27894.489999999998
11650580,0820,5132.13,24588.46
11650580,0840,5017.84,23012.47
11650580,0900,4587.05,24173.54
11650580,0920,4196.24,23103.46
11650580,0940,3973.48,23035.05
11650580,10,13077.2,72403.27
11650580,11,16031.44,77492.92
11650580,12,18374.77,86698.95
11650580,13,18736.52,90641.12
11650580,14,20201.16,94404.24
11650580,15,20880.89,96934.07
11650580,16,24402.71,105716.43000000001
11650580,1700,9940.59,38291.51
11650580,1720,9500.51,35223.91
11650580,1740,9694.42,36415.02
11650580,1800,13465.94,42576.35
11650580,1820,9599.73,34106.88
11650580,1840,8328.31,31004.89
11650580,1900,8142.76,29627.73
11650580,1920,7092.99,26864.94
11650580,1940,7260.08,25130.97
11650580,20,19370.16,70038.94
11650580,21,17289.27,62359.369999999995
11650580,22,10806.05,38938.12
11650580,23,1442.52,5439.78
11650581,00,1962.92,5944.25
11650581,01,3681.89,11596.99
11650581,02,3097.86,9427.4
11650581,03,2694.23,9538.34
11650581,04,4836.25,20512.45
11650581,05,22584.19,79825.36
11650581,06,49293.83,154149.27
11650581,0700,22915.73,66810.06
11650581,0720,23136.42,70780.11
11650581,0740,26329.46,77626.95
11650581,0800,28728.96,85528.92
11650581,0820,26432.75,85146.98
11650581,0840,24193.81,78549.6
11650581,0900,24886.19,81735.61
11650581,0920,23173.329999999998,81890.15
11650581,0940,22401.3,84641.88
11650581,10,70584.89,265674.44
11650581,11,75973.89,271698.98
11650581,12,80172.17,286154.82
11650581,13,76829.7,274670.78
11650581,14,72022.8,262765.63
11650581,15,70477.05,250745.67
11650581,16,71771.58,236420.91999999998
11650581,1700,27395.93,80770.5
11650581,1720,24976.23,73162.59
11650581,1740,24631.36,71857.45999999999
11650581,1800,30749.98,79594.38
11650581,1820,21752.78,60532.18
11650581,1840,17564.41,50900.27
11650581,1900,16496.49,46549.45
11650581,1920,12412.38,37100.88
11650581,1940,11299.56,33898.43
11650581,20,27855.65,82543.25
11650581,21,19150.64,60674.5
11650581,22,12499.39,37566.3
11650581,23,1851.77,5961.72
11650590,00,1310.44,3621.96
11650590,01,2520.58,6841.61
11650590,02,1696.06,4992.49
11650590,03,1138.63,3869.96
11650590,04,1416.1,6868.65
11650590,05,4517.8,18629.36
11650590,06,7187.05,29741.989999999998
11650590,0700,3445.09,14120.5
11650590,0720,4454.58,15861.66
11650590,0740,5200.22,16606.54
11650590,0800,4486.33,18048.97
11650590,0820,4406.29,19907.08
11650590,0840,3582.48,15104.62
11650590,0900,3237.57,12983.87
11650590,0920,2958.76,12908.18
11650590,0940,2700.4,12741.14
11650590,10,7706.46,35871.33
11650590,11,9688.12,40161.93
11650590,12,11321.23,46990.92
11650590,13,10733.08,48166.93
11650590,14,10590.98,51319.48
11650590,15,11322.08,56478.03
11650590,16,13193.85,61821.67
11650590,1700,5873.32,23337.2
11650590,1720,5987.09,21722.71
11650590,1740,5714.38,22503.66
11650590,1800,8803.16,27399.7
11650590,1820,5718.95,21114.14
11650590,1840,5304.83,20085.86
11650590,1900,5233.52,18805.66
11650590,1920,4524.6,16871.75
11650590,1940,4776.12,17225.61
11650590,20,13989.9,47989.479999999996
11650590,21,12771.61,44335.96
11650590,22,8205.16,27749.35
11650590,23,1134.03,3972.37
11650600,00,1448.95,3077.85
11650600,01,2614.52,5591.48
11650600,02,1822.33,4081.36
11650600,03,1152.89,3447.29
11650600,04,1446.06,6284.32
11650600,05,4470.83,20205.11
11650600,06,10891.58,36467.72
11650600,0700,7091.2,20423.19
11650600,0720,8997.44,25452.88
11650600,0740,10676.2,28935.22
11650600,0800,11842.33,31119.67
11650600,0820,11577.12,31392.82
11650600,0840,8703.04,25122.75
11650600,0900,7914.33,23077.66
11650600,0920,6708.12,21439.2
11650600,0940,5578.58,19453.91
11650600,10,15236.74,56330.770000000004
11650600,11,19279.31,62984.42
11650600,12,18673.8,62799.32
11650600,13,16203.18,59857.229999999996
11650600,14,16418.8,60506.74
11650600,15,16121.18,60493.81
11650600,16,18406.18,64456.65
11650600,1700,7752.15,24071.61
11650600,1720,7685.02,24004.69
11650600,1740,8010.58,23839.440000000002
11650600,1800,11527.04,29743.77
11650600,1820,7976.28,22615.22
11650600,1840,7015.34,19493.48
11650600,1900,6770.68,18736.64
11650600,1920,5630.77,16249.64
11650600,1940,5311.28,15360.0
11650600,20,15623.85,41242.22
11650600,21,14389.84,35841.89
11650600,22,8539.710000000001,21476.31
11650600,23,1129.8600000000001,2849.76
11650610,00,1459.31,3162.71
11650610,01,2802.64,6373.74
11650610,02,1790.33,4429.27
11650610,03,1325.85,4268.41
11650610,04,1750.27,7731.3
11650610,05,4715.49,20004.1
11650610,06,11715.36,37891.26
11650610,0700,6562.31,17153.5
11650610,0720,8218.89,19719.66
11650610,0740,8619.1,20774.97
11650610,0800,7648.54,21371.84
11650610,0820,6719.34,20406.06
11650610,0840,5307.95,18174.52
11650610,0900,5014.32,17873.07
11650610,0920,4316.32,17433.27
11650610,0940,4047.13,17489.28
11650610,10,13140.53,62447.59
11650610,11,17496.08,70547.93
11650610,12,21088.74,69844.22
11650610,13,18545.74,61834.49
11650610,14,18157.22,60861.35
11650610,15,20595.87,70623.13
11650610,16,27841.5,86029.65
11650610,1700,14359.05,35236.1
11650610,1720,14689.91,34599.18
11650610,1740,14685.01,33071.61
11650610,1800,21630.9,42775.1
11650610,1820,13960.03,28815.39
11650610,1840,10357.72,22406.45
11650610,1900,9395.66,20794.65
11650610,1920,7346.76,17598.34
11650610,1940,6554.9,16271.0
11650610,20,18452.09,42879.51
11650610,21,15147.3,36089.22
11650610,22,9528.99,22478.5
11650610,23,1466.49,3355.99
11650620,00,898.05,2424.85
11650620,01,1732.11,4660.48
11650620,02,1273.08,3627.34
11650620,03,851.15,2965.16
11650620,04,986.2,4941.24
11650620,05,2529.3,16229.19
11650620,06,8769.32,39090.26
11650620,0700,5788.73,23755.27
11650620,0720,7220.42,24713.77
11650620,0740,7147.24,23568.91
11650620,0800,6562.03,22655.39
11650620,0820,5908.61,19802.13
11650620,0840,4571.47,16879.42
11650620,0900,3840.2,16266.09
11650620,0920,3891.06,16991.9
11650620,0940,3414.43,15948.39
11650620,10,10304.12,50836.67
11650620,11,11821.98,49948.34
11650620,12,12158.9,51445.81
11650620,13,11092.22,49533.17
11650620,14,10781.63,49736.72
11650620,15,10789.47,50074.31
11650620,16,12965.64,54786.6
11650620,1700,5311.02,19455.399999999998
11650620,1720,5431.94,18883.56
11650620,1740,5331.85,19408.54
11650620,1800,7440.98,23284.7
11650620,1820,5135.95,17707.23
11650620,1840,4781.46,16284.01
11650620,1900,4625.76,15807.63
11650620,1920,4041.29,14043.7
11650620,1940,3982.27,13145.88
11650620,20,10973.41,35559.01
11650620,21,9785.51,30379.079999999998
11650620,22,5960.36,19409.06
11650620,23,693.28,2336.27
11650621,00,1792.37,4681.66
11650621,01,3422.66,8919.960000000001
11650621,02,2397.33,6628.96
11650621,03,1728.73,5409.19
11650621,04,1835.62,8525.15
11650621,05,4051.46,22361.65
11650621,06,13005.86,46684.39
11650621,0700,7002.12,23877.1
11650621,0720,8616.55,27555.79
11650621,0740,10736.01,28517.829999999998
11650621,0800,9999.86,30900.65
11650621,0820,9253.539999999999,31969.82
11650621,0840,7525.38,24525.85
11650621,0900,6037.01,22251.92
11650621,0920,5418.08,21045.21
11650621,0940,4739.44,19784.82
11650621,10,13207.27,57765.35
11650621,11,15466.42,62653.5
11650621,12,17120.12,69186.02
11650621,13,16258.81,67991.85
11650621,14,15211.6,67834.09
11650621,15,15847.5,72136.95999999999
11650621,16,18498.42,77202.81999999999
11650621,1700,7906.27,29436.84
11650621,1720,7972.17,27820.34
11650621,1740,8618.07,29443.23
11650621,1800,10963.07,35314.33
11650621,1820,8064.66,27250.45
11650621,1840,6979.52,24407.25
11650621,1900,6993.3,23875.73
11650621,1920,5993.42,20711.06
11650621,1940,5771.04,20095.59
11650621,20,17548.69,56806.38
11650621,21,15838.03,49516.75
11650621,22,10295.48,31670.79
11650621,23,1440.15,4492.91
11650651,00,3123.83,7693.3
11650651,01,5419.57,14790.09
11650651,02,3820.11,10827.119999999999
11650651,03,2859.52,8962.74
11650651,04,4119.75,16629.5
11650651,05,16673.34,63857.81
11650651,06,66903.34,177338.27
11650651,0700,35480.43,84743.45
11650651,0720,42971.25,95466.13
11650651,0740,45771.28,97533.8
11650651,0800,41841.229999999996,94301.11
11650651,0820,34080.46,86262.28
11650651,0840,27065.54,68178.26
11650651,0900,21769.89,59484.5
11650651,0920,17206.08,53391.45
11650651,0940,14373.08,46723.01
11650651,10,35829.97,132874.06
11650651,11,46923.52,154466.26
11650651,12,58613.7,180783.35
11650651,13,46290.93,159566.88
11650651,14,37901.11,145167.97
11650651,15,36735.88,148863.29
11650651,16,41461.06,155608.41
11650651,1700,18405.13,59250.9
11650651,1720,17564.35,55875.33
11650651,1740,18158.65,56356.25
11650651,1800,25485.47,69445.93000000001
11650651,1820,18095.0,50556.78
11650651,1840,14827.54,44607.28
11650651,1900,14824.9,44534.6
11650651,1920,12866.52,39261.67
11650651,1940,12258.03,36760.47
11650651,20,33745.09,99839.28
11650651,21,29227.07,85356.31
11650651,22,17090.829999999998,50163.53
11650651,23,2532.23,7307.67
11650652,00,3046.43,6951.43
11650652,01,4679.0,10878.4
11650652,02,3651.46,9727.2
11650652,03,2901.59,10159.3
11650652,04,4296.78,20655.72
11650652,05,17696.48,70368.92
11650652,06,73258.63,185210.4
11650652,0700,34208.05,78595.54000000001
11650652,0720,36925.63,88410.09
11650652,0740,38101.26,93085.31999999999
11650652,0800,33693.62,85046.77
11650652,0820,27275.32,77610.49
11650652,0840,22149.08,68638.61
11650652,0900,16674.69,61768.2
11650652,0920,13183.51,56824.64
11650652,0940,11370.07,50885.46
11650652,10,33535.04,148181.42
11650652,11,45416.590000000004,158749.42
11650652,12,53623.25,178961.41
11650652,13,42214.51,160133.19
11650652,14,36860.02,141166.16
11650652,15,35473.26,132031.51
11650652,16,35902.5,125572.86
11650652,1700,15134.86,46711.25
11650652,1720,15643.23,45239.94
11650652,1740,16661.11,45420.0
11650652,1800,23826.14,56704.73
11650652,1820,15921.13,41275.49
11650652,1840,13647.63,36079.45
11650652,1900,14031.15,36662.56
11650652,1920,11884.22,32074.06
11650652,1940,11820.18,30533.11
11650652,20,30751.83,77979.18000000001
11650652,21,22734.63,53778.75
11650652,22,13568.91,31514.41
11650652,23,2157.4900000000002,5320.72
11650660,00,824.91,2299.67
11650660,01,1774.7,5232.82
11650660,02,1287.18,4201.7
11650660,03,1035.5,4181.07
11650660,04,2656.91,12356.91
11650660,05,11218.96,41154.99
11650660,06,38551.86,102412.79
11650660,0700,18227.55,43427.36
11650660,0720,17474.829999999998,40112.05
11650660,0740,15158.51,35029.32
11650660,0800,12177.42,29562.68
11650660,0820,7511.01,23573.45
11650660,0840,4672.69,17893.56
11650660,0900,3840.74,17128.37
11650660,0920,3796.08,17160.39
11650660,0940,3549.53,16735.66
11650660,10,10788.42,52723.79
11650660,11,14660.94,63475.9
11650660,12,29224.01,93907.05
11650660,13,16289.449999999999,65680.82
11650660,14,11260.58,52478.5
11650660,15,11209.12,53971.63
11650660,16,11103.04,52154.85
11650660,1700,4374.6,18416.67
11650660,1720,4723.29,18081.98
11650660,1740,4646.69,17269.13
11650660,1800,6623.32,21295.94
11650660,1820,4244.43,15772.82
11650660,1840,3932.81,14228.51
11650660,1900,3992.2599999999998,13916.58
11650660,1920,3918.66,13059.93
11650660,1940,3477.66,11731.63
11650660,20,10023.06,32934.24
11650660,21,8460.58,27915.87
11650660,22,4973.96,16490.57
11650660,23,671.2,2337.61
11680510,00,2623.66,5307.42
11680510,01,5277.4800000000005,11300.5
11680510,02,4049.07,9197.41
11680510,03,2903.81,7730.18
11680510,04,2756.6,12433.12
11680510,05,7312.349999999999,31229.989999999998
11680510,06,22378.829999999998,73025.72
11680510,0700,15924.03,44272.0
11680510,0720,21371.38,54031.88
11680510,0740,27791.09,58660.1
11680510,0800,33103.54,67886.01
11680510,0820,33547.58,72205.24
11680510,0840,31122.11,66131.25
11680510,0900,28060.96,59816.75
11680510,0920,21133.42,51305.38
11680510,0940,19180.73,47425.03
11680510,10,50509.18,132862.31
11680510,11,56886.24,132984.24
11680510,12,60904.39,140479.83
11680510,13,54213.61,133914.46
11680510,14,48304.12,123421.69
11680510,15,46300.82,121899.76
11680510,16,50293.72,126234.73
11680510,1700,20266.89,48092.88
11680510,1720,19244.58,45520.93
11680510,1740,19461.29,44168.07
11680510,1800,25568.32,50836.04
11680510,1820,20042.75,40309.87
11680510,1840,16258.85,34602.96
11680510,1900,15787.11,32620.98
11680510,1920,12118.13,26269.39
11680510,1940,10961.0,24414.1
11680510,20,28378.84,63714.22
11680510,21,21026.829999999998,50139.69
11680510,22,13385.86,31174.61
11680510,23,2097.39,4764.62
11680521,00,7623.68,12255.16
11680521,01,15578.42,24400.83
11680521,02,12831.66,20599.48
11680521,03,10979.46,18041.7
11680521,04,9787.54,21680.28
11680521,05,18647.76,56233.04
11680521,06,53928.46,125117.33
11680521,0700,37604.19,71389.95
11680521,0720,47749.66,86267.33
11680521,0740,57766.18,101820.33
11680521,0800,61029.82,107778.04000000001
11680521,0820,55306.47,102192.38
11680521,0840,50322.51,94132.06
11680521,0900,40116.88,78889.09
11680521,0920,28927.29,63292.94
11680521,0940,23027.63,53350.9
11680521,10,55312.35,134868.78
11680521,11,59447.01,136948.53
11680521,12,74469.93000000001,162924.94
11680521,13,67709.12,152269.12
11680521,14,55504.12,127066.55
11680521,15,55035.11,126393.06
11680521,16,62319.53,135469.68
11680521,1700,26539.1,53389.96
11680521,1720,26195.02,51589.64
11680521,1740,27362.7,51483.53
11680521,1800,37458.73,63972.32
11680521,1820,26618.29,46756.57
11680521,1840,23609.41,40535.11
11680521,1900,24198.78,40675.8
11680521,1920,17798.21,32101.57
11680521,1940,17064.62,30057.71
11680521,20,46915.55,82248.51
11680521,21,38872.24,68928.61
11680521,22,26200.58,44795.57
11680521,23,4785.44,8525.75
11680531,00,4290.09,8439.83
11680531,01,8552.57,17321.15
11680531,02,6913.84,14180.87
11680531,03,5429.3,11842.39
11680531,04,5941.85,17786.4
11680531,05,16842.48,58701.77
11680531,06,61385.92,149960.76
11680531,0700,44717.72,88706.81
11680531,0720,56160.33,104900.48
11680531,0740,64512.72,116289.78
11680531,0800,72789.57,122888.93
11680531,0820,59796.14,107697.59
11680531,0840,50943.5,93166.16
11680531,0900,44494.81,83333.31
11680531,0920,33444.25,68590.52
11680531,0940,25545.61,56540.89
11680531,10,61080.34,143399.59
11680531,11,67251.20999999999,153729.33
11680531,12,80910.95999999999,177227.27
11680531,13,67203.82,155403.01
11680531,14,50961.08,126038.92
11680531,15,47625.45,121065.33
11680531,16,47263.1,119511.91
11680531,1700,19771.84,45530.25
11680531,1720,19149.88,43995.03
11680531,1740,19103.05,42589.25
11680531,1800,25332.95,51861.59
11680531,1820,18999.8,39753.39
11680531,1840,15915.25,34618.81
11680531,1900,16500.29,34094.93
11680531,1920,13237.11,28919.170000000002
11680531,1940,12519.130000000001,27678.23
11680531,20,33496.15,73621.03
11680531,21,26561.74,59412.81
11680531,22,17800.45,38371.17
11680531,23,3218.56,7011.82
11680545,00,4191.39,8499.13
11680545,01,8431.35,18026.1
11680545,02,6138.82,15490.119999999999
11680545,03,4196.18,10582.289999999999
11680545,04,4681.11,16869.38
11680545,05,13178.78,51985.36
11680545,06,39735.18,109207.87
11680545,0700,23804.78,60281.8
11680545,0720,34828.58,77733.1
11680545,0740,43820.659999999996,88671.83
11680545,0800,47768.479999999996,96018.37
11680545,0820,47919.29,97914.66
11680545,0840,43508.71,91168.34
11680545,0900,40457.85,87160.57
11680545,0920,33024.770000000004,76746.65
11680545,0940,29399.13,69149.79000000001
11680545,10,76799.77,198514.57
11680545,11,77463.18000000001,202176.12
11680545,12,83864.26,209669.14
11680545,13,76556.95,197113.58
11680545,14,66247.84,177938.33
11680545,15,61643.29,174254.17
11680545,16,62491.22,172345.08000000002
11680545,1700,23413.35,62905.99
11680545,1720,22894.12,60738.95
11680545,1740,22263.53,58596.9
11680545,1800,27140.9,65070.64
11680545,1820,20858.739999999998,51903.590000000004
11680545,1840,18524.21,45211.86
11680545,1900,17341.43,42595.76
11680545,1920,14001.23,35492.1
11680545,1940,12913.4,33057.71
11680545,20,34527.75,87964.09
11680545,21,26922.49,72028.24
11680545,22,17534.37,45372.64
11680545,23,3078.41,7363.32
11680565,00,4696.19,9886.17
11680565,01,8842.08,19551.52
11680565,02,7594.41,16181.279999999999
11680565,03,6526.87,14358.83
11680565,04,9083.05,24315.23
11680565,05,21234.59,69926.25
11680565,06,51174.48,138306.08
11680565,0700,30601.63,73348.89
11680565,0720,37861.83,89420.78
11680565,0740,43320.04,92121.46
11680565,0800,48134.32,96730.11
11680565,0820,48835.13,97425.69
11680565,0840,44305.96,86801.26
11680565,0900,40483.95,81750.43
11680565,0920,30693.1,69477.35
11680565,0940,26170.75,61396.48
11680565,10,66239.92,163195.21
11680565,11,66033.94,161947.69
11680565,12,71672.48,173241.94
11680565,13,65926.82,168768.13999999998
11680565,14,56598.62,151039.17
11680565,15,53417.47,147681.58
11680565,16,53043.15,145175.67
11680565,1700,19674.7,51901.17
11680565,1720,18994.47,51081.63
11680565,1740,18272.88,49807.95
11680565,1800,21848.52,54752.57
11680565,1820,17292.52,44081.14
11680565,1840,15376.63,40208.5
11680565,1900,15128.56,38051.69
11680565,1920,12701.3,33695.37
11680565,1940,12626.93,33561.28
11680565,20,35246.84,93303.6
11680565,21,30059.97,77944.3
11680565,22,19347.99,50189.97
11680565,23,3079.81,7803.2
11680580,00,2042.28,5232.94
11680580,01,4281.47,10932.65
11680580,02,3276.22,9359.08
11680580,03,2660.37,9013.26
11680580,04,5387.53,23178.11
11680580,05,29914.18,102456.06999999999
11680580,06,101410.62,243597.93
11680580,0700,62719.0,128355.23
11680580,0720,76886.04,152649.24
11680580,0740,86903.27,162496.52
11680580,0800,92873.87,169186.47
11680580,0820,80572.03,152593.44
11680580,0840,66028.37,128907.57
11680580,0900,55217.82,112183.75
11680580,0920,42929.26,94748.88
11680580,0940,34210.01,82044.16
11680580,10,92336.72,242432.69
11680580,11,129957.29,306396.89
11680580,12,152281.77,342050.26
11680580,13,118989.68,285194.95
11680580,14,84001.83,212976.37
11680580,15,74377.98,189053.16
11680580,16,72087.27,181745.75
11680580,1700,28072.04,66018.33
11680580,1720,26574.45,63686.97
11680580,1740,26071.98,60477.51
11680580,1800,34616.31,70690.59
11680580,1820,23603.65,51408.28
11680580,1840,20576.87,44838.1
11680580,1900,18459.91,40545.21
11680580,1920,14290.92,32618.329999999998
11680580,1940,12934.62,29755.95
11680580,20,30127.53,71315.92
11680580,21,20200.99,49872.41
11680580,22,11838.49,29903.5
11680580,23,2030.48,5024.87
11680590,00,3913.72,8448.02
11680590,01,7707.25,17124.2
11680590,02,6020.32,13352.62
11680590,03,4505.04,10126.99
11680590,04,4307.24,12647.45
11680590,05,11607.79,40982.76
11680590,06,37421.03,93332.14
11680590,0700,23634.37,51008.65
11680590,0720,28791.23,58631.61
11680590,0740,34819.06,68077.43
11680590,0800,37169.33,74700.5
11680590,0820,31665.86,68289.01
11680590,0840,26240.7,56767.29
11680590,0900,22323.63,49599.17
11680590,0920,15114.42,40381.24
11680590,0940,11673.86,35253.31
11680590,10,29894.39,96056.26
11680590,11,35074.770000000004,105621.92
11680590,12,41674.65,120873.69
11680590,13,35205.71,111530.58
11680590,14,28290.09,101416.59
11680590,15,28033.86,102921.36
11680590,16,30202.239999999998,105407.69
11680590,1700,12375.16,38560.96
11680590,1720,12049.08,36819.21
11680590,1740,12863.43,38423.55
11680590,1800,18446.64,46505.13
11680590,1820,13572.41,36367.52
11680590,1840,11591.28,34345.49
11680590,1900,12082.01,33347.15
11680590,1920,10116.67,28566.07
11680590,1940,9348.54,27926.63
11680590,20,28335.05,78756.45
11680590,21,25073.26,71876.14
11680590,22,16940.579999999998,45933.23
11680590,23,2592.47,7315.45
11680600,00,1216.56,5745.14
11680600,01,2644.27,12713.95
11680600,02,2086.62,10841.2
11680600,03,1173.7,7049.37
11680600,04,1650.27,10488.96
11680600,05,4510.86,28140.84
11680600,06,13189.16,72460.36
11680600,0700,7812.43,41081.81
11680600,0720,9461.63,50613.88
11680600,0740,10145.7,47119.1
11680600,0800,9695.04,43373.76
11680600,0820,8533.78,42015.590000000004
11680600,0840,6432.95,31936.73
11680600,0900,6264.21,29578.47
11680600,0920,5131.07,28451.8
11680600,0940,4573.81,27443.260000000002
11680600,10,12782.08,76450.27
11680600,11,15817.74,81810.33
11680600,12,19291.4,105381.83
11680600,13,19823.38,111474.48
11680600,14,16733.52,111772.02
11680600,15,16247.54,125798.9
11680600,16,16688.92,133277.05
11680600,1700,5791.81,44548.0
11680600,1720,5680.33,44400.0
11680600,1740,5737.17,41472.65
11680600,1800,6562.41,42220.78
11680600,1820,5142.0,35325.590000000004
11680600,1840,4650.21,31930.7
11680600,1900,4748.62,30467.71
11680600,1920,4191.57,26212.41
11680600,1940,4034.36,25049.56
11680600,20,11380.460000000001,69804.20999999999
11680600,21,11201.04,73184.41
11680600,22,7135.2,48796.78
11680600,23,1121.06,7624.32
11680610,00,2674.66,8965.07
11680610,01,4717.94,17341.52
11680610,02,3467.79,14382.04
11680610,03,2589.7,9874.43
11680610,04,3365.8199999999997,16352.1
11680610,05,13511.57,56485.0
11680610,06,53074.2,158370.35
11680610,0700,33941.58,87197.87
11680610,0720,41681.94,101947.57
11680610,0740,42724.92,104741.4
11680610,0800,43943.73,103943.5
11680610,0820,39416.03,95945.98
11680610,0840,30534.47,76589.96
11680610,0900,25645.97,66668.97
11680610,0920,19660.18,56465.44
11680610,0940,15223.91,48735.21
11680610,10,37775.7,130393.70999999999
11680610,11,44793.6,143668.25
11680610,12,52981.96,180333.48
11680610,13,44141.94,167762.59
11680610,14,33950.49,156691.04
11680610,15,30068.04,164894.66
11680610,16,31709.9,186143.99
11680610,1700,12229.21,68023.61
11680610,1720,11621.03,63712.36
11680610,1740,12144.24,56526.12
11680610,1800,15550.539999999999,61434.35
11680610,1820,11381.19,47237.74
11680610,1840,10310.57,43314.29
11680610,1900,10078.82,40685.33
11680610,1920,7997.69,36083.11
11680610,1940,8065.12,35346.65
11680610,20,23425.93,101251.19
11680610,21,21537.66,98713.34
11680610,22,12921.77,63654.44
11680610,23,2060.62,9766.46
11680630,00,3567.02,7585.65
11680630,01,7059.15,15630.28
11680630,02,5698.7300000000005,12873.23
11680630,03,4298.87,9626.75
11680630,04,4559.46,13622.27
11680630,05,15861.43,55914.07
11680630,06,56676.54,153342.78
11680630,0700,33140.37,81149.48
11680630,0720,39902.66,94999.09
11680630,0740,38832.57,93053.8
11680630,0800,39161.89,91725.42
11680630,0820,30122.1,79633.51
11680630,0840,23943.04,66412.79
11680630,0900,21808.97,61309.520000000004
11680630,0920,16739.06,53295.01
11680630,0940,13532.15,45362.66
11680630,10,33311.38,120359.49
11680630,11,44934.75,145039.9
11680630,12,51402.4,177740.34
11680630,13,38751.41,149777.27
11680630,14,33334.63,132332.05
11680630,15,32761.23,149978.62
11680630,16,38212.93,175329.97
11680630,1700,15882.01,65916.63
11680630,1720,15865.82,65028.25
11680630,1740,16974.03,57549.32
11680630,1800,23341.68,60778.02
11680630,1820,17130.6,45133.21
11680630,1840,14147.24,39398.14
11680630,1900,14248.78,37016.99
11680630,1920,10994.34,29768.86
11680630,1940,10006.55,26947.66
11680630,20,27267.3,74307.95
11680630,21,23224.64,69012.39
11680630,22,16017.93,47319.44
11680630,23,2825.28,7648.01
11680640,00,12106.75,20267.48
11680640,01,23538.329999999998,40587.02
11680640,02,19031.78,33273.409999999996
11680640,03,14347.0,27759.4
11680640,04,17024.56,48180.36
11680640,05,53821.94,158428.1
11680640,06,197166.59,439983.02
11680640,0700,126691.49,243983.23
11680640,0720,158323.65,288401.53
11680640,0740,182769.06,318533.16
11680640,0800,192252.02000000002,328654.74
11680640,0820,176154.71,311904.77
11680640,0840,161348.77,284084.33
11680640,0900,136363.5,244594.09
11680640,0920,99621.0,194554.64
11680640,0940,74023.67,158994.67
11680640,10,176673.61000000002,400572.23
11680640,11,225221.58,463151.93
11680640,12,252211.86000000002,506063.58999999997
11680640,13,196510.2,411758.58
11680640,14,150354.26,318418.82
11680640,15,144940.35,308756.24
11680640,16,170675.23,339485.49
11680640,1700,77738.0,141051.95
11680640,1720,78711.03,138913.67
11680640,1740,81026.5,139955.51
11680640,1800,116790.52,183020.54
11680640,1820,81469.23,130756.08
11680640,1840,67537.24,109218.73
11680640,1900,64671.14,103278.85
11680640,1920,48872.55,81572.81
11680640,1940,43511.71,73656.45
11680640,20,108751.23,186086.89
11680640,21,82883.17,143432.57
11680640,22,50467.12,87362.94
11680640,23,8919.87,15811.34
11680650,00,4862.24,11857.39
11680650,01,9740.01,24531.28
11680650,02,7913.860000000001,21101.71
11680650,03,5671.85,15653.12
11680650,04,6248.01,22952.35
11680650,05,22115.71,77625.17
11680650,06,74927.21,193587.41
11680650,0700,44285.62,100815.08
11680650,0720,49733.659999999996,109120.69
11680650,0740,50653.84,106542.99
11680650,0800,49267.24,104206.44
11680650,0820,40243.29,95185.54
11680650,0840,35910.74,82153.63
11680650,0900,29225.66,71211.03
11680650,0920,21597.97,59762.57
11680650,0940,16817.96,50645.81
11680650,10,40738.4,133592.92
11680650,11,47700.75,145145.25
11680650,12,60889.31,180871.08
11680650,13,47533.74,163546.1
11680650,14,38472.47,144089.76
11680650,15,36217.26,142416.84
11680650,16,37993.63,142583.63
11680650,1700,15398.05,51614.55
11680650,1720,15809.93,50692.229999999996
11680650,1740,15764.8,50721.67
11680650,1800,22183.66,60509.46
11680650,1820,15878.75,46652.94
11680650,1840,14403.29,44244.81
11680650,1900,14359.67,43365.159999999996
11680650,1920,12495.710000000001,39877.25
11680650,1940,11890.57,37795.91
11680650,20,32474.25,104680.7
11680650,21,28373.99,97789.2
11680650,22,19420.22,67783.08
11680650,23,3231.59,10346.28
11680655,00,1643.26,4235.33
11680655,01,3036.09,8175.33
11680655,02,2515.81,6641.72
11680655,03,1552.74,5273.22
11680655,04,2471.85,10494.07
11680655,05,9840.550000000001,43697.41
11680655,06,36191.46,107873.26
11680655,0700,22112.01,57425.799999999996
11680655,0720,26569.11,67162.11
11680655,0740,29326.68,68947.07
11680655,0800,28032.14,67887.0
11680655,0820,18157.88,56443.63
11680655,0840,13872.17,42873.8
11680655,0900,11089.68,37797.0
11680655,0920,9363.75,35170.16
11680655,0940,7912.46,33780.04
11680655,10,22999.75,97543.9
11680655,11,27675.64,104172.94
11680655,12,33785.96,117406.23
11680655,13,26511.95,107194.43
11680655,14,22605.87,96845.24
11680655,15,22705.27,95843.24
11680655,16,25901.63,100905.68000000001
11680655,1700,11414.11,38408.1
11680655,1720,11209.04,36620.21
11680655,1740,11390.2,35905.83
11680655,1800,16183.619999999999,43796.19
11680655,1820,10834.58,32091.09
11680655,1840,9136.57,27680.15
11680655,1900,8809.8,27048.95
11680655,1920,7191.5,23590.31
11680655,1940,7076.3,22029.88
11680655,20,19900.32,60142.3
11680655,21,16989.4,52350.89
11680655,22,10585.7,32300.87
11680655,23,1505.27,4565.38
11680656,00,1563.62,5445.86
11680656,01,2814.84,9942.89
11680656,02,2013.41,8485.1
11680656,03,1517.48,6217.49
11680656,04,1935.58,10167.86
11680656,05,6066.33,31455.77
11680656,06,18260.93,74172.36
11680656,0700,10434.88,38881.6
11680656,0720,12269.32,46182.229999999996
11680656,0740,13909.05,42575.38
11680656,0800,13552.9,41376.62
11680656,0820,12700.62,36451.64
11680656,0840,11315.11,32308.27
11680656,0900,9674.05,28625.36
11680656,0920,7101.91,25435.55
11680656,0940,5815.36,24508.56
11680656,10,14330.5,71226.65
11680656,11,17612.78,79993.93000000001
11680656,12,22011.22,95058.55
11680656,13,19767.06,93104.61
11680656,14,16002.51,87485.20999999999
11680656,15,15145.66,87693.96
11680656,16,17184.94,91322.62
11680656,1700,7134.54,35203.0
11680656,1720,6927.15,33665.2
11680656,1740,7252.38,33254.95
11680656,1800,9006.11,37083.51
11680656,1820,6590.42,30765.73
11680656,1840,6061.58,30079.87
11680656,1900,5920.11,28775.26
11680656,1920,5235.4800000000005,26377.65
11680656,1940,5092.57,25512.55
11680656,20,14622.82,71842.02
11680656,21,12505.44,64732.11
11680656,22,7546.47,40931.04
11680656,23,1117.98,5329.3
11680660,00,1381.12,4592.83
11680660,01,2777.14,9696.68
11680660,02,1884.95,7236.6
11680660,03,1416.33,6504.38
11680660,04,1258.25,7718.62
11680660,05,2054.8,16770.6
11680660,06,4650.49,28155.65
11680660,0700,2549.08,14998.71
11680660,0720,2879.29,19039.83
11680660,0740,2991.31,19044.27
11680660,0800,2731.02,19668.72
11680660,0820,2469.87,18479.07
11680660,0840,2471.15,13990.07
11680660,0900,2281.99,12665.19
11680660,0920,2115.16,12141.42
11680660,0940,2008.1599999999999,12454.74
11680660,10,6286.91,37412.24
11680660,11,7728.16,41500.16
11680660,12,9603.34,52093.14
11680660,13,10427.83,57576.92
11680660,14,10907.78,62906.67
11680660,15,10998.38,67207.0
11680660,16,13453.46,69999.87
11680660,1700,5574.139999999999,26049.79
11680660,1720,5485.15,25131.46
11680660,1740,5649.51,26791.75
11680660,1800,7761.41,30946.92
11680660,1820,5771.66,25967.6
11680660,1840,5354.63,24745.2
11680660,1900,5806.51,24597.19
11680660,1920,5116.9,23369.92
11680660,1940,5067.71,22626.99
11680660,20,14857.52,66610.61
11680660,21,13883.75,63567.94
11680660,22,8486.59,39584.21
11680660,23,1059.92,5197.22
11680670,00,2082.33,7393.42
11680670,01,4251.82,15380.960000000001
11680670,02,3092.41,11607.54
11680670,03,2222.08,8927.11
11680670,04,1935.64,11294.210000000001
11680670,05,3562.87,24348.97
11680670,06,7851.39,51911.18
11680670,0700,3308.11,23771.03
11680670,0720,3963.23,27192.61
11680670,0740,4427.47,25908.59
11680670,0800,4288.63,24337.44
11680670,0820,3615.17,22624.66
11680670,0840,3239.54,18937.21
11680670,0900,3114.48,18687.16
11680670,0920,2813.06,17903.54
11680670,0940,2853.32,18646.24
11680670,10,9261.85,54247.26
11680670,11,11182.43,58488.84
11680670,12,13183.24,74099.79
11680670,13,13922.73,81107.25
11680670,14,15201.47,87042.52
11680670,15,17130.13,97157.99
11680670,16,21554.32,107171.43
11680670,1700,9000.5,40387.18
11680670,1720,8756.49,37958.81
11680670,1740,9338.47,39504.37
11680670,1800,14299.8,52213.47
11680670,1820,9604.69,39156.03
11680670,1840,8977.32,38012.22
11680670,1900,8590.08,36330.72
11680670,1920,7942.63,33221.909999999996
11680670,1940,7828.66,33338.27
11680670,20,23818.23,95639.27
11680670,21,21386.02,91181.12
11680670,22,13072.05,54800.8
11680670,23,1711.67,8082.91
11680675,00,947.2199999999999,2923.03
11680675,01,1603.08,5375.87
11680675,02,1120.1,4139.49
11680675,03,936.93,3655.0099999999998
11680675,04,852.8100000000001,5213.44
11680675,05,2982.25,16545.62
11680675,06,8969.99,37621.02
11680675,0700,5373.3,21751.09
11680675,0720,5158.47,25074.46
11680675,0740,5391.53,19931.31
11680675,0800,4659.45,17839.83
11680675,0820,3169.26,16107.23
11680675,0840,2325.1,11136.88
11680675,0900,1945.43,11188.49
11680675,0920,1554.19,10014.53
11680675,0940,1424.58,10030.06
11680675,10,4875.58,27964.78
11680675,11,5965.37,29825.26
11680675,12,7978.19,35780.73
11680675,13,6886.79,36883.44
11680675,14,6930.03,38243.37
11680675,15,8055.36,42173.88
11680675,16,9573.88,43946.95
11680675,1700,4504.37,16472.92
11680675,1720,4360.93,15450.99
11680675,1740,4100.58,16209.23
11680675,1800,6802.96,21588.62
11680675,1820,4748.84,15485.57
11680675,1840,3968.82,14132.49
11680675,1900,4309.63,14844.04
11680675,1920,3655.25,13528.96
11680675,1940,3501.32,12410.55
11680675,20,10329.81,35494.51
11680675,21,9170.75,31048.43
11680675,22,5445.84,19092.23
11680675,23,809.67,2693.84
11680690,00,1772.39,4401.13
11680690,01,3159.25,8013.33
11680690,02,2133.39,5676.03
11680690,03,1508.5800000000002,4801.76
11680690,04,1196.78,5328.77
11680690,05,2558.65,13169.2
11680690,06,6846.52,32078.22
11680690,0700,3761.46,15177.0
11680690,0720,4205.17,16630.18
11680690,0740,5227.38,17286.239999999998
11680690,0800,4530.63,17533.15
11680690,0820,4086.18,16868.12
11680690,0840,3082.71,15010.59
11680690,0900,2871.68,13827.89
11680690,0920,3064.47,15043.48
11680690,0940,2717.9,13252.210000000001
11680690,10,8182.11,38615.46
11680690,11,10639.25,44804.85
11680690,12,12023.93,51428.67
11680690,13,12069.54,52626.03
11680690,14,12102.11,55484.14
11680690,15,13590.74,61846.27
11680690,16,15009.98,62745.32
11680690,1700,6617.52,23652.74
11680690,1720,6917.030000000001,23396.17
11680690,1740,6868.39,24185.34
11680690,1800,9324.77,29194.21
11680690,1820,6611.38,22475.31
11680690,1840,6009.71,21957.26
11680690,1900,5930.72,21248.45
11680690,1920,5539.77,19455.43
11680690,1940,5434.57,18738.4
11680690,20,16307.53,52525.14
11680690,21,15236.81,46428.47
11680690,22,9099.07,27817.99
11680690,23,1299.33,3956.8
11680700,00,3342.82,8449.88
11680700,01,6078.72,15080.24
11680700,02,4568.87,10827.97
11680700,03,3114.22,8571.88
11680700,04,3201.17,12014.34
11680700,05,7171.39,30907.47
11680700,06,18019.52,60871.18
11680700,0700,9105.45,28160.94
11680700,0720,9489.24,30834.02
11680700,0740,9229.68,32485.29
11680700,0800,8989.46,36047.68
11680700,0820,9131.15,38338.3
11680700,0840,7383.3,28918.23
11680700,0900,7184.6,26372.56
11680700,0920,5989.17,25829.17
11680700,0940,5367.89,23886.06
11680700,10,15864.18,71170.05
11680700,11,23543.54,87522.44
11680700,12,23589.11,98768.79
11680700,13,22886.58,101960.98
11680700,14,24023.35,111111.13
11680700,15,25015.0,119619.25
11680700,16,29641.920000000002,125479.51
11680700,1700,13858.34,47370.56
11680700,1720,13370.68,45505.08
11680700,1740,14072.7,46392.31
11680700,1800,21084.34,59334.91
11680700,1820,13388.14,43077.08
11680700,1840,12603.98,40704.3
11680700,1900,13459.61,42661.8
11680700,1920,11731.99,37229.729999999996
11680700,1940,11389.57,35043.64
11680700,20,34502.74,101374.34
11680700,21,31702.87,88320.59
11680700,22,18139.51,50771.29
11680700,23,2592.4,7148.97
11680720,00,1172.71,3297.88
11680720,01,2100.38,6489.38
11680720,02,1462.58,5146.62
11680720,03,1068.58,4496.45
11680720,04,1522.03,8991.18
11680720,05,8647.66,38393.03
11680720,06,23152.81,79877.32
11680720,0700,9854.77,32697.98
11680720,0720,7700.26,31125.16
11680720,0740,7438.49,27658.989999999998
11680720,0800,6226.33,28563.34
11680720,0820,5594.77,27389.06
11680720,0840,4715.28,23606.85
11680720,0900,4588.82,24043.14
11680720,0920,4359.17,23741.989999999998
11680720,0940,3687.54,21913.06
11680720,10,11530.07,62760.79
11680720,11,12704.65,60713.95
11680720,12,14269.4,71061.4
11680720,13,13997.42,71673.24
11680720,14,13829.5,69200.35
11680720,15,13094.56,66773.73
11680720,16,14890.619999999999,68840.51
11680720,1700,5958.7699999999995,24932.57
11680720,1720,5623.79,22740.420000000002
11680720,1740,5511.95,23168.91
11680720,1800,8086.33,29545.62
11680720,1820,5318.91,22035.04
11680720,1840,4869.45,20944.39
11680720,1900,5077.73,20916.61
11680720,1920,4510.01,18835.43
11680720,1940,4456.8,17604.13
11680720,20,13020.64,49649.49
11680720,21,12433.99,47864.14
11680720,22,6859.35,29013.35
11680720,23,985.0799999999999,4091.14
11680730,00,1184.68,2880.99
11680730,01,2192.39,6064.19
11680730,02,1633.71,4511.41
11680730,03,1077.3799999999999,3834.88
11680730,04,1136.93,5867.04
11680730,05,2434.77,12201.16
11680730,06,4267.2699999999995,18285.41
11680730,0700,1861.71,6912.85
11680730,0720,2283.08,8013.04
11680730,0740,2592.76,8956.24
11680730,0800,2407.35,9200.96
11680730,0820,2034.25,9954.73
11680730,0840,1982.47,9164.44
11680730,0900,2006.8600000000001,9206.61
11680730,0920,1924.23,8914.83
11680730,0940,1819.77,8672.23
11680730,10,5794.55,26480.08
11680730,11,7499.67,31414.72
11680730,12,7911.5199999999995,33286.92
11680730,13,7260.96,32134.71
11680730,14,7729.13,34403.96
11680730,15,8955.02,38320.82
11680730,16,11321.56,43105.79
11680730,1700,5348.9,16563.1
11680730,1720,4736.94,15657.46
11680730,1740,5144.21,16205.48
11680730,1800,7175.4,20524.12
11680730,1820,4829.09,14880.01
11680730,1840,4662.14,13687.96
11680730,1900,4751.46,13864.19
11680730,1920,4061.99,12199.45
11680730,1940,4229.91,12064.48
11680730,20,11729.49,33523.47
11680730,21,10273.05,28638.489999999998
11680730,22,6314.15,17947.18
11680730,23,1131.71,3372.81
11680750,00,982.46,2656.7
11680750,01,1941.86,5769.7699999999995
11680750,02,1420.19,4712.66
11680750,03,1310.93,5265.34
11680750,04,2972.7,13930.67
11680750,05,9242.6,41665.33
11680750,06,29305.18,98216.15
11680750,0700,15430.36,49861.2
11680750,0720,16943.0,49559.49
11680750,0740,16644.58,48049.49
11680750,0800,14337.19,44374.58
11680750,0820,12504.34,40048.979999999996
11680750,0840,8459.75,32964.79
11680750,0900,7531.91,32365.15
11680750,0920,6750.02,30248.32
11680750,0940,5587.86,27047.26
11680750,10,17122.96,84379.31
11680750,11,21758.16,94275.68
11680750,12,22924.15,98638.64
11680750,13,18872.5,86888.46
11680750,14,17475.9,85471.69
11680750,15,18213.27,83336.34
11680750,16,19728.91,80934.87
11680750,1700,8917.09,30311.63
11680750,1720,8554.210000000001,27788.58
11680750,1740,8691.91,26934.21
11680750,1800,11623.66,31334.67
11680750,1820,7664.37,22248.62
11680750,1840,6285.49,19174.52
11680750,1900,6113.5,18399.45
11680750,1920,5289.65,16022.460000000001
11680750,1940,5086.26,15264.31
11680750,20,13578.83,39243.53
11680750,21,10734.04,30098.78
11680750,22,5584.35,15607.57
11680750,23,959.98,2971.92
11710510,00,907.79,2358.2599999999998
11710510,01,1780.43,4964.21
11710510,02,1300.44,3799.06
11710510,03,888.72,2895.1800000000003
11710510,04,1024.46,4288.09
11710510,05,1261.9,6369.75
11710510,06,2112.36,11450.71
11710510,0700,1100.71,5199.62
11710510,0720,1451.49,6054.3099999999995
11710510,0740,1849.31,7319.91
11710510,0800,1914.79,7893.77
11710510,0820,1936.32,8321.06
11710510,0840,1586.84,6805.18
11710510,0900,1351.58,7061.9400000000005
11710510,0920,1337.98,6921.01
11710510,0940,1330.97,6824.47
11710510,10,3815.79,20219.77
11710510,11,4860.94,22178.37
11710510,12,5210.25,25713.73
11710510,13,5187.38,25382.57
11710510,14,5654.0199999999995,28236.5
11710510,15,6222.84,31673.57
11710510,16,7240.17,34494.54
11710510,1700,3516.54,13300.77
11710510,1720,3628.96,12535.8
11710510,1740,3501.49,13267.04
11710510,1800,5022.71,15419.35
11710510,1820,3457.89,11059.38
11710510,1840,2804.37,10117.22
11710510,1900,3185.37,10417.84
11710510,1920,2594.04,8724.49
11710510,1940,2634.16,8936.44
11710510,20,7414.28,24375.69
11710510,21,6794.38,21129.96
11710510,22,4719.83,13490.77
11710510,23,621.62,2249.64
11710520,00,2323.88,6076.49
11710520,01,5103.64,14173.93
11710520,02,3777.81,10928.08
11710520,03,3041.32,10546.23
11710520,04,4331.64,20471.7
11710520,05,14000.67,63892.62
11710520,06,37364.15,133906.75
11710520,0700,18791.68,64209.13
11710520,0720,18456.56,64736.15
11710520,0740,16666.48,58595.79
11710520,0800,15009.36,55886.34
11710520,0820,12007.630000000001,47972.0
11710520,0840,9872.93,42401.4
11710520,0900,8697.23,38395.4
11710520,0920,7429.79,34355.06
11710520,0940,6440.08,31666.04
11710520,10,17824.46,87092.59
11710520,11,20177.34,90323.98
11710520,12,23832.38,104873.26000000001
11710520,13,23243.18,100320.48
11710520,14,18589.31,86219.87
11710520,15,17915.8,79397.02
11710520,16,20475.02,76943.57
11710520,1700,8233.01,28035.53
11710520,1720,9395.71,28349.39
11710520,1740,8962.99,27166.8
11710520,1800,11282.29,32854.82
11710520,1820,7864.85,24398.920000000002
11710520,1840,7300.650000000001,22989.12
11710520,1900,7607.35,23140.67
11710520,1920,6807.9,21099.350000000002
11710520,1940,6967.25,20433.47
11710520,20,20061.54,57691.51
11710520,21,19601.6,51162.38
11710520,22,11946.86,33088.43
11710520,23,2441.93,6686.78
11710531,00,994.94,2809.45
11710531,01,2164.78,6068.84
11710531,02,1491.41,4418.05
11710531,03,1091.19,3634.25
11710531,04,1015.1,4177.73
11710531,05,1340.21,7635.37
11710531,06,2780.0,14789.9
11710531,0700,1587.33,7891.76
11710531,0720,2133.13,8992.73
11710531,0740,2665.86,10799.29
11710531,0800,2938.88,13265.66
11710531,0820,2657.06,14467.880000000001
11710531,0840,1957.65,11473.07
11710531,0900,1815.59,10343.0
11710531,0920,1727.78,10453.32
11710531,0940,1535.87,9533.84
11710531,10,5023.42,29177.079999999998
11710531,11,5389.4800000000005,28949.36
11710531,12,6460.52,33299.06
11710531,13,6395.2,34618.58
11710531,14,6578.28,36636.16
11710531,15,7239.44,39579.72
11710531,16,9105.14,42713.34
11710531,1700,3928.04,16187.29
11710531,1720,4013.13,15120.81
11710531,1740,4259.36,15315.39
11710531,1800,6678.12,19995.32
11710531,1820,3958.93,13947.52
11710531,1840,3477.59,12742.789999999999
11710531,1900,3676.06,12226.4
11710531,1920,3039.34,10444.87
11710531,1940,3110.96,10487.49
11710531,20,9375.619999999999,29361.16
11710531,21,8566.43,25501.09
11710531,22,5287.38,15752.28
11710531,23,947.42,2873.57
11710532,00,1579.61,4418.29
11710532,01,3221.61,8753.73
11710532,02,2245.39,6597.86
11710532,03,1704.0,5164.4400000000005
11710532,04,1515.81,6418.6
11710532,05,2037.97,10553.51
11710532,06,4423.39,20009.02
11710532,0700,2408.55,9113.23
11710532,0720,2891.31,10779.7
11710532,0740,3477.98,12367.53
11710532,0800,3898.29,14041.3
11710532,0820,3351.11,14748.81
11710532,0840,2514.0,11210.11
11710532,0900,2238.48,11007.42
11710532,0920,2103.49,10463.43
11710532,0940,1948.3,10703.72
11710532,10,6181.98,32465.95
11710532,11,7079.79,36272.07
11710532,12,8453.22,40142.44
11710532,13,8722.5,43055.72
11710532,14,9750.58,48659.68
11710532,15,10861.6,54706.5
11710532,16,13696.539999999999,60510.08
11710532,1700,5792.18,22752.31
11710532,1720,6116.34,22026.22
11710532,1740,6357.5599999999995,23093.78
11710532,1800,10257.81,30140.77
11710532,1820,6224.4,21167.22
11710532,1840,5673.47,19641.72
11710532,1900,5776.3099999999995,20134.15
11710532,1920,4674.15,17464.15
11710532,1940,4997.57,17392.84
11710532,20,14779.22,48396.18
11710532,21,13878.89,42702.78
11710532,22,8026.69,25317.88
11710532,23,1301.9,4342.43
11710540,00,992.9399999999999,2772.13
11710540,01,1900.3799999999999,5315.05
11710540,02,1253.97,4011.35
11710540,03,945.44,3392.38
11710540,04,754.54,4063.14
11710540,05,1089.95,6440.58
11710540,06,1905.24,9213.37
11710540,0700,937.2,3736.28
11710540,0720,886.45,4113.05
11710540,0740,1045.94,4736.4800000000005
11710540,0800,1448.77,5711.42
11710540,0820,1031.81,6120.24
11710540,0840,949.34,5271.24
11710540,0900,1010.0,5841.13
11710540,0920,867.17,5349.11
11710540,0940,799.93,5172.43
11710540,10,2479.35,15297.52
11710540,11,2833.22,17359.39
11710540,12,3391.7999999999997,19416.97
11710540,13,3792.31,21247.17
11710540,14,3993.02,24189.79
11710540,15,4867.19,28083.24
11710540,16,6070.04,30676.12
11710540,1700,2706.82,11483.14
11710540,1720,2670.98,10954.38
11710540,1740,2582.2999999999997,10355.84
11710540,1800,3895.15,13667.17
11710540,1820,2463.91,9836.710000000001
11710540,1840,2467.56,9381.17
11710540,1900,2613.2799999999997,9401.91
11710540,1920,2394.4,8698.1
11710540,1940,2264.41,8442.98
11710540,20,7076.49,24322.65
11710540,21,6970.01,21532.57
11710540,22,4165.11,13372.52
11710540,23,635.45,2355.45
11710550,00,1214.85,3856.21
11710550,01,2332.03,7487.2
11710550,02,1801.53,6255.01
11710550,03,1224.56,4650.45
11710550,04,1151.93,5844.21
11710550,05,1224.55,8280.62
11710550,06,2446.53,14035.16
11710550,0700,1218.13,5786.51
11710550,0720,1228.24,7235.39
11710550,0740,1321.73,8469.1
11710550,0800,1432.08,10022.19
11710550,0820,1647.6200000000001,11494.17
11710550,0840,1193.66,9673.76
11710550,0900,1197.55,8656.76
11710550,0920,1236.29,8471.09
11710550,0940,1160.4,8801.789999999999
11710550,10,3842.79,28703.53
11710550,11,4098.12,29041.91
11710550,12,4760.79,32017.02
11710550,13,4877.79,33995.3
11710550,14,5469.92,36789.8
11710550,15,6594.08,43679.13
11710550,16,7582.24,46269.56
11710550,1700,3375.34,17571.75
11710550,1720,3425.5,16347.79
11710550,1740,3737.46,17516.3
11710550,1800,5386.81,20512.48
11710550,1820,3689.29,14450.55
11710550,1840,3153.44,13708.82
11710550,1900,3418.7799999999997,13480.52
11710550,1920,2812.36,11807.02
11710550,1940,2782.7,10911.16
11710550,20,8782.88,32313.19
11710550,21,8019.84,29140.2
11710550,22,5413.45,17601.63
11710550,23,931.61,3588.96
11710561,00,1324.67,3368.17
11710561,01,2568.9900000000002,6686.29
11710561,02,1792.42,5146.43
11710561,03,1413.27,4041.28
11710561,04,1186.98,5017.58
11710561,05,2081.28,11693.3
11710561,06,5573.15,26278.010000000002
11710561,0700,3467.16,15055.55
11710561,0720,4522.46,19361.91
11710561,0740,5731.11,21198.28
11710561,0800,5738.7,21012.9
11710561,0820,5316.62,24085.99
11710561,0840,4095.45,17238.920000000002
11710561,0900,3264.11,15733.84
11710561,0920,3425.17,15808.789999999999
11710561,0940,3111.43,14877.39
11710561,10,9425.12,43740.46
11710561,11,12380.02,50153.53
11710561,12,13310.01,56344.14
11710561,13,12836.79,55536.9
11710561,14,12346.97,58865.52
11710561,15,11803.97,75528.74
11710561,16,14090.22,84985.79
11710561,1700,6046.15,28322.33
11710561,1720,5991.34,30587.12
11710561,1740,6613.63,29731.69
11710561,1800,9159.06,33505.15
11710561,1820,6219.63,27622.16
11710561,1840,5341.9,23516.41
11710561,1900,5508.61,22279.61
11710561,1920,4759.15,18520.920000000002
11710561,1940,4301.22,14692.88
11710561,20,12637.41,40164.58
11710561,21,11124.58,35244.92
11710561,22,7000.6,21794.93
11710561,23,1005.61,3765.18
11710562,00,6906.04,10651.29
11710562,01,12700.31,20201.61
11710562,02,9013.73,14792.53
11710562,03,6498.139999999999,11213.1
11710562,04,5538.19,12388.55
11710562,05,7537.2,22404.32
11710562,06,16730.83,47459.33
11710562,0700,9011.91,24662.09
11710562,0720,11196.71,29668.61
11710562,0740,13498.5,34831.2
11710562,0800,14151.12,37445.17
11710562,0820,13114.92,35418.8
11710562,0840,10426.7,30276.05
11710562,0900,9009.08,27790.89
11710562,0920,8214.13,26708.11
11710562,0940,8007.3,26534.1
11710562,10,26304.47,83697.15
11710562,11,35594.1,101411.97
11710562,12,39711.18,110278.57
11710562,13,37667.83,103848.45999999999
11710562,14,38733.7,102801.03
11710562,15,43984.97,114020.23
11710562,16,58058.15,141022.72
11710562,1700,27128.38,57045.82
11710562,1720,29629.82,59872.21
11710562,1740,31240.72,60484.47
11710562,1800,46450.42,79672.33
11710562,1820,32010.36,56888.840000000004
11710562,1840,28569.56,51129.36
11710562,1900,28647.56,50976.28
11710562,1920,24173.46,42872.05
11710562,1940,23585.32,41009.11
11710562,20,68694.01,114920.97
11710562,21,58075.02,95158.68
11710562,22,35585.47,57912.44
11710562,23,6563.94,10487.37
11710566,00,1196.06,3552.9
11710566,01,2098.44,6538.17
11710566,02,1404.29,5203.23
11710566,03,1049.96,4087.15
11710566,04,1283.1100000000001,6417.64
11710566,05,4016.89,20306.7
11710566,06,9567.73,39803.12
11710566,0700,5222.98,18258.84
11710566,0720,7158.6,22108.02
11710566,0740,8454.14,24513.47
11710566,0800,9574.97,27269.29
11710566,0820,9965.96,28561.17
11710566,0840,7726.09,24064.68
11710566,0900,5429.9,20862.2
11710566,0920,5523.77,20961.56
11710566,0940,5219.55,20477.53
11710566,10,17101.05,63838.44
11710566,11,20113.34,65325.3
11710566,12,28362.15,87607.25
11710566,13,27448.53,90015.35
11710566,14,26249.34,86738.19
11710566,15,26044.04,84267.06
11710566,16,23825.18,77682.21
11710566,1700,7863.73,26248.31
11710566,1720,8243.79,26642.67
11710566,1740,7609.79,24838.94
11710566,1800,9432.09,28301.9
11710566,1820,7017.8,22620.2
11710566,1840,6181.86,20824.18
11710566,1900,6433.400000000001,21771.19
11710566,1920,5542.8,19188.87
11710566,1940,4953.5199999999995,17893.81
11710566,20,13581.97,48046.99
11710566,21,10111.62,36774.18
11710566,22,5839.99,21270.2
11710566,23,1173.99,3483.12
11710570,00,2971.41,8022.1
11710570,01,5443.72,15381.24
11710570,02,3947.68,11662.539999999999
11710570,03,3084.96,10593.86
11710570,04,3225.95,14024.9
11710570,05,4804.15,27851.28
11710570,06,12190.51,63426.49
11710570,0700,7228.96,39074.67
11710570,0720,8148.9,43826.07
11710570,0740,9802.0,41284.84
11710570,0800,9256.48,40840.91
11710570,0820,8107.66,38430.03
11710570,0840,6520.33,29750.66
11710570,0900,5395.51,27629.23
11710570,0920,4916.51,27247.48
11710570,0940,4847.4,26102.67
11710570,10,13586.42,78482.59
11710570,11,16598.13,84573.44
11710570,12,20261.56,101745.75
11710570,13,19730.23,102710.63
11710570,14,20582.02,109360.16
11710570,15,21781.02,117347.06
11710570,16,26794.63,126984.06
11710570,1700,11816.61,48105.05
11710570,1720,11573.65,45510.42
11710570,1740,11766.81,46564.42
11710570,1800,17783.08,57672.03
11710570,1820,11216.38,42950.27
11710570,1840,10235.18,39693.97
11710570,1900,10711.66,39540.13
11710570,1920,9020.44,34225.21
11710570,1940,8846.79,32286.579999999998
11710570,20,26675.34,90439.68
11710570,21,25111.81,78851.22
11710570,22,15773.26,49131.6
11710570,23,2374.06,8093.58
11710580,00,3167.86,6094.22
11710580,01,6097.24,11654.47
11710580,02,4415.59,8538.13
11710580,03,3180.21,7107.18
11710580,04,2827.32,8953.04
11710580,05,5324.42,16732.95
11710580,06,9257.24,32915.08
11710580,0700,5521.09,18997.42
11710580,0720,6648.81,24199.58
11710580,0740,7931.95,26476.97
11710580,0800,9674.98,25901.07
11710580,0820,9372.72,28703.11
11710580,0840,8021.19,25357.12
11710580,0900,8159.75,25529.99
11710580,0920,7967.66,23971.25
11710580,0940,8035.53,22706.48
11710580,10,27565.27,72831.03
11710580,11,36992.2,85031.26
11710580,12,41122.08,92905.96
11710580,13,38240.68,89870.56
11710580,14,37358.55,89551.76
11710580,15,40260.87,95609.79
11710580,16,50199.74,108674.97
11710580,1700,21277.1,42512.65
11710580,1720,21761.34,41528.3
11710580,1740,21840.85,41104.45
11710580,1800,33246.84,55966.06
11710580,1820,21572.41,38809.22
11710580,1840,18208.1,33922.31
11710580,1900,17937.59,33058.26
11710580,1920,14334.92,27568.78
11710580,1940,13539.36,26254.8
11710580,20,37254.69,71707.64
11710580,21,30251.71,58741.479999999996
11710580,22,18524.36,35723.37
11710580,23,2813.54,5824.15
11710590,00,1439.25,4001.02
11710590,01,3183.74,8865.35
11710590,02,2436.72,7057.08
11710590,03,1683.69,5483.91
11710590,04,1415.48,6796.28
11710590,05,2255.32,12030.61
11710590,06,4783.43,24228.22
11710590,0700,2547.65,15326.75
11710590,0720,2822.34,18221.19
11710590,0740,3518.81,19906.83
11710590,0800,3006.12,19421.07
11710590,0820,2856.16,17959.54
11710590,0840,2516.57,11502.39
11710590,0900,2659.36,11765.43
11710590,0920,2677.56,11998.1
11710590,0940,2240.37,11068.9
11710590,10,6390.91,31804.86
11710590,11,7495.84,32622.45
11710590,12,8552.78,38731.7
11710590,13,9270.17,42168.87
11710590,14,9899.34,48987.83
11710590,15,10993.36,53298.73
11710590,16,12660.98,55552.17
11710590,1700,5473.56,21168.59
11710590,1720,5361.54,20155.16
11710590,1740,5700.8099999999995,21453.38
11710590,1800,8852.05,26580.45
11710590,1820,5539.37,19058.94
11710590,1840,5321.91,18202.760000000002
11710590,1900,5218.0199999999995,18130.28
11710590,1920,4344.69,16305.05
11710590,1940,4355.13,15554.64
11710590,20,13591.77,44788.51
11710590,21,12495.5,40929.4
11710590,22,8047.04,25781.98
11710590,23,1173.68,4102.19
11710600,00,3947.24,7839.9800000000005
11710600,01,7745.599999999999,14723.81
11710600,02,5171.66,10849.89
11710600,03,3737.01,8820.66
11710600,04,3238.34,9975.64
11710600,05,5279.02,19351.48
11710600,06,12627.19,41261.73
11710600,0700,7446.17,22092.7
11710600,0720,8547.91,26346.99
11710600,0740,9686.62,28221.25
11710600,0800,9703.62,31669.57
11710600,0820,9444.25,33616.18
11710600,0840,8278.23,27957.920000000002
11710600,0900,7049.34,25498.61
11710600,0920,6196.61,24645.24
11710600,0940,6578.5599999999995,24529.67
11710600,10,19975.66,72450.15
11710600,11,22942.2,78248.26
11710600,12,26632.11,87702.47
11710600,13,26046.79,88574.49
11710600,14,25195.85,87649.95
11710600,15,27937.78,96599.82
11710600,16,34872.75,107931.48
11710600,1700,17054.19,43292.79
11710600,1720,16708.37,42117.229999999996
11710600,1740,17335.420000000002,42294.83
11710600,1800,26530.510000000002,56829.87
11710600,1820,17863.19,40090.56
11710600,1840,15416.86,36191.340000000004
11710600,1900,16900.59,36915.8
11710600,1920,13650.33,31261.23
11710600,1940,13216.26,29930.82
11710600,20,39455.58,84805.44
11710600,21,34906.21,71533.47
11710600,22,20931.2,42986.64
11710600,23,2788.52,6453.85
11710610,00,3436.1600000000003,6685.06
11710610,01,6557.85,12813.47
11710610,02,4480.76,9301.1
11710610,03,3207.4900000000002,7203.01
11710610,04,2831.4,8182.03
11710610,05,3809.61,15301.92
11710610,06,9531.24,32245.97
11710610,0700,5242.37,16364.95
11710610,0720,6398.51,21342.21
11710610,0740,6869.99,20787.25
11710610,0800,6634.56,20876.23
11710610,0820,5774.25,21608.69
11710610,0840,4917.93,17211.68
11710610,0900,3931.9500000000003,15041.720000000001
11710610,0920,3774.15,15710.630000000001
11710610,0940,3536.33,14678.369999999999
11710610,10,10415.31,41810.71
11710610,11,12485.44,44826.7
11710610,12,15912.34,55835.64
11710610,13,15525.38,56194.62
11710610,14,16411.07,60283.76
11710610,15,17622.95,68605.7
11710610,16,21605.4,76551.18
11710610,1700,10787.2,30144.7
11710610,1720,10690.12,29526.15
11710610,1740,10952.65,29590.04
11710610,1800,18726.43,40838.01
11710610,1820,11916.77,28459.02
11710610,1840,10798.380000000001,27203.02
11710610,1900,11916.48,27781.47
11710610,1920,10110.01,24338.92
11710610,1940,9443.19,23019.85
11710610,20,30007.34,69065.53
11710610,21,27983.71,60326.49
11710610,22,18138.27,38084.74
11710610,23,2448.52,5469.53
11710620,00,3703.0099999999998,8929.0
11710620,01,7447.38,18605.170000000002
11710620,02,5716.22,14540.53
11710620,03,4413.29,12414.07
11710620,04,4614.64,16398.34
11710620,05,8909.01,36089.83
11710620,06,32024.329999999998,98367.27
11710620,0700,21244.89,52819.98
11710620,0720,26295.08,61101.44
11710620,0740,29716.07,67672.36
11710620,0800,29159.44,68609.59
11710620,0820,24792.46,63250.46
11710620,0840,16930.4,49338.31
11710620,0900,13247.38,43330.659999999996
11710620,0920,10447.77,39060.69
11710620,0940,9365.36,36062.78
11710620,10,26453.05,104248.18
11710620,11,33089.12,113536.14
11710620,12,39774.56,129485.01000000001
11710620,13,31186.87,113372.58
11710620,14,26502.75,103782.28
11710620,15,27909.66,105372.08
11710620,16,33237.84,113852.9
11710620,1700,15373.64,45382.55
11710620,1720,14825.48,43522.78
11710620,1740,15140.0,43064.5
11710620,1800,23302.260000000002,55736.59
11710620,1820,15755.369999999999,40663.66
11710620,1840,13494.71,36827.23
11710620,1900,13648.11,35482.9
11710620,1920,11343.83,31581.67
11710620,1940,10841.58,30068.73
11710620,20,31579.23,81903.26
11710620,21,26533.52,67380.25
11710620,22,17096.77,42952.39
11710620,23,3003.33,8219.89
11710631,00,2641.05,9518.51
11710631,01,5259.86,19507.94
11710631,02,3842.81,17703.95
11710631,03,3610.07,18740.84
11710631,04,3580.73,22448.26
11710631,05,5024.28,34473.42
11710631,06,9524.42,51746.99
11710631,0700,5471.87,23644.15
11710631,0720,6464.13,27362.93
11710631,0740,7186.34,28462.51
11710631,0800,7277.19,31495.59
11710631,0820,6406.05,31004.32
11710631,0840,5081.46,24426.07
11710631,0900,4921.6,23148.85
11710631,0920,4333.28,22123.46
11710631,0940,3781.2,21403.86
11710631,10,12121.2,66975.83
11710631,11,13847.53,67588.71
11710631,12,17290.78,78986.84
11710631,13,15163.78,76045.3
11710631,14,15828.87,79522.03
11710631,15,17690.46,86450.38
11710631,16,22646.89,95087.04
11710631,1700,9724.52,35649.47
11710631,1720,9775.130000000001,33014.49
11710631,1740,10094.09,34017.45
11710631,1800,13971.47,40598.38
11710631,1820,9724.35,30467.54
11710631,1840,8394.07,28630.25
11710631,1900,8589.24,28257.57
11710631,1920,7213.87,25206.39
11710631,1940,7221.54,25279.15
11710631,20,20953.66,70759.01
11710631,21,18273.4,65343.68
11710631,22,11731.2,44150.94
11710631,23,1921.16,7556.96
11710632,00,2327.9900000000002,5780.33
11710632,01,4491.68,11112.02
11710632,02,3106.05,8115.18
11710632,03,2243.33,6694.87
11710632,04,2120.18,9215.57
11710632,05,3430.67,18080.07
11710632,06,7963.64,33001.47
11710632,0700,4195.93,15573.33
11710632,0720,5579.57,17919.65
11710632,0740,6244.41,20685.01
11710632,0800,6907.94,24540.65
11710632,0820,6544.54,26509.29
11710632,0840,4659.0,19622.1
11710632,0900,3730.15,16532.37
11710632,0920,3088.0,15602.25
11710632,0940,2858.45,15277.26
11710632,10,9650.48,48244.63
11710632,11,11168.710000000001,49591.99
11710632,12,13175.83,59271.36
11710632,13,12506.48,57951.770000000004
11710632,14,12622.19,63560.6
11710632,15,14247.09,68953.58
11710632,16,18356.48,75874.98
11710632,1700,8408.02,31021.24
11710632,1720,8876.79,30162.83
11710632,1740,9395.83,30379.51
11710632,1800,14205.75,38613.24
11710632,1820,8829.960000000001,27717.510000000002
11710632,1840,8335.83,26429.44
11710632,1900,8761.880000000001,26433.1
11710632,1920,7129.150000000001,23856.84
11710632,1940,6803.06,22153.41
11710632,20,20297.78,63323.4
11710632,21,19208.51,56482.66
11710632,22,11880.57,35221.37
11710632,23,1702.74,5343.1
11710641,00,2021.19,4609.83
11710641,01,4042.53,8880.96
11710641,02,2856.4900000000002,6697.99
11710641,03,1995.74,5493.65
11710641,04,1858.05,7115.6
11710641,05,3400.0,14417.06
11710641,06,8719.97,34505.23
11710641,0700,4659.21,18458.41
11710641,0720,5725.84,20566.27
11710641,0740,6665.01,22188.170000000002
11710641,0800,7105.33,21999.94
11710641,0820,6137.59,21925.38
11710641,0840,4834.49,16734.11
11710641,0900,4534.26,16724.87
11710641,0920,4450.01,16552.87
11710641,0940,3637.05,15583.78
11710641,10,10106.5,41990.1
11710641,11,12343.34,46409.14
11710641,12,14496.98,54740.66
11710641,13,14050.97,54125.2
11710641,14,14270.539999999999,56175.91
11710641,15,14591.54,60100.52
11710641,16,18186.2,64606.08
11710641,1700,8795.59,26061.08
11710641,1720,9163.26,24638.57
11710641,1740,9210.85,25450.670000000002
11710641,1800,14084.65,33296.45
11710641,1820,9100.710000000001,23395.55
11710641,1840,8184.82,21321.41
11710641,1900,8318.69,21293.42
11710641,1920,6895.650000000001,18259.74
11710641,1940,6676.49,17889.68
11710641,20,19880.42,50333.59
11710641,21,17573.67,43287.19
11710641,22,10719.49,26110.71
11710641,23,1738.16,4535.14
11710642,00,4500.13,9891.21
11710642,01,7606.7,18442.09
11710642,02,5793.46,15528.42
11710642,03,4416.48,14306.449999999999
11710642,04,5083.41,20194.5
11710642,05,19527.27,69632.87
11710642,06,73038.62,185128.3
11710642,0700,43722.72,94161.90000000001
11710642,0720,52585.96,107600.95
11710642,0740,54924.82,110198.18
11710642,0800,55051.33,110325.7
11710642,0820,47131.06,101428.72
11710642,0840,32025.87,78601.15
11710642,0900,24963.46,69367.72
11710642,0920,20278.06,62765.42
11710642,0940,16186.65,54526.77
11710642,10,45075.86,162860.34
11710642,11,56944.64,181450.92
11710642,12,65538.03,200727.72
11710642,13,53986.87,180672.74
11710642,14,47055.87,162291.59
11710642,15,48717.12,158559.59
11710642,16,55283.13,159777.55
11710642,1700,23670.54,59454.9
11710642,1720,24005.99,57923.87
11710642,1740,23196.69,56459.93
11710642,1800,36634.29,72560.41
11710642,1820,22979.89,50743.86
11710642,1840,19100.18,43671.79
11710642,1900,19376.25,42272.56
11710642,1920,16666.42,35899.91
11710642,1940,15296.5,33911.52
11710642,20,44016.93,92252.81
11710642,21,35585.52,73125.62
11710642,22,21511.02,44070.88
11710642,23,3482.07,7907.34
11710646,00,2258.7,6051.74
11710646,01,4659.5199999999995,12688.08
11710646,02,3483.02,10491.49
11710646,03,2631.28,9152.33
11710646,04,2412.1,11015.45
11710646,05,3808.64,21016.59
11710646,06,9240.08,44517.34
11710646,0700,5063.18,22605.93
11710646,0720,5803.87,25794.05
11710646,0740,6589.849999999999,26348.28
11710646,0800,5963.88,26740.8
11710646,0820,5145.14,25489.05
11710646,0840,3938.5299999999997,18356.95
11710646,0900,3287.58,17529.78
11710646,0920,3338.64,17945.23
11710646,0940,3266.06,16705.91
11710646,10,9200.14,46644.76
11710646,11,11369.69,50144.65
11710646,12,13932.59,62793.729999999996
11710646,13,14025.36,64764.29
11710646,14,14500.67,69233.84
11710646,15,16726.31,77288.54
11710646,16,20950.72,85133.43
11710646,1700,10362.6,33182.270000000004
11710646,1720,10063.07,31801.98
11710646,1740,10575.68,33765.53
11710646,1800,16273.66,43084.64
11710646,1820,9913.47,30240.74
11710646,1840,8821.49,28167.77
11710646,1900,9372.43,28310.87
11710646,1920,7955.099999999999,26097.74
11710646,1940,8197.58,25854.3
11710646,20,23152.23,69552.15
11710646,21,20614.14,57842.91
11710646,22,12719.86,37167.09
11710646,23,1909.63,5988.85
11710647,00,2806.45,8546.94
11710647,01,6038.82,18526.38
11710647,02,4966.8099999999995,16956.84
11710647,03,3285.11,10685.22
11710647,04,3061.4700000000003,12758.64
11710647,05,5982.86,25614.15
11710647,06,11762.9,51530.03
11710647,0700,5970.63,25874.079999999998
11710647,0720,6860.21,31083.1
11710647,0740,6848.39,32215.01
11710647,0800,7587.76,33825.01
11710647,0820,6164.41,29375.11
11710647,0840,5892.8099999999995,21858.079999999998
11710647,0900,5912.97,20675.68
11710647,0920,5824.2,20603.61
11710647,0940,4745.07,19905.02
11710647,10,14127.72,59782.93
11710647,11,16310.17,64242.950000000004
11710647,12,19797.16,81482.75
11710647,13,19921.36,88802.77
11710647,14,20850.71,97954.8
11710647,15,23111.52,111148.16
11710647,16,28480.98,122754.81
11710647,1700,12401.31,46373.38
11710647,1720,12583.84,45881.95
11710647,1740,12228.06,46838.83
11710647,1800,16706.420000000002,56147.82
11710647,1820,11258.78,41415.18
11710647,1840,10107.37,39634.01
11710647,1900,11001.880000000001,40714.4
11710647,1920,9499.95,36636.81
11710647,1940,9430.23,35842.03
11710647,20,28263.4,101296.35
11710647,21,24059.260000000002,90241.55
11710647,22,15436.43,57057.5
11710647,23,2248.15,8362.48
11710650,00,4862.7,8720.86
11710650,01,8453.82,16201.24
11710650,02,6152.42,12477.79
11710650,03,4195.52,9220.07
11710650,04,4190.66,12308.13
11710650,05,6255.07,25549.26
11710650,06,12605.81,48044.26
11710650,0700,6602.09,21680.25
11710650,0720,8302.71,27025.64
11710650,0740,10666.39,31967.32
11710650,0800,11988.85,33900.25
11710650,0820,10502.89,34141.590000000004
11710650,0840,9982.91,32114.99
11710650,0900,9840.93,32979.81
11710650,0920,9023.4,31624.08
11710650,0940,8138.3,29854.190000000002
11710650,10,25643.32,88790.12
11710650,11,28245.82,94058.38
11710650,12,31626.01,102451.25
11710650,13,31449.68,102695.1
11710650,14,33152.63,105622.65
11710650,15,38249.82,117660.11
11710650,16,47827.05,137040.69
11710650,1700,21510.46,53838.56
11710650,1720,22262.58,53113.47
11710650,1740,22511.47,53240.99
11710650,1800,33464.71,68195.97
11710650,1820,23001.72,50017.99
11710650,1840,19664.0,44309.82
11710650,1900,19968.53,43030.54
11710650,1920,16640.74,36141.82
11710650,1940,15687.68,35076.98
11710650,20,45537.38,94523.75
11710650,21,39672.66,80678.44
11710650,22,24893.18,49838.36
11710650,23,3974.03,8311.35
11710670,00,2135.66,7207.03
11710670,01,3896.56,14146.14
11710670,02,2555.15,9155.56
11710670,03,1956.72,7068.42
11710670,04,2673.2200000000003,11127.66
11710670,05,8352.22,35645.979999999996
11710670,06,13024.31,58266.02
11710670,0700,6433.21,27350.12
11710670,0720,9435.86,37863.86
11710670,0740,8790.63,37645.28
11710670,0800,7897.99,36096.15
11710670,0820,6975.36,35582.33
11710670,0840,6563.5,26707.96
11710670,0900,6049.3,23366.04
11710670,0920,5615.2,22855.66
11710670,0940,5939.1,24460.49
11710670,10,22627.53,79787.65
11710670,11,30633.29,97559.93
11710670,12,27500.56,104495.46
11710670,13,21218.68,98558.35
11710670,14,19854.77,101216.39
11710670,15,20642.75,108882.61
11710670,16,25089.190000000002,116895.3
11710670,1700,10352.4,41068.64
11710670,1720,10336.119999999999,40174.52
11710670,1740,9772.09,39794.3
11710670,1800,13427.3,48405.18
11710670,1820,8502.88,37616.79
11710670,1840,7674.68,35769.2
11710670,1900,7322.35,34056.29
11710670,1920,6782.45,31349.72
11710670,1940,6505.58,30716.87
11710670,20,19343.16,90130.2
11710670,21,17912.99,86252.9
11710670,22,11426.56,55355.16
11710670,23,1690.63,7706.7699999999995
11710680,00,2209.94,7389.150000000001
11710680,01,4626.06,14973.93
11710680,02,3362.34,11060.32
11710680,03,2547.1,9155.68
11710680,04,2816.67,13265.15
11710680,05,7201.87,35548.63
11710680,06,15468.65,62393.869999999995
11710680,0700,8968.710000000001,31978.78
11710680,0720,12179.02,39800.13
11710680,0740,14440.14,44655.29
11710680,0800,16284.84,45560.02
11710680,0820,17851.56,51264.72
11710680,0840,17905.82,49632.88
11710680,0900,17914.58,50699.35
11710680,0920,16394.95,48542.39
11710680,0940,15656.53,49982.95
11710680,10,49324.47,157809.71
11710680,11,56105.090000000004,168737.89
11710680,12,58356.74,182326.5
11710680,13,59577.01,187592.05
11710680,14,60726.08,192399.07
11710680,15,61189.23,195675.42
11710680,16,61308.12,193435.57
11710680,1700,22004.25,65565.59
11710680,1720,21042.41,63404.39
11710680,1740,21221.8,63260.76
11710680,1800,26948.02,73953.24
11710680,1820,19742.16,58833.21
11710680,1840,17740.29,52251.94
11710680,1900,16417.15,48881.26
11710680,1920,13334.84,43039.46
11710680,1940,11964.95,39589.74
11710680,20,31248.46,105058.89
11710680,21,24960.01,85907.97
11710680,22,14867.4,54159.47
11710680,23,2489.18,8818.34
11710690,00,1657.3700000000001,4929.8
11710690,01,3144.7,10074.38
11710690,02,2132.71,7129.780000000001
11710690,03,1669.55,5691.15
11710690,04,1632.13,6639.85
11710690,05,2593.42,14378.18
11710690,06,6596.05,31485.510000000002
11710690,0700,3393.81,15871.17
11710690,0720,4240.27,18034.14
11710690,0740,4702.43,18227.24
11710690,0800,4427.57,17395.74
11710690,0820,4040.03,17884.92
11710690,0840,3040.54,13592.74
11710690,0900,2616.77,12378.28
11710690,0920,2606.87,11991.12
11710690,0940,2300.94,11835.68
11710690,10,7258.61,36019.92
11710690,11,9272.2,41483.64
11710690,12,11102.07,52290.75
11710690,13,11312.99,56252.54
11710690,14,11109.32,59228.8
11710690,15,11029.24,62869.43
11710690,16,12643.31,65099.66
11710690,1700,5448.32,24692.72
11710690,1720,5226.54,23376.01
11710690,1740,5412.56,24061.73
11710690,1800,7723.66,29108.58
11710690,1820,5777.78,23069.61
11710690,1840,4873.0199999999995,21709.93
11710690,1900,5045.11,21569.74
11710690,1920,4640.0599999999995,20273.27
11710690,1940,4403.7699999999995,20536.68
11710690,20,13543.94,57198.15
11710690,21,12622.86,52148.76
11710690,22,8351.73,34472.92
11710690,23,1385.03,5409.74
11710710,00,1899.35,4505.21
11710710,01,3558.84,9263.58
11710710,02,2564.58,7095.71
11710710,03,2602.14,7670.45
11710710,04,3133.3,13234.36
11710710,05,13705.94,53404.3
11710710,06,49362.17,140359.66
11710710,0700,32171.06,76962.9
11710710,0720,40420.69,91741.46
11710710,0740,45746.51,99621.73
11710710,0800,50466.33,106538.17
11710710,0820,48721.33,101176.94
11710710,0840,39486.83,83713.74
11710710,0900,34438.85,75483.73
11710710,0920,30453.239999999998,72114.1
11710710,0940,27499.06,69062.2
11710710,10,84904.48,218840.27
11710710,11,112223.3,254875.78
11710710,12,137328.8,295582.34
11710710,13,115125.32,259421.1
11710710,14,104033.12,232628.31
11710710,15,100692.31,225268.77
11710710,16,103151.16,223303.25
11710710,1700,37929.22,79109.31
11710710,1720,35955.89,74682.68
11710710,1740,35459.25,72456.74
11710710,1800,46142.98,86744.44
11710710,1820,32793.42,64373.88
11710710,1840,27442.18,55713.57
11710710,1900,25908.72,51905.61
11710710,1920,21360.7,43286.41
11710710,1940,19095.91,39176.65
11710710,20,43391.47,91663.43
11710710,21,24147.04,57459.46
11710710,22,13090.369999999999,31939.04
11710710,23,2156.42,5206.6
11710720,00,712.0500000000001,1567.29
11710720,01,1153.6,2893.04
11710720,02,855.33,2259.34
11710720,03,648.68,1864.59
11710720,04,1107.2,4017.71
11710720,05,3321.73,12145.06
11710720,06,7091.67,25816.3
11710720,0700,3540.81,14817.76
11710720,0720,4684.03,19147.76
11710720,0740,4299.46,20334.84
11710720,0800,4347.99,18864.44
11710720,0820,4030.73,15761.37
11710720,0840,3211.43,12309.88
11710720,0900,3326.89,11283.09
11710720,0920,2889.31,10602.24
11710720,0940,2763.78,10375.19
11710720,10,8052.1900000000005,30441.98
11710720,11,8548.08,28032.59
11710720,12,9953.01,33500.05
11710720,13,7343.47,29316.35
11710720,14,6947.13,30024.78
11710720,15,6755.4800000000005,29382.88
11710720,16,7617.49,29240.49
11710720,1700,2987.44,10644.18
11710720,1720,3050.82,10472.47
11710720,1740,2769.11,9878.71
11710720,1800,3968.06,12221.33
11710720,1820,2898.67,9752.54
11710720,1840,2672.45,9094.99
11710720,1900,2594.09,8549.5
11710720,1920,2398.7400000000002,7993.26
11710720,1940,2401.72,7840.95
11710720,20,6652.87,21314.87
11710720,21,6078.85,18629.62
11710720,22,3993.75,11302.08
11710720,23,479.58,1559.78
11740515,00,2547.46,8106.92
11740515,01,5369.49,16737.77
11740515,02,4105.04,14039.63
11740515,03,2891.58,11474.52
11740515,04,3208.44,15982.56
11740515,05,4673.97,24338.85
11740515,06,7279.45,40301.45
11740515,0700,3034.01,17318.38
11740515,0720,3493.98,20535.03
11740515,0740,4408.84,25829.66
11740515,0800,4891.36,29391.02
11740515,0820,4601.58,31658.16
11740515,0840,3993.3,20678.35
11740515,0900,3815.64,18077.34
11740515,0920,3538.25,18542.5
11740515,0940,3493.59,17798.89
11740515,10,9661.99,51718.44
11740515,11,10953.14,54485.23
11740515,12,13154.83,66563.22
11740515,13,13958.25,72433.71
11740515,14,14742.1,81239.67
11740515,15,16652.22,91715.14
11740515,16,19771.39,100474.59
11740515,1700,8417.66,37155.26
11740515,1720,8710.26,35984.66
11740515,1740,8419.32,36297.24
11740515,1800,12895.89,46601.37
11740515,1820,8615.17,33313.53
11740515,1840,7302.72,30888.83
11740515,1900,7745.51,30975.96
11740515,1920,7004.08,27696.22
11740515,1940,7156.22,27595.31
11740515,20,20904.86,76585.98
11740515,21,18769.41,68461.02
11740515,22,11900.77,42519.58
11740515,23,1710.76,6731.0
11740525,00,2253.65,7459.56
11740525,01,4451.37,14850.24
11740525,02,2997.44,10869.0
11740525,03,2326.41,8798.7
11740525,04,2397.91,11764.36
11740525,05,6104.55,28579.84
11740525,06,14577.57,81508.1
11740525,0700,8524.86,44407.7
11740525,0720,8926.01,50740.44
11740525,0740,8898.91,45200.45
11740525,0800,7794.17,39414.85
11740525,0820,6507.39,40208.06
11740525,0840,5049.47,28870.239999999998
11740525,0900,4937.87,27127.33
11740525,0920,4938.88,27852.04
11740525,0940,4472.31,26992.36
11740525,10,14396.03,78047.82
11740525,11,17358.739999999998,83346.27
11740525,12,19967.78,101290.06
11740525,13,19938.87,108932.73
11740525,14,20077.55,115572.55
11740525,15,20515.45,124142.53
11740525,16,23686.02,134677.33000000002
11740525,1700,10440.97,49506.69
11740525,1720,10479.44,47840.81
11740525,1740,10598.3,49733.979999999996
11740525,1800,14746.88,59444.72
11740525,1820,9609.87,43778.84
11740525,1840,8383.04,40229.08
11740525,1900,8438.43,40338.44
11740525,1920,7436.03,36317.8
11740525,1940,8033.86,35207.6
11740525,20,22396.03,98503.53
11740525,21,21014.44,90710.04
11740525,22,12026.75,51629.75
11740525,23,1777.33,7980.17
11740526,00,1179.32,3189.73
11740526,01,2402.2400000000002,6863.75
11740526,02,1697.11,5035.71
11740526,03,1380.68,4205.57
11740526,04,1545.85,6116.96
11740526,05,5348.59,21254.15
11740526,06,20166.24,67382.77
11740526,0700,8200.39,21355.39
11740526,0720,8263.79,21385.79
11740526,0740,7639.78,19763.64
11740526,0800,6246.87,18200.07
11740526,0820,4640.55,16116.05
11740526,0840,3299.13,11067.5
11740526,0900,2635.57,8664.7
11740526,0920,2562.1,8338.789999999999
11740526,0940,1887.79,7807.6900000000005
11740526,10,5826.57,23114.79
11740526,11,7914.49,29047.0
11740526,12,10948.55,39748.09
11740526,13,8027.61,33978.45
11740526,14,7776.8,35036.28
11740526,15,8168.64,39528.16
11740526,16,10206.2,44722.3
11740526,1700,4630.91,16739.45
11740526,1720,4638.3099999999995,16392.95
11740526,1740,4573.43,16130.380000000001
11740526,1800,6630.44,20397.06
11740526,1820,4409.7,14515.78
11740526,1840,3897.52,13460.57
11740526,1900,4078.71,14017.76
11740526,1920,3509.2799999999997,12253.62
11740526,1940,3633.47,12363.7
11740526,20,10628.66,36102.2
11740526,21,10067.53,32416.43
11740526,22,6242.92,20395.89
11740526,23,917.06,3214.5
11740530,00,1819.91,5233.37
11740530,01,3593.5099999999998,10662.61
11740530,02,2605.12,8519.66
11740530,03,1870.1100000000001,7206.0599999999995
11740530,04,2064.43,14102.95
11740530,05,4594.12,39075.36
11740530,06,6031.4,42414.84
11740530,0700,2580.25,19083.95
11740530,0720,3229.0,23649.16
11740530,0740,4030.23,24591.82
11740530,0800,5357.23,29580.25
11740530,0820,5184.18,32733.65
11740530,0840,4554.67,26593.1
11740530,0900,4181.17,24119.48
11740530,0920,4255.74,22994.55
11740530,0940,3804.2,22116.23
11740530,10,12743.49,70540.06
11740530,11,12052.2,60070.25
11740530,12,14098.06,68302.08
11740530,13,14439.07,69849.36
11740530,14,15123.18,75968.29
11740530,15,17065.07,85628.26
11740530,16,21172.63,95333.14
11740530,1700,8846.52,35849.89
11740530,1720,8762.75,34833.85
11740530,1740,8987.99,35804.04
11740530,1800,13851.54,45049.38
11740530,1820,8965.87,32697.72
11740530,1840,7825.3,29499.23
11740530,1900,7650.64,28643.79
11740530,1920,6516.38,24311.15
11740530,1940,6237.34,22165.0
11740530,20,18085.66,61297.88
11740530,21,16795.79,54764.29
11740530,22,10197.1,33312.38
11740530,23,1643.99,5831.92
11740540,00,1259.63,3727.72
11740540,01,2379.7799999999997,7289.5199999999995
11740540,02,1885.77,5907.83
11740540,03,1346.14,4262.17
11740540,04,1137.25,5031.97
11740540,05,1916.44,10606.07
11740540,06,3693.07,28995.49
11740540,0700,1693.75,18256.38
11740540,0720,2130.8,19624.46
11740540,0740,2222.04,18677.86
11740540,0800,2409.96,20883.43
11740540,0820,2555.79,18902.18
11740540,0840,2485.54,14479.27
11740540,0900,2185.94,14798.17
11740540,0920,2351.15,16651.97
11740540,0940,2090.49,15996.66
11740540,10,6563.17,43558.63
11740540,11,7793.2300000000005,45445.53
11740540,12,9482.12,54382.22
11740540,13,9671.63,56535.81
11740540,14,9885.71,61803.0
11740540,15,10034.67,73972.82
11740540,16,11979.4,85470.3
11740540,1700,4691.26,26579.7
11740540,1720,4586.87,26861.44
11740540,1740,4681.81,27408.81
11740540,1800,6662.0199999999995,30198.9
11740540,1820,4721.0,23490.829999999998
11740540,1840,3985.09,21531.48
11740540,1900,4036.6,20133.34
11740540,1920,3827.54,16724.81
11740540,1940,3680.74,15570.33
11740540,20,11620.0,44192.14
11740540,21,10789.56,39198.8
11740540,22,6559.87,22928.94
11740540,23,843.01,3320.93
11740550,00,1349.3799999999999,5078.6
11740550,01,2743.28,10142.96
11740550,02,2110.98,8051.92
11740550,03,1321.6399999999999,5801.0599999999995
11740550,04,1089.13,6178.96
11740550,05,1892.44,12579.08
11740550,06,3738.0699999999997,30175.88
11740550,0700,1707.1399999999999,13943.84
11740550,0720,2035.43,14633.5
11740550,0740,2049.87,13644.44
11740550,0800,2246.37,15272.3
11740550,0820,2118.14,15902.19
11740550,0840,1575.3799999999999,10440.54
11740550,0900,1412.77,9262.85
11740550,0920,1627.54,10171.23
11740550,0940,1535.02,9961.3
11740550,10,4715.24,29841.64
11740550,11,5692.11,33325.48
11740550,12,6768.77,42008.07
11740550,13,6676.96,45943.39
11740550,14,7330.22,51768.85
11740550,15,7831.53,56285.87
11740550,16,9548.27,61926.06
11740550,1700,4418.7699999999995,23704.829999999998
11740550,1720,3792.82,22116.59
11740550,1740,4028.12,23235.74
11740550,1800,5664.33,28814.97
11740550,1820,3944.05,22940.64
11740550,1840,3912.5,21366.4
11740550,1900,3896.94,20682.72
11740550,1920,3498.98,20056.68
11740550,1940,3661.05,19188.67
11740550,20,10812.57,55988.59
11740550,21,10299.84,52453.12
11740550,22,6109.19,32786.1
11740550,23,892.84,4939.56
11740560,00,1498.31,4483.55
11740560,01,2673.63,8253.13
11740560,02,2006.17,6505.26
11740560,03,1478.17,5150.37
11740560,04,1553.3600000000001,6847.91
11740560,05,3495.86,17862.25
11740560,06,8197.28,41150.59
11740560,0700,4511.72,20943.47
11740560,0720,6072.29,27440.17
11740560,0740,6546.43,25958.94
11740560,0800,6784.86,27262.66
11740560,0820,5595.26,25149.84
11740560,0840,3780.48,15599.94
11740560,0900,3420.45,14499.75
11740560,0920,3296.46,14824.65
11740560,0940,3159.37,15084.27
11740560,10,9297.710000000001,44939.03
11740560,11,10621.4,48726.1
11740560,12,12702.28,59331.34
11740560,13,12646.82,61503.87
11740560,14,12729.77,65969.98
11740560,15,13527.38,71498.69
11740560,16,16519.69,76915.33
11740560,1700,6817.47,28297.74
11740560,1720,7164.67,28025.55
11740560,1740,7214.150000000001,28680.399999999998
11740560,1800,10595.039999999999,35488.32
11740560,1820,6949.2300000000005,26643.28
11740560,1840,5977.42,24225.43
11740560,1900,6013.44,24111.53
11740560,1920,5120.57,21344.02
11740560,1940,4991.07,20118.94
11740560,20,15554.17,57348.38
11740560,21,13504.11,50388.18
11740560,22,7991.39,27693.760000000002
11740560,23,1167.83,4610.09
11740570,00,2716.5299999999997,7073.44
11740570,01,5254.75,13709.23
11740570,02,3692.5,10160.25
11740570,03,2732.48,8748.43
11740570,04,2802.08,10585.68
11740570,05,4014.27,20242.35
11740570,06,11232.11,45211.81
11740570,0700,6703.88,21756.12
11740570,0720,8592.52,25842.13
11740570,0740,8859.28,28119.26
11740570,0800,9787.77,30456.66
11740570,0820,9148.14,30630.25
11740570,0840,6182.41,23802.14
11740570,0900,5453.87,23046.0
11740570,0920,5750.2300000000005,23986.14
11740570,0940,5510.67,24087.81
11740570,10,17220.91,74440.98
11740570,11,20830.08,83165.85
11740570,12,23198.34,91736.03
11740570,13,23860.95,95508.55
11740570,14,23844.56,100566.20999999999
11740570,15,25876.54,110550.98
11740570,16,30323.47,118986.9
11740570,1700,12977.23,43708.88
11740570,1720,12257.02,41174.82
11740570,1740,12729.09,41999.88
11740570,1800,19336.11,54310.95
11740570,1820,11693.35,36944.57
11740570,1840,10280.33,34135.67
11740570,1900,10529.19,34810.34
11740570,1920,8746.54,28926.1
11740570,1940,8798.19,27471.28
11740570,20,25562.99,77921.98
11740570,21,21762.56,64010.14
11740570,22,13646.11,38142.38
11740570,23,2168.57,6985.969999999999
11740580,00,1328.9,3252.84
11740580,01,2423.65,5779.36
11740580,02,1540.85,4322.2300000000005
11740580,03,1091.28,3448.46
11740580,04,1199.97,5092.54
11740580,05,1395.46,7860.12
11740580,06,2774.18,14442.380000000001
11740580,0700,1286.24,6477.76
11740580,0720,1669.03,7450.98
11740580,0740,2159.3,9387.31
11740580,0800,2240.15,11524.38
11740580,0820,2249.4,12321.02
11740580,0840,1925.95,10260.09
11740580,0900,1627.91,9045.99
11740580,0920,1575.1200000000001,8683.22
11740580,0940,1776.98,8749.2
11740580,10,5381.28,25785.57
11740580,11,6057.85,27604.11
11740580,12,7472.95,32245.57
11740580,13,7457.58,34731.32
11740580,14,7960.27,37429.94
11740580,15,9087.33,41456.97
11740580,16,11097.7,45165.3
11740580,1700,5220.34,17760.17
11740580,1720,5305.31,16559.28
11740580,1740,5746.03,17393.98
11740580,1800,8780.2,23365.46
11740580,1820,5699.2,16042.32
11740580,1840,4684.85,14022.13
11740580,1900,4930.14,13686.1
11740580,1920,4453.65,12839.41
11740580,1940,4529.87,12609.73
11740580,20,13120.8,34977.37
11740580,21,11435.85,28434.69
11740580,22,7270.05,17951.04
11740580,23,1011.68,3040.2
11740590,00,1051.41,3411.31
11740590,01,1764.71,6518.05
11740590,02,1392.95,4761.69
11740590,03,876.18,3719.18
11740590,04,875.5699999999999,4697.33
11740590,05,1366.01,9017.0
11740590,06,2557.31,18639.5
11740590,0700,1322.55,10033.1
11740590,0720,2022.28,13310.25
11740590,0740,2344.43,13760.7
11740590,0800,2541.03,16739.21
11740590,0820,2147.4900000000002,18308.02
11740590,0840,1656.17,9703.210000000001
11740590,0900,1298.76,8542.22
11740590,0920,1602.29,8639.97
11740590,0940,1455.03,8949.630000000001
11740590,10,3919.81,26064.72
11740590,11,4635.79,27572.9
11740590,12,6159.02,33512.48
11740590,13,6208.3,36429.29
11740590,14,6472.7,40876.42
11740590,15,6810.54,43564.29
11740590,16,8315.33,47575.78
11740590,1700,4313.03,18560.21
11740590,1720,3984.5099999999998,17401.18
11740590,1740,3813.22,17922.29
11740590,1800,5886.76,21485.05
11740590,1820,4160.46,16010.19
11740590,1840,3489.92,14592.45
11740590,1900,3967.54,15190.01
11740590,1920,2915.95,13005.7
11740590,1940,3425.79,13308.1
11740590,20,9373.5,38331.84
11740590,21,9182.86,35389.56
11740590,22,5506.98,21141.98
11740590,23,667.59,3478.6800000000003
11740600,00,2061.18,5207.81
11740600,01,4026.3,10063.01
11740600,02,3115.58,7660.23
11740600,03,2138.63,6397.26
11740600,04,2164.0,8012.87
11740600,05,2232.88,10640.15
11740600,06,3924.23,22600.6
11740600,0700,1744.34,10683.33
11740600,0720,2042.3400000000001,13072.85
11740600,0740,2473.54,13942.16
11740600,0800,2962.31,17456.53
11740600,0820,3050.7799999999997,17518.09
11740600,0840,1911.74,12760.49
11740600,0900,1931.48,12934.94
11740600,0920,2048.45,12814.28
11740600,0940,2140.93,12840.51
11740600,10,6223.53,36249.06
11740600,11,7276.95,38059.17
11740600,12,8961.869999999999,45625.93
11740600,13,9362.33,48850.58
11740600,14,10208.79,53336.13
11740600,15,12112.23,63046.74
11740600,16,14838.52,69048.17
11740600,1700,7070.06,26262.78
11740600,1720,7116.73,25575.32
11740600,1740,7143.03,25682.84
11740600,1800,10639.52,33347.89
11740600,1820,6985.12,23638.33
11740600,1840,6194.28,21611.79
11740600,1900,6527.48,21503.35
11740600,1920,5579.36,19338.95
11740600,1940,5575.7,18483.57
11740600,20,17400.3,53767.89
11740600,21,16616.26,46516.53
11740600,22,10324.31,27424.74
11740600,23,1551.22,5054.08
11740610,00,3966.23,8707.199999999999
11740610,01,8007.53,17218.94
11740610,02,5652.38,12984.4
11740610,03,4333.33,11134.13
11740610,04,3755.77,12646.63
11740610,05,5252.91,21281.09
11740610,06,10631.12,41598.5
11740610,0700,6367.7,20414.36
11740610,0720,8368.4,25024.15
11740610,0740,9250.87,30382.0
11740610,0800,10824.34,36630.14
11740610,0820,10023.04,36529.13
11740610,0840,8915.22,33729.72
11740610,0900,8096.69,33504.68
11740610,0920,8039.6,33892.97
11740610,0940,7334.82,32604.19
11740610,10,23042.809999999998,103965.03
11740610,11,27446.92,117205.29
11740610,12,32192.13,135280.1
11740610,13,30499.95,132862.98
11740610,14,29980.78,127660.66
11740610,15,33544.08,133467.26
11740610,16,38640.93,138581.84
11740610,1700,17259.54,52574.62
11740610,1720,18024.18,50584.75
11740610,1740,17318.39,48912.63
11740610,1800,27713.37,64626.42
11740610,1820,17568.99,45749.52
11740610,1840,15036.82,39983.18
11740610,1900,15385.49,39071.41
11740610,1920,12931.25,32947.08
11740610,1940,12700.28,31982.38
11740610,20,36845.62,88450.59
11740610,21,32298.88,74619.06
11740610,22,20567.86,47919.22
11740610,23,3351.25,8574.84
11740620,00,3901.7,7014.22
11740620,01,7534.65,14097.71
11740620,02,5301.95,10089.380000000001
11740620,03,3698.44,7888.03
11740620,04,3252.45,9358.63
11740620,05,3813.4700000000003,15164.119999999999
11740620,06,6643.82,27752.97
11740620,0700,3393.35,12436.289999999999
11740620,0720,3703.73,14502.32
11740620,0740,4351.4,16612.07
11740620,0800,4556.93,20114.32
11740620,0820,4533.45,20370.65
11740620,0840,4145.86,17004.96
11740620,0900,4376.01,16525.94
11740620,0920,4536.21,17891.64
11740620,0940,4205.2,17230.44
11740620,10,12236.97,51832.37
11740620,11,15479.4,57182.83
11740620,12,17785.94,66405.56
11740620,13,18207.92,67442.7
11740620,14,18941.35,68541.37
11740620,15,22056.94,76772.12
11740620,16,28591.579999999998,86859.55
11740620,1700,14037.44,35958.33
11740620,1720,14784.279999999999,36002.33
11740620,1740,14890.68,35902.31
11740620,1800,23288.91,48228.15
11740620,1820,15270.1,34040.14
11740620,1840,13630.74,30565.79
11740620,1900,13688.92,30999.04
11740620,1920,12069.16,26769.79
11740620,1940,11963.57,25945.9
11740620,20,36107.98,74719.89
11740620,21,32037.47,62024.49
11740620,22,20819.49,39575.21
11740620,23,3480.91,6995.82
11740640,00,1884.97,4922.21
11740640,01,4010.5699999999997,11000.17
11740640,02,3053.63,8619.25
11740640,03,2025.49,6986.25
11740640,04,2196.5,8916.16
11740640,05,3731.59,18544.68
11740640,06,9980.210000000001,39688.45
11740640,0700,5885.71,22665.78
11740640,0720,7041.41,27257.04
11740640,0740,8973.93,29959.33
11740640,0800,11291.54,35272.07
11740640,0820,10768.66,35380.56
11740640,0840,6954.360000000001,24698.28
11740640,0900,4913.05,21194.63
11740640,0920,4463.84,19088.27
11740640,0940,4029.78,17367.64
11740640,10,11894.33,52174.28
11740640,11,14128.33,56930.08
11740640,12,16835.72,65824.65
11740640,13,15025.8,64461.71
11740640,14,15086.42,64236.01
11740640,15,15933.25,69159.52
11740640,16,18736.0,74051.71
11740640,1700,7922.91,26964.51
11740640,1720,7610.2,26218.31
11740640,1740,7892.5599999999995,26946.21
11740640,1800,12354.41,33229.78
11740640,1820,7803.99,23631.3
11740640,1840,6739.01,21448.11
11740640,1900,7285.49,22278.78
11740640,1920,6024.88,19203.62
11740640,1940,5701.349999999999,18774.48
11740640,20,17063.19,51827.63
11740640,21,14652.439999999999,42723.03
11740640,22,9962.83,27637.81
11740640,23,1540.02,5075.79
11740650,00,3191.88,6452.27
11740650,01,6012.42,12469.19
11740650,02,4177.91,9335.32
11740650,03,3144.28,7674.68
11740650,04,2563.71,8994.39
11740650,05,4034.47,15041.43
11740650,06,7534.56,28676.8
11740650,0700,4058.7,14700.11
11740650,0720,4817.6,17103.32
11740650,0740,5938.7,20029.62
11740650,0800,6822.04,23704.82
11740650,0820,6783.82,25285.29
11740650,0840,5983.14,23510.96
11740650,0900,6426.87,24635.27
11740650,0920,5775.42,23075.31
11740650,0940,5645.24,22611.79
11740650,10,16229.49,65402.18
11740650,11,18919.829999999998,68022.8
11740650,12,20382.82,72993.61
11740650,13,21161.51,75712.31
11740650,14,21617.88,76064.6
11740650,15,24371.920000000002,83722.17
11740650,16,30895.05,95450.38
11740650,1700,16240.09,39332.39
11740650,1720,17150.09,40154.88
11740650,1740,16442.79,38403.25
11740650,1800,26345.27,52344.48
11740650,1820,16798.81,35820.94
11740650,1840,14430.23,31184.44
11740650,1900,13972.83,30662.05
11740650,1920,11734.23,26354.77
11740650,1940,11166.34,24503.73
11740650,20,32583.0,69633.35
11740650,21,26705.86,57549.21
11740650,22,16226.4,34552.83
11740650,23,2615.5099999999998,6364.41
11740660,00,2925.37,6854.08
11740660,01,5293.1,13193.27
11740660,02,4044.27,10417.04
11740660,03,2919.27,8591.61
11740660,04,2846.8,12292.68
11740660,05,4888.32,23522.66
11740660,06,9485.31,43534.43
11740660,0700,5777.62,23184.07
11740660,0720,7390.719999999999,29141.18
11740660,0740,9054.22,33600.84
11740660,0800,10340.27,38488.56
11740660,0820,9975.08,41180.75
11740660,0840,9120.97,35168.92
11740660,0900,8216.22,35249.37
11740660,0920,8393.66,35511.44
11740660,0940,7466.46,30854.69
11740660,10,21679.69,88219.47
11740660,11,26720.95,103155.79000000001
11740660,12,27361.59,101313.55
11740660,13,26432.29,100842.61
11740660,14,23331.52,93881.14
11740660,15,25678.44,102553.69
11740660,16,28753.24,111483.99
11740660,1700,12439.1,42705.22
11740660,1720,12451.04,40438.58
11740660,1740,12988.3,39999.09
11740660,1800,19070.48,51611.89
11740660,1820,12754.61,37132.95
11740660,1840,11137.35,32558.69
11740660,1900,11429.91,32410.53
11740660,1920,9476.8,28342.88
11740660,1940,9457.33,27177.91
11740660,20,25573.51,70506.92
11740660,21,22851.89,58791.03
11740660,22,14311.199999999999,37256.07
11740660,23,2595.0299999999997,7281.81
11740685,00,5811.43,14315.039999999999
11740685,01,11822.78,28073.87
11740685,02,8544.73,21389.04
11740685,03,6422.74,17716.86
11740685,04,6381.87,23717.22
11740685,05,11876.56,49465.34
11740685,06,27274.51,102886.4
11740685,0700,14050.46,50602.03
11740685,0720,17224.23,59873.0
11740685,0740,19338.35,65729.74
11740685,0800,19614.39,72736.03
11740685,0820,17353.920000000002,72382.59
11740685,0840,14164.199999999999,61886.24
11740685,0900,12761.65,58015.13
11740685,0920,12207.56,58435.409999999996
11740685,0940,11054.99,54546.13
11740685,10,32659.65,155611.27
11740685,11,37767.21,162498.31
11740685,12,45705.65,183976.7
11740685,13,44695.17,185183.09
11740685,14,42564.07,181662.91
11740685,15,45080.54,190690.46
11740685,16,53791.840000000004,202399.34
11740685,1700,24116.03,76095.7
11740685,1720,24475.28,73615.13
11740685,1740,24862.35,73216.33
11740685,1800,36705.1,93404.41
11740685,1820,24043.75,67623.13
11740685,1840,21260.329999999998,60900.14
11740685,1900,21992.64,60545.85
11740685,1920,18292.05,51880.61
11740685,1940,18585.170000000002,50993.53
11740685,20,54048.99,142025.26
11740685,21,47713.01,119579.7
11740685,22,30108.98,74460.67
11740685,23,5182.28,14184.76
11740690,00,2333.27,6274.4
11740690,01,4449.35,12804.33
11740690,02,3081.0499999999997,8946.6
11740690,03,2120.34,6994.87
11740690,04,2091.22,8613.55
11740690,05,3121.64,17940.74
11740690,06,5977.41,39650.62
11740690,0700,3571.21,22741.56
11740690,0720,4189.18,29171.6
11740690,0740,4616.31,29353.56
11740690,0800,4697.75,27472.48
11740690,0820,4380.34,27349.76
11740690,0840,4726.0,21302.45
11740690,0900,4555.72,20533.92
11740690,0920,4198.09,19229.54
11740690,0940,3752.87,18689.85
11740690,10,12606.18,59489.979999999996
11740690,11,15229.630000000001,67396.74
11740690,12,17072.33,76374.08
11740690,13,17573.670000000002,80585.19
11740690,14,17989.36,84669.12
11740690,15,20622.64,92879.09
11740690,16,24467.34,104730.15
11740690,1700,10742.61,38555.94
11740690,1720,10725.75,38542.82
11740690,1740,10984.05,39862.53
11740690,1800,16532.79,49654.75
11740690,1820,10939.09,37521.76
11740690,1840,10061.75,34115.88
11740690,1900,10626.67,35037.53
11740690,1920,8590.65,31408.29
11740690,1940,8885.94,31190.79
11740690,20,25389.43,84632.95
11740690,21,23586.51,76311.54
11740690,22,12617.210000000001,43629.52
11740690,23,1668.55,6271.91
11740700,00,2468.52,6160.19
11740700,01,4572.01,12275.38
11740700,02,3794.35,10260.33
11740700,03,2839.91,7882.8
11740700,04,2502.61,10065.12
11740700,05,4466.47,21446.37
11740700,06,10879.86,45186.2
11740700,0700,6043.3,23829.97
11740700,0720,6837.69,28423.74
11740700,0740,7398.27,30570.579999999998
11740700,0800,7256.5,28565.42
11740700,0820,5405.15,26926.329999999998
11740700,0840,3947.49,21638.24
11740700,0900,3438.3,22361.32
11740700,0920,3667.79,21166.81
11740700,0940,3402.22,19905.02
11740700,10,10176.64,56979.83
11740700,11,12394.27,64103.33
11740700,12,14529.619999999999,72523.17
11740700,13,13703.48,70326.31999999999
11740700,14,13895.93,70188.55
11740700,15,15088.789999999999,73800.41
11740700,16,18364.01,80114.95
11740700,1700,8096.0199999999995,30586.64
11740700,1720,8455.05,30168.7
11740700,1740,9046.93,31265.7
11740700,1800,13013.17,37883.77
11740700,1820,8547.64,28498.62
11740700,1840,7780.99,26296.29
11740700,1900,7955.92,25010.77
11740700,1920,6305.2,21846.18
11740700,1940,6606.41,22339.71
11740700,20,19775.23,60966.47
11740700,21,18560.72,54255.340000000004
11740700,22,12038.68,35469.41
11740700,23,1967.51,5953.71
26110000,00,2.9,13.37
26110000,01,15.44,31.41
26110000,02,11.86,14.75
26110000,03,31.52,116.31
26110000,04,214.51999999999998,540.55
26110000,05,770.8100000000001,1825.6000000000001
26110000,06,1066.55,2600.92
26110000,0700,431.58,962.08
26110000,0720,457.77,977.88
26110000,0740,456.09000000000003,1163.97
26110000,0800,571.49,1407.98
26110000,0820,415.91,988.66
26110000,0840,398.48,1028.26
26110000,0900,420.68,928.57
26110000,0920,390.15,887.35
26110000,0940,451.53,890.09
26110000,10,811.94,1892.3
26110000,11,697.3,1557.06
26110000,12,837.08,2101.73
26110000,13,916.36,2159.39
26110000,14,772.18,1674.8899999999999
26110000,15,696.5,1645.8600000000001
26110000,16,435.49,1029.89
26110000,1700,137.75,261.39
26110000,1720,113.14,242.23
26110000,1740,130.75,281.32
26110000,1800,209.4,312.39
26110000,1820,188.94,304.67
26110000,1840,163.34,256.0
26110000,1900,174.83,318.34000000000003
26110000,1920,112.25,238.56
26110000,1940,180.94,285.92
26110000,20,217.61,333.4
26110000,21,11.82,18.85
26140000,00,19.38,41.36
26140000,01,23.759999999999998,60.629999999999995
26140000,02,24.5,89.19
26140000,03,43.59,79.44
26140000,04,127.81,358.92
26140000,05,297.4,826.75
26140000,06,295.46,993.35
26140000,0700,110.66,383.16
26140000,0720,94.34,319.0
26140000,0740,101.87,315.04
26140000,0800,141.76,425.65
26140000,0820,94.87,330.65
26140000,0840,93.65,247.51
26140000,0900,80.95,334.95
26140000,0920,94.69,340.77
26140000,0940,112.82,298.46999999999997
26140000,10,301.81,961.86
26140000,11,356.07,833.9
26140000,12,470.98,1297.04
26140000,13,406.38,1259.53
26140000,14,395.63,1156.15
26140000,15,414.27,1288.89
26140000,16,343.45,904.39
26140000,1700,95.32,278.51
26140000,1720,98.22,254.46
26140000,1740,88.34,246.47
26140000,1800,104.0,273.3
26140000,1820,98.92999999999999,234.02
26140000,1840,139.48000000000002,318.68
26140000,1900,123.96000000000001,264.32
26140000,1920,102.21,236.88
26140000,1940,41.85,82.67999999999999
26140000,20,43.93,92.89
26140000,21,3.36,3.36
26170000,00,24.740000000000002,67.11
26170000,01,39.24,104.0
26170000,02,22.45,160.82
26170000,03,80.97,263.69
26170000,04,633.59,1820.44
26170000,05,1792.18,4589.36
26170000,06,2925.61,7224.13
26170000,0700,1232.28,2739.81
26170000,0720,1274.6100000000001,2838.09
26170000,0740,1399.1200000000001,3071.34
26170000,0800,1493.59,3342.66
26170000,0820,1059.13,2693.43
26170000,0840,1038.12,2585.79
26170000,0900,1197.04,2784.46
26170000,0920,1108.93,2548.09
26170000,0940,1032.98,2508.98
26170000,10,2126.93,5397.21
26170000,11,1208.84,2905.93
26170000,12,1639.53,4190.14
26170000,13,1790.79,4262.47
26170000,14,1514.66,3992.45
26170000,15,1797.79,4528.97
26170000,16,1275.03,3201.92
26170000,1700,322.82,882.93
26170000,1720,319.76,829.6800000000001
26170000,1740,317.63,771.92
26170000,1800,372.04,731.83
26170000,1820,277.91,582.7
26170000,1840,237.9,507.99
26170000,1900,367.0,680.11
26170000,1920,233.49,514.73
26170000,1940,146.01,275.35
26170000,20,259.39,459.34000000000003
26170000,21,0.0,6.08
26170000,22,3.07,6.699999999999999
26170000,23,3.07,3.07
26200000,00,7.470000000000001,26.369999999999997
26200000,01,12.8,28.78
26200000,02,15.26,37.260000000000005
26200000,03,53.03,156.37
26200000,04,175.66,441.27
26200000,05,324.93,1036.22
26200000,06,578.63,1582.23
26200000,0700,160.99,530.05
26200000,0720,189.96,537.84
26200000,0740,168.77,505.09999999999997
26200000,0800,151.83,596.01
26200000,0820,153.65,509.78
26200000,0840,166.34,406.88
26200000,0900,178.02,491.28
26200000,0920,108.79,342.32
26200000,0940,152.87,358.96999999999997
26200000,10,341.95,932.33
26200000,11,269.92,731.7
26200000,12,381.28000000000003,1142.1
26200000,13,340.97,1096.3
26200000,14,366.78000000000003,1051.0
26200000,15,333.92,1014.09
26200000,16,281.65,882.43
26200000,1700,78.86,236.4
26200000,1720,97.67,239.07
26200000,1740,83.19,239.06
26200000,1800,108.25,277.34
26200000,1820,72.21000000000001,214.14000000000001
26200000,1840,80.47,248.48
26200000,1900,109.34,261.7
26200000,1920,37.03,121.28
26200000,1940,61.41,113.78
26200000,20,35.15,88.06
26200000,21,0.0,2.29
26230000,00,45.21,87.96000000000001
26230000,01,91.74,301.03
26230000,02,40.48,170.97
26230000,03,65.19,266.73
26230000,04,606.14,1322.12
26230000,05,1351.29,2917.29
26230000,06,2041.32,4294.53
26230000,0700,819.42,1612.83
26230000,0720,714.02,1353.35
26230000,0740,766.63,1361.23
26230000,0800,874.02,1672.42
26230000,0820,690.39,1363.53
26230000,0840,712.35,1376.99
26230000,0900,804.47,1484.82
26230000,0920,763.83,1438.1299999999999
26230000,0940,668.43,1348.88
26230000,10,1850.96,3622.34
26230000,11,1601.7,3086.23
26230000,12,2206.87,4849.84
26230000,13,2465.32,5735.86
26230000,14,2274.18,4876.67
26230000,15,2495.67,5466.6900000000005
26230000,16,2055.83,4477.05
26230000,1700,676.05,1429.88
26230000,1720,610.36,1299.47
26230000,1740,495.96,1168.87
26230000,1800,726.03,1359.94
26230000,1820,623.54,1281.89
26230000,1840,617.87,1265.2
26230000,1900,628.07,1214.74
26230000,1920,452.99,811.87
26230000,1940,223.15,441.95
26230000,20,342.05,634.15
26230000,21,30.34,50.72
26230000,22,0.0,4.16
26260000,00,23.7,61.559999999999995
26260000,01,32.09,78.88
26260000,02,39.38,79.83
26260000,03,75.31,174.76
26260000,04,179.9,508.72
26260000,05,492.03,1342.8799999999999
26260000,06,623.96,1709.3899999999999
26260000,0700,297.34000000000003,658.5500000000001
26260000,0720,225.67,565.0500000000001
26260000,0740,201.71,468.33
26260000,0800,226.57,594.96
26260000,0820,178.06,575.22
26260000,0840,166.02,476.17
26260000,0900,204.92,578.76
26260000,0920,240.45000000000002,625.35
26260000,0940,178.89,481.26
26260000,10,467.90999999999997,1634.67
26260000,11,547.59,1730.78
26260000,12,949.61,3046.9
26260000,13,1094.12,3476.11
26260000,14,1088.7,3521.14
26260000,15,1155.45,3727.02
26260000,16,986.72,3153.54
26260000,1700,408.21,1082.88
26260000,1720,362.73,960.57
26260000,1740,371.57,993.61
26260000,1800,432.83,959.33
26260000,1820,342.9,934.58
26260000,1840,319.84000000000003,854.46
26260000,1900,327.37,822.77
26260000,1920,213.33,582.24
26260000,1940,122.08,362.45
26260000,20,163.53,386.62
26260000,21,20.66,34.08
26260000,22,0.0,3.93
26290000,00,26.37,107.57
26290000,01,48.42,177.17000000000002
26290000,02,26.07,179.79999999999998
26290000,03,50.59,230.22
26290000,04,357.77,997.9300000000001
26290000,05,771.11,2231.26
26290000,06,1080.8799999999999,2979.06
26290000,0700,325.99,871.54
26290000,0720,308.02,756.84
26290000,0740,356.73,850.91
26290000,0800,327.15,939.55
26290000,0820,366.01,864.67
26290000,0840,286.22,814.77
26290000,0900,333.36,824.82
26290000,0920,317.62,861.29
26290000,0940,322.01,922.95
26290000,10,790.01,2140.19
26290000,11,675.98,1987.39
26290000,12,953.69,2840.72
26290000,13,1205.15,3574.2
26290000,14,1107.94,3365.71
26290000,15,1173.04,3612.78
26290000,16,924.2,2828.29
26290000,1700,344.13,980.4
26290000,1720,307.43,877.19
26290000,1740,384.24,1001.35
26290000,1800,359.56,967.02
26290000,1820,362.49,897.66
26290000,1840,319.95,807.15
26290000,1900,345.2,795.83
26290000,1920,213.8,525.05
26290000,1940,129.97,325.63
26290000,20,135.98,379.09
26290000,21,11.5,14.8
26320000,00,16.98,28.779999999999998
26320000,01,19.45,68.54
26320000,02,2.49,37.660000000000004
26320000,03,13.11,90.26
26320000,04,121.75,329.71
26320000,05,205.94,675.9200000000001
26320000,06,257.64,1028.3899999999999
26320000,0700,63.57,374.05
26320000,0720,70.56,274.46
26320000,0740,100.28,322.22
26320000,0800,117.28,383.79
26320000,0820,124.96,434.42
26320000,0840,138.14,384.84000000000003
26320000,0900,164.39000000000001,476.06
26320000,0920,178.03,459.72
26320000,0940,114.97,419.05
26320000,10,311.44,1053.05
26320000,11,419.18,1333.58
26320000,12,729.1,2207.65
26320000,13,598.43,2144.9
26320000,14,616.64,2036.9
26320000,15,809.2,2531.02
26320000,16,896.3100000000001,2649.93
26320000,1700,349.79,867.3299999999999
26320000,1720,271.48,814.4
26320000,1740,191.16,465.81
26320000,1800,307.37,725.8199999999999
26320000,1820,262.71,676.13
26320000,1840,263.2,655.8
26320000,1900,217.49,567.74
26320000,1920,208.52,438.86
26320000,1940,119.95,290.82
26320000,20,161.48,321.93
26320000,21,9.64,16.97
26350000,00,23.07,86.26
26350000,01,73.9,221.68
26350000,02,43.13,161.14000000000001
26350000,03,152.97,425.56
26350000,04,719.03,1910.54
26350000,05,1682.69,4503.93
26350000,06,2616.66,6824.24
26350000,0700,935.76,2513.75
26350000,0720,890.23,2229.07
26350000,0740,1004.49,2389.96
26350000,0800,1084.0,2612.96
26350000,0820,939.17,2543.88
26350000,0840,839.56,2256.55
26350000,0900,877.93,2318.76
26350000,0920,817.81,2133.68
26350000,0940,752.71,1970.37
26350000,10,2308.25,6083.25
26350000,11,1945.24,4957.1
26350000,12,2619.66,7292.28
26350000,13,2623.84,7515.64
26350000,14,2455.71,7046.54
26350000,15,2313.72,6642.89
26350000,16,1799.69,5652.7300000000005
26350000,1700,600.21,1718.7
26350000,1720,656.48,1800.58
26350000,1740,534.85,1502.03
26350000,1800,540.04,1395.78
26350000,1820,597.05,1566.27
26350000,1840,514.1899999999999,1283.38
26350000,1900,488.46,1229.97
26350000,1920,308.07,778.31
26350000,1940,171.3,524.12
26350000,20,185.99,515.93
26350000,21,26.94,80.51
26350000,22,14.809999999999999,27.91
26350000,23,3.9,6.74
26380000,00,8.85,121.21
26380000,01,57.3,142.84
26380000,02,34.12,148.46
26380000,03,60.24,196.36
26380000,04,170.99,550.85
26380000,05,294.69,1054.7
26380000,06,432.96,1351.92
26380000,0700,167.65,529.49
26380000,0720,149.74,531.76
26380000,0740,200.91,497.41
26380000,0800,159.68,556.55
26380000,0820,127.58,483.27
26380000,0840,133.59,412.92
26380000,0900,136.36,515.9
26380000,0920,142.02,421.26
26380000,0940,163.93,463.31
26380000,10,417.01,1425.3899999999999
26380000,11,510.67,1452.14
26380000,12,706.17,2441.81
26380000,13,874.25,2655.6
26380000,14,821.49,2472.7
26380000,15,756.29,2404.16
26380000,16,722.13,2176.25
26380000,1700,162.94,591.56
26380000,1720,164.08,571.4
26380000,1740,237.22,640.61
26380000,1800,269.86,661.52
26380000,1820,204.4,538.77
26380000,1840,201.1,577.32
26380000,1900,258.89,622.05
26380000,1920,210.56,376.75
26380000,1940,119.25,287.51
26380000,20,141.79,323.39
26380000,21,4.68,23.96
26380000,22,0.0,1.91
26410000,00,41.730000000000004,104.32
26410000,01,60.440000000000005,198.07
26410000,02,18.13,93.01
26410000,03,40.17,145.94
26410000,04,189.65,646.36
26410000,05,418.22,1317.8
26410000,06,575.21,1778.15
26410000,0700,197.52,645.46
26410000,0720,194.59,568.82
26410000,0740,170.94,523.77
26410000,0800,267.24,671.42
26410000,0820,212.01,619.97
26410000,0840,174.19,510.48
26410000,0900,209.28,551.56
26410000,0920,124.38,496.69
26410000,0940,191.85,505.53
26410000,10,457.72,1450.77
26410000,11,536.4,1677.22
26410000,12,650.33,1921.32
26410000,13,768.3,2393.59
26410000,14,705.16,2373.79
26410000,15,727.27,2536.02
26410000,16,749.1,2260.35
26410000,1700,212.13,693.63
26410000,1720,207.89,611.24
26410000,1740,218.34,663.37
26410000,1800,311.24,688.39
26410000,1820,246.15,650.99
26410000,1840,209.78,523.6
26410000,1900,193.93,532.64
26410000,1920,110.38000000000001,294.83
26410000,1940,77.08,162.72
26410000,20,67.12,154.99
26410000,21,4.16,4.16
26410000,22,4.16,4.16
26410000,23,4.16,4.16
26440000,00,9.709999999999999,123.62
26440000,01,77.2,373.75
26440000,02,57.54,380.02
26440000,03,68.44,409.03
26440000,04,338.28,1041.09
26440000,05,701.67,2339.91
26440000,06,1216.61,3566.26
26440000,0700,525.46,1672.96
26440000,0720,578.96,1529.21
26440000,0740,389.42,1210.58
26440000,0800,481.85,1203.51
26440000,0820,419.56,1093.41
26440000,0840,385.03,1161.4
26440000,0900,592.11,1444.75
26440000,0920,527.37,1412.22
26440000,0940,445.43,1363.08
26440000,10,1428.53,3957.86
26440000,11,867.33,2616.38
26440000,12,982.1800000000001,2745.02
26440000,13,1013.52,3024.81
26440000,14,1094.64,3313.5
26440000,15,1126.6,2973.18
26440000,16,1107.89,2700.28
26440000,1700,297.2,687.97
26440000,1720,321.72,765.47
26440000,1740,350.65,912.92
26440000,1800,320.15000000000003,1087.02
26440000,1820,513.99,1403.2
26440000,1840,602.37,1443.28
26440000,1900,463.55,1269.87
26440000,1920,368.87,849.39
26440000,1940,304.9,731.46
26440000,20,304.13,735.68
26440000,21,16.67,49.83
26440000,22,3.47,11.969999999999999
26440000,23,2.58,9.11
26470000,00,13.1,50.59
26470000,01,37.03,82.89
26470000,02,13.43,42.5
26470000,03,30.509999999999998,165.93
26470000,04,206.35999999999999,667.16
26470000,05,489.97,1480.59
26470000,06,610.84,1818.33
26470000,0700,224.46,669.08
26470000,0720,211.69,619.15
26470000,0740,189.03,596.04
26470000,0800,257.53000000000003,626.4
26470000,0820,171.89,505.69
26470000,0840,221.57999999999998,588.6800000000001
26470000,0900,181.17,554.63
26470000,0920,167.47,503.78000000000003
26470000,0940,242.65,661.43
26470000,10,516.26,1498.3400000000001
26470000,11,533.0,1423.42
26470000,12,810.96,2209.19
26470000,13,781.49,2277.0
26470000,14,843.37,2474.03
26470000,15,879.26,2565.86
26470000,16,799.64,2250.38
26470000,1700,264.99,623.73
26470000,1720,244.4,642.72
26470000,1740,245.38,659.37
26470000,1800,348.22,747.36
26470000,1820,260.58,669.83
26470000,1840,230.67,614.43
26470000,1900,221.24,488.35
26470000,1920,165.57999999999998,378.03
26470000,1940,96.3,255.98
26470000,20,111.16,302.3
26470000,21,3.13,32.12
26470000,22,2.26,2.26
26500000,00,28.79,45.39
26500000,01,39.6,70.28
26500000,02,27.46,85.24
26500000,03,76.6,172.45
26500000,04,352.45,703.29
26500000,05,741.94,1411.25
26500000,06,1153.77,2256.56
26500000,0700,490.64,879.05
26500000,0720,470.01,857.69
26500000,0740,415.27,787.4
26500000,0800,561.38,1050.65
26500000,0820,528.63,935.64
26500000,0840,534.61,896.72
26500000,0900,581.71,1042.77
26500000,0920,568.54,1002.15
26500000,0940,484.22,904.95
26500000,10,1352.12,2684.18
26500000,11,1079.54,2214.39
26500000,12,1603.56,3368.18
26500000,13,1813.94,3921.37
26500000,14,1564.6100000000001,3389.63
26500000,15,1557.29,3498.42
26500000,16,1109.41,2627.35
26500000,1700,424.1,884.4599999999999
26500000,1720,350.51,768.54
26500000,1740,311.71999999999997,674.23
26500000,1800,381.95,788.01
26500000,1820,421.68,826.06
26500000,1840,337.24,737.3
26500000,1900,362.38,774.6
26500000,1920,196.59,448.29999999999995
26500000,1940,132.60999999999999,231.1
26500000,20,211.81,359.26
26500000,21,0.0,3.5
26500000,22,1.93,1.93
26530000,00,13.09,51.95
26530000,01,44.14,122.06
26530000,02,21.54,69.01
26530000,03,34.0,139.46
26530000,04,125.74,527.53
26530000,05,309.77,1002.13
26530000,06,378.19,1279.65
26530000,0700,160.26,466.03000000000003
26530000,0720,117.65,406.25
26530000,0740,139.15,385.1
26530000,0800,117.55,403.51
26530000,0820,137.37,340.58
26530000,0840,124.68,426.44
26530000,0900,107.99,371.05
26530000,0920,210.92,622.03
26530000,0940,164.41,476.12
26530000,10,503.68,1404.25
26530000,11,504.63,1347.38
26530000,12,666.07,2023.06
26530000,13,749.68,2037.95
26530000,14,771.3100000000001,2279.54
26530000,15,674.65,2148.73
26530000,16,681.5,1813.88
26530000,1700,209.59,562.75
26530000,1720,187.52,564.76
26530000,1740,187.53,522.98
26530000,1800,262.40999999999997,507.36
26530000,1820,270.63,556.42
26530000,1840,292.25,565.43
26530000,1900,228.38,482.34
26530000,1920,196.53,351.99
26530000,1940,166.91,283.12
26530000,20,274.5,459.91
26530000,21,25.55,29.13
26530000,22,0.0,4.5
26710000,00,23.65,75.05
26710000,01,52.82,235.71
26710000,02,35.48,178.82999999999998
26710000,03,64.28,315.94
26710000,04,177.24,744.18
26710000,05,552.92,1958.48
26710000,06,786.53,2930.29
26710000,0700,266.29,1146.84
26710000,0720,221.03,930.98
26710000,0740,208.37,977.08
26710000,0800,214.83,1041.31
26710000,0820,242.45,808.76
26710000,0840,166.19,718.41
26710000,0900,271.64,825.92
26710000,0920,217.25,754.41
26710000,0940,190.17,618.83
26710000,10,545.31,1831.85
26710000,11,548.84,1711.54
26710000,12,615.47,2109.17
26710000,13,793.17,2618.08
26710000,14,756.19,2528.7400000000002
26710000,15,642.44,2350.53
26710000,16,451.93,1633.09
26710000,1700,143.28,500.51
26710000,1720,145.97,538.0
26710000,1740,140.84,398.08
26710000,1800,140.01,445.33
26710000,1820,157.1,372.96999999999997
26710000,1840,111.78,320.26
26710000,1900,124.46000000000001,357.92
26710000,1920,60.18,193.12
26710000,1940,37.29,121.26
26710000,20,59.72,123.99000000000001
26710000,21,9.030000000000001,12.750000000000002
27110000,00,18.65,42.34
27110000,01,36.39,100.66
27110000,02,26.62,121.4
27110000,03,85.89,566.58
27110000,04,263.59,727.9
27110000,05,839.71,1864.54
27110000,06,1459.34,3078.01
27110000,0700,626.33,1167.22
27110000,0720,585.01,1189.89
27110000,0740,595.5,1236.89
27110000,0800,859.68,1578.33
27110000,0820,789.45,1354.5
27110000,0840,734.3199999999999,1350.44
27110000,0900,806.8,1481.07
27110000,0920,731.62,1272.8799999999999
27110000,0940,786.4,1301.48
27110000,10,1637.6000000000001,2934.4700000000003
27110000,11,1798.1200000000001,3029.34
27110000,12,2090.79,3882.64
27110000,13,2016.31,3808.69
27110000,14,2021.28,3895.81
27110000,15,2083.44,3905.02
27110000,16,1645.45,3244.01
27110000,1700,555.98,944.97
27110000,1720,439.61,852.5
27110000,1740,349.76,732.91
27110000,1800,465.11,849.41
27110000,1820,430.24,747.63
27110000,1840,435.40000000000003,736.99
27110000,1900,455.19,796.5600000000001
27110000,1920,395.36,674.73
27110000,1940,212.11,381.37
27110000,20,386.94,630.68
27110000,21,31.48,66.44
27110000,22,2.54,6.89
27110000,23,0.0,2.23
27140000,00,54.54,134.41
27140000,01,121.1,384.58
27140000,02,67.73,471.29
27140000,03,130.43,468.31
27140000,04,437.17,1519.75
27140000,05,1385.33,4570.02
27140000,06,2336.46,7229.38
27140000,0700,963.32,2698.04
27140000,0720,1024.23,2717.21
27140000,0740,1135.91,3102.65
27140000,0800,1360.84,3511.75
27140000,0820,1377.3,3449.88
27140000,0840,1203.72,3214.63
27140000,0900,1401.11,3359.53
27140000,0920,1252.01,3316.55
27140000,0940,1235.91,2855.33
27140000,10,2705.25,7267.62
27140000,11,2470.05,6442.9
27140000,12,3170.46,8527.24
27140000,13,3330.62,9347.57
27140000,14,3759.65,10062.63
27140000,15,4288.21,11224.73
27140000,16,3656.95,10058.53
27140000,1700,1245.47,2883.88
27140000,1720,1069.43,2645.09
27140000,1740,844.6,2024.98
27140000,1800,1117.77,2550.16
27140000,1820,1048.8,2370.71
27140000,1840,920.22,2203.7799999999997
27140000,1900,1061.96,2292.0299999999997
27140000,1920,826.29,1786.73
27140000,1940,583.05,1291.09
27140000,20,945.92,2102.68
27140000,21,140.34,320.55
27140000,22,2.96,5.779999999999999
27170000,00,0.0,17.880000000000003
27170000,01,32.4,95.14
27170000,02,12.14,66.49000000000001
27170000,03,32.78,153.34
27170000,04,59.129999999999995,315.43
27170000,05,260.12,823.62
27170000,06,255.35,863.13
27170000,0700,132.11,424.24
27170000,0720,116.33,514.48
27170000,0740,136.84,470.3
27170000,0800,223.12,706.91
27170000,0820,169.07,566.02
27170000,0840,184.66,579.5
27170000,0900,160.28,497.91
27170000,0920,108.94,397.85
27170000,0940,118.82000000000001,455.33
27170000,10,299.13,1007.48
27170000,11,388.98,1150.29
27170000,12,717.17,2212.38
27170000,13,622.84,1922.76
27170000,14,760.48,2294.04
27170000,15,838.21,2552.91
27170000,16,689.38,2164.26
27170000,1700,246.68,568.81
27170000,1720,272.12,712.88
27170000,1740,232.16,637.1999999999999
27170000,1800,267.84,588.94
27170000,1820,229.38,515.07
27170000,1840,163.02,418.82
27170000,1900,176.78,423.35
27170000,1920,186.62,461.98
27170000,1940,165.93,320.51
27170000,20,248.98,538.11
27170000,21,31.62,94.37
27200000,00,16.83,42.4
27200000,01,26.4,83.59
27200000,02,44.33,110.65
27200000,03,84.99000000000001,184.16
27200000,04,166.76,461.2
27200000,05,356.4,997.31
27200000,06,452.89,1442.43
27200000,0700,180.03,589.66
27200000,0720,150.78,491.48
27200000,0740,161.95,486.90000000000003
27200000,0800,159.85,588.25
27200000,0820,145.56,464.99
27200000,0840,179.47,568.41
27200000,0900,173.45,462.68
27200000,0920,137.82,410.81
27200000,0940,184.71,475.04
27200000,10,410.65,1414.81
27200000,11,481.5,1205.28
27200000,12,689.74,2072.72
27200000,13,824.24,2293.89
27200000,14,815.01,2425.19
27200000,15,967.77,2569.06
27200000,16,864.84,2387.78
27200000,1700,269.87,674.3199999999999
27200000,1720,244.56,678.27
27200000,1740,248.23,592.66
27200000,1800,289.06,622.12
27200000,1820,237.25,528.18
27200000,1840,262.55,638.97
27200000,1900,231.46,537.08
27200000,1920,245.57,488.72
27200000,1940,156.39,316.07
27200000,20,229.7,544.0
27200000,21,11.64,132.32999999999998
27200000,22,12.92,43.67
27230000,00,69.92999999999999,216.25
27230000,01,117.89,352.13
27230000,02,93.12,299.37
27230000,03,134.42000000000002,487.52
27230000,04,361.55,1035.39
27230000,05,1181.0,3253.0099999999998
27230000,06,1504.14,4818.55
27230000,0700,655.27,1963.02
27230000,0720,638.73,1848.83
27230000,0740,670.61,1915.01
27230000,0800,692.18,2105.2599999999998
27230000,0820,710.63,2002.85
27230000,0840,626.4,1794.79
27230000,0900,688.7,1822.64
27230000,0920,721.27,1832.27
27230000,0940,611.28,1678.48
27230000,10,1421.18,4099.11
27230000,11,1690.44,4440.97
27230000,12,2319.94,5971.74
27230000,13,2523.1,7322.06
27230000,14,2556.4,7664.88
27230000,15,2659.12,7943.13
27230000,16,2531.31,7264.21
27230000,1700,774.1,2065.34
27230000,1720,851.15,2166.84
27230000,1740,663.61,1660.55
27230000,1800,818.63,1922.73
27230000,1820,799.92,1830.97
27230000,1840,791.45,1819.93
27230000,1900,789.79,1852.22
27230000,1920,708.88,1470.17
27230000,1940,527.05,1200.36
27230000,20,686.85,1587.03
27230000,21,90.96,194.31
27230000,22,2.31,8.93
27260000,00,50.78,189.24
27260000,01,61.32,312.89
27260000,02,97.83,313.17
27260000,03,91.11,517.03
27260000,04,297.85,1118.59
27260000,05,894.62,2712.5099999999998
27260000,06,1578.8,4401.64
27260000,0700,605.85,1871.93
27260000,0720,636.0500000000001,1750.81
27260000,0740,837.27,2029.58
27260000,0800,771.88,2113.8
27260000,0820,824.83,2040.8700000000001
27260000,0840,723.6,1998.74
27260000,0900,821.75,2124.23
27260000,0920,721.9,1942.42
27260000,0940,800.18,1871.58
27260000,10,1869.94,4835.92
27260000,11,1887.94,5149.78
27260000,12,2506.0,7429.7
27260000,13,2795.18,8445.79
27260000,14,2857.93,9447.02
27260000,15,3184.31,10294.58
27260000,16,2793.14,9538.54
27260000,1700,1082.61,3155.0099999999998
27260000,1720,870.33,2762.08
27260000,1740,828.65,2267.24
27260000,1800,969.51,2745.13
27260000,1820,819.64,2442.58
27260000,1840,915.4,2562.24
27260000,1900,1125.88,2907.23
27260000,1920,841.5,2413.44
27260000,1940,569.4,1521.32
27260000,20,913.85,2568.65
27260000,21,132.09,360.67
27260000,22,22.68,34.730000000000004
27260000,23,2.73,5.5
27290000,00,37.37,138.24
27290000,01,108.58,327.76
27290000,02,60.97,229.07999999999998
27290000,03,69.33,343.39
27290000,04,347.66,1057.43
27290000,05,978.69,2724.18
27290000,06,1229.61,3550.2000000000003
27290000,0700,466.68,1557.2
27290000,0720,514.23,1524.86
27290000,0740,525.24,1492.56
27290000,0800,621.07,1812.3
27290000,0820,547.77,1688.45
27290000,0840,526.59,1515.42
27290000,0900,536.12,1712.46
27290000,0920,519.4,1557.74
27290000,0940,462.05,1404.24
27290000,10,1036.04,3506.49
27290000,11,1602.59,4314.67
27290000,12,2373.7599999999998,6662.43
27290000,13,2277.67,7640.62
27290000,14,2819.12,8552.46
27290000,15,3290.66,10087.75
27290000,16,2770.5,8572.16
27290000,1700,1030.82,2648.15
27290000,1720,1061.59,2638.16
27290000,1740,839.06,2494.83
27290000,1800,914.64,2264.32
27290000,1820,736.57,2013.6
27290000,1840,772.47,1884.7
27290000,1900,818.62,1958.27
27290000,1920,802.7,1719.86
27290000,1940,498.18,1068.34
27290000,20,942.73,1889.14
27290000,21,84.99,192.98
27290000,22,11.02,14.51
27290000,23,5.42,5.42
27710000,00,54.53,190.98
27710000,01,93.92,324.72
27710000,02,75.12,339.74
27710000,03,85.96,531.39
27710000,04,199.43,886.3
27710000,05,485.56,1956.24
27710000,06,679.64,2353.94
27710000,0700,278.78000000000003,1057.2
27710000,0720,214.78,820.5699999999999
27710000,0740,292.05,853.45
27710000,0800,332.6,997.03
27710000,0820,251.23000000000002,987.58
27710000,0840,197.79,875.41
27710000,0900,217.42000000000002,832.9
27710000,0920,174.02,861.32
27710000,0940,196.16,728.54
27710000,10,512.39,2113.11
27710000,11,512.02,2028.59
27710000,12,943.25,2996.67
27710000,13,916.85,3090.7
27710000,14,1050.49,3650.88
27710000,15,1217.47,3974.19
27710000,16,1059.8,3334.57
27710000,1700,296.54,832.85
27710000,1720,294.21999999999997,852.82
27710000,1740,307.02,907.11
27710000,1800,357.0,899.46
27710000,1820,296.49,700.26
27710000,1840,290.04,586.99
27710000,1900,333.17,696.04
27710000,1920,225.66,527.68
27710000,1940,129.96,327.75
27710000,20,241.51,542.95
27710000,21,20.69,66.84
27710000,22,2.95,2.95
27720000,00,19.01,125.63
27720000,01,10.05,265.95
27720000,02,32.14,307.97
27720000,03,101.03999999999999,413.47
27720000,04,124.35,710.03
27720000,05,186.49,1200.67
27720000,06,260.0,1483.59
27720000,0700,107.3,599.97
27720000,0720,160.94,625.41
27720000,0740,89.8,527.25
27720000,0800,156.02,661.87
27720000,0820,139.82,657.55
27720000,0840,139.75,710.07
27720000,0900,164.67,674.38
27720000,0920,124.84,531.77
27720000,0940,119.19,495.73
27720000,10,217.81,1146.69
27720000,11,167.75,908.48
27720000,12,181.38,894.61
27720000,13,296.64,1126.43
27720000,14,260.7,1267.26
27720000,15,299.61,1378.13
27720000,16,153.67000000000002,862.65
27720000,1700,60.18,243.79
27720000,1720,31.53,158.26
27720000,1740,38.129999999999995,168.55
27720000,1800,32.980000000000004,134.44
27720000,1820,23.53,151.18
27720000,1840,21.78,168.39000000000001
27720000,1900,28.229999999999997,122.46
27720000,1920,16.71,178.47
27720000,1940,22.62,109.91
27720000,20,29.1,207.68
27720000,21,2.17,12.67
28110000,00,31276.170000000002,72106.17
28110000,01,64542.11,152495.19
28110000,02,60652.72,151856.4
28110000,03,83198.38,224788.58
28110000,04,149600.96,414542.91
28110000,05,208119.28,620687.37
28110000,06,281526.4,867772.1799999999
28110000,0700,112776.03,349999.32
28110000,0720,116407.41,373150.83
28110000,0740,116557.43,391152.75
28110000,0800,118870.94,412829.13
28110000,0820,101304.02,353461.37
28110000,0840,82058.49,280273.1
28110000,0900,79452.21,277853.9
28110000,0920,77820.16,281445.46
28110000,0940,76618.66,277730.41
28110000,10,249712.72,885046.31
28110000,11,294994.3,984345.14
28110000,12,312983.89,1048628.56
28110000,13,288473.15,1010815.68
28110000,14,270624.82,935840.62
28110000,15,271138.12,955125.37
28110000,16,281404.12,937841.2
28110000,1700,107093.9,323979.31
28110000,1720,105128.02,311968.9
28110000,1740,105585.11,307875.06
28110000,1800,129681.31,348723.44
28110000,1820,89235.42,257216.38
28110000,1840,82687.03,236209.13
28110000,1900,82721.98,228441.9
28110000,1920,74421.58,204673.03
28110000,1940,74396.15,197664.46
28110000,20,206249.28,534489.72
28110000,21,174808.93,428321.11
28110000,22,116533.76,274226.08
28110000,23,23315.33,56414.28
28140000,00,3772.98,11526.1
28140000,01,7173.44,23130.62
28140000,02,5480.25,19174.66
28140000,03,4539.22,18173.8
28140000,04,5192.39,29350.89
28140000,05,11914.58,69849.61
28140000,06,35865.08,168913.55
28140000,0700,18023.67,76765.53
28140000,0720,18207.96,82346.64
28140000,0740,19093.3,86009.19
28140000,0800,17539.45,81027.5
28140000,0820,14884.58,71104.95999999999
28140000,0840,11282.31,55537.91
28140000,0900,9901.42,52231.22
28140000,0920,8581.880000000001,49142.04
28140000,0940,7270.62,47473.41
28140000,10,21997.17,136421.44
28140000,11,25615.37,146523.66999999998
28140000,12,32003.03,165733.94
28140000,13,28722.36,158315.43
28140000,14,26507.62,148850.81
28140000,15,27620.09,162781.2
28140000,16,31852.28,170272.6
28140000,1700,14252.7,63807.99
28140000,1720,14027.81,62282.59
28140000,1740,14293.43,58026.68
28140000,1800,20626.8,70756.1
28140000,1820,11898.02,48704.53
28140000,1840,10769.48,44095.37
28140000,1900,10478.44,42513.49
28140000,1920,9478.26,38718.69
28140000,1940,10068.86,38813.340000000004
28140000,20,28092.1,103120.76
28140000,21,24105.13,81046.72
28140000,22,14495.28,51390.03
28140000,23,2530.62,10328.15
28177000,00,40593.28,103032.11
28177000,01,80138.13,205070.89
28177000,02,61095.75,158210.76
28177000,03,45518.77,132381.27
28177000,04,44906.7,167674.47
28177000,05,64385.479999999996,285836.71
28177000,06,117851.85,515786.62
28177000,0700,64750.3,267345.18
28177000,0720,80466.35,332627.51
28177000,0740,95529.79,389912.41
28177000,0800,107029.24,440734.48
28177000,0820,102642.3,401688.52
28177000,0840,86818.37,312647.27
28177000,0900,75731.57,297169.05
28177000,0920,74168.07,292856.36
28177000,0940,71556.5,286602.01
28177000,10,220863.68,878907.17
28177000,11,256323.13999999998,966579.95
28177000,12,276131.1,1054911.08
28177000,13,264091.15,1057659.1099999999
28177000,14,269052.73,1076151.98
28177000,15,274490.59,1191431.29
28177000,16,332720.23,1290830.59
28177000,1700,142473.24,484437.7
28177000,1720,150148.22,479718.57
28177000,1740,147404.08,467772.9
28177000,1800,204478.18,566429.24
28177000,1820,126126.86,389775.64
28177000,1840,114590.56,359731.37
28177000,1900,117024.81,358349.7
28177000,1920,102732.63,321196.82
28177000,1940,103894.0,315370.26
28177000,20,301819.23,885083.99
28177000,21,256944.88,711669.59
28177000,22,168075.42,455039.6
28177000,23,31687.95,93077.08
28185000,00,36221.69,93595.1
28185000,01,71359.25,185091.69
28185000,02,49194.49,131900.73
28185000,03,36481.93,110730.07
28185000,04,41031.34,160101.28
28185000,05,88746.56999999999,373336.01
28185000,06,223157.09,743913.38
28185000,0700,122547.52,373239.27
28185000,0720,148009.71,456404.74
28185000,0740,163183.4,512509.75
28185000,0800,162897.66999999998,567073.94
28185000,0820,146929.4,495214.58999999997
28185000,0840,116677.02,360512.96
28185000,0900,108686.55,349186.19
28185000,0920,102707.57,350861.12
28185000,0940,94480.23,337152.61
28185000,10,279177.54,1028634.77
28185000,11,346071.04,1174111.02
28185000,12,383227.49,1319969.11
28185000,13,352487.73,1313842.64
28185000,14,342571.35,1304879.1300000001
28185000,15,350124.9,1426727.54
28185000,16,399012.86,1539389.29
28185000,1700,166947.67,574799.41
28185000,1720,171425.68,563424.39
28185000,1740,171019.48,557045.5
28185000,1800,222403.51,654979.29
28185000,1820,149300.33,478452.24
28185000,1840,132136.58,445834.08
28185000,1900,134221.15,432686.5
28185000,1920,120306.06999999999,389930.88
28185000,1940,117772.06,375213.6
28185000,20,331003.35,1029740.28
28185000,21,263144.57,801427.59
28185000,22,166287.84,494209.97
28185000,23,30381.9,94600.27
28200000,00,39252.48,107313.67
28200000,01,78270.66,211982.61
28200000,02,59349.06,167038.59
28200000,03,43412.28,137526.28
28200000,04,44726.98,187797.02
28200000,05,75796.89,379641.81
28200000,06,196855.83,889534.32
28200000,0700,111563.31,444740.13
28200000,0720,130845.94,520610.8
28200000,0740,141320.4,567169.17
28200000,0800,140180.76,617225.76
28200000,0820,117627.21,533477.99
28200000,0840,88132.76,387470.28
28200000,0900,82375.05,375232.87
28200000,0920,78130.45,370106.01
28200000,0940,73885.73,359674.64
28200000,10,221571.22999999998,1083260.88
28200000,11,249607.88,1181440.85
28200000,12,292789.54,1336364.9
28200000,13,290984.91,1345626.39
28200000,14,287651.13,1312390.65
28200000,15,305996.5,1428182.13
28200000,16,357783.08999999997,1531242.19
28200000,1700,157205.95,576840.84
28200000,1720,160082.83,556818.27
28200000,1740,156227.43,540363.22
28200000,1800,225677.49,664702.27
28200000,1820,136214.98,456222.72
28200000,1840,122593.76,421102.72
28200000,1900,126950.61,412708.24
28200000,1920,111090.05,370427.45
28200000,1940,109748.42,361226.25
28200000,20,321839.82,1001726.8
28200000,21,265716.03,792664.14
28200000,22,171926.99,500508.3
28200000,23,31597.41,98023.03
28237000,00,46100.35,111497.77
28237000,01,91037.72,227446.47
28237000,02,67653.47,169721.3
28237000,03,50985.8,142545.19
28237000,04,50404.03,185222.63
28237000,05,74805.49,328867.56
28237000,06,143602.54,631871.14
28237000,0700,76841.21,324558.25
28237000,0720,94792.37,394722.9
28237000,0740,109214.88,451557.39
28237000,0800,120247.67,515925.31
28237000,0820,108708.6,478092.06
28237000,0840,84204.49,350844.75
28237000,0900,80052.6,338580.6
28237000,0920,76002.03,327514.08
28237000,0940,72846.28,318285.97
28237000,10,223281.03,972576.3099999999
28237000,11,245910.57,1049034.21
28237000,12,279291.08,1170051.09
28237000,13,281841.57,1197887.59
28237000,14,289984.64,1232014.35
28237000,15,318127.42,1382706.04
28237000,16,382005.57,1490757.52
28237000,1700,171138.02,566924.44
28237000,1720,176643.41,551103.14
28237000,1740,173204.6,542969.33
28237000,1800,264113.91,706584.81
28237000,1820,160918.01,474010.16
28237000,1840,141675.03,429205.1
28237000,1900,146907.92,429598.77999999997
28237000,1920,124586.96,375788.31
28237000,1940,124211.57,370322.12
28237000,20,368452.77,1053105.02
28237000,21,312412.87,850198.37
28237000,22,201099.97,536448.3
28237000,23,36686.14,104188.24
28245000,00,23501.16,62819.39
28245000,01,45045.69,124163.93
28245000,02,32824.96,91221.82
28245000,03,24766.7,77345.45
28245000,04,26072.9,108461.1
28245000,05,38831.04,188545.22
28245000,06,75391.08,354300.22
28245000,0700,40772.28,184135.1
28245000,0720,52421.02,226296.22
28245000,0740,58900.24,261744.36
28245000,0800,58266.21,289582.92
28245000,0820,51584.18,262485.02999999997
28245000,0840,40445.07,198395.61000000002
28245000,0900,38536.11,193518.89
28245000,0920,37637.840000000004,195750.2
28245000,0940,35359.63,186959.51
28245000,10,109684.87,567414.95
28245000,11,123230.47,615543.28
28245000,12,140953.71,689715.35
28245000,13,141437.16,698384.81
28245000,14,141774.01,701987.38
28245000,15,156746.09,800232.63
28245000,16,188500.67,861718.21
28245000,1700,82926.83,322146.3
28245000,1720,87497.62,312362.14
28245000,1740,85815.93000000001,306634.72
28245000,1800,128025.36,387238.64
28245000,1820,77297.42,264184.74
28245000,1840,67028.87,238538.81
28245000,1900,70361.55,238958.93
28245000,1920,62134.35,210416.46
28245000,1940,61840.04,206586.29
28245000,20,181660.05,576675.61
28245000,21,156529.72,471195.78
28245000,22,100175.72,294136.58
28245000,23,17993.68,58288.08
28260000,00,58890.74,159014.16
28260000,01,116775.13,317762.0
28260000,02,87141.09,242309.31
28260000,03,66935.89,212417.25
28260000,04,71973.46,297764.27
28260000,05,129631.54,608163.79
28260000,06,289974.75,1282715.06
28260000,0700,148431.09,605182.16
28260000,0720,176171.46,690213.48
28260000,0740,184369.03,755495.99
28260000,0800,179118.85,828278.87
28260000,0820,153784.68,705207.21
28260000,0840,122147.92,491197.37
28260000,0900,117451.48,474615.93
28260000,0920,112332.08,476783.8
28260000,0940,103099.61,453891.77
28260000,10,306595.6,1343344.18
28260000,11,358144.93,1483336.22
28260000,12,414218.96,1703680.46
28260000,13,400769.94,1734896.88
28260000,14,401138.25,1751979.1
28260000,15,442232.63,2013494.62
28260000,16,528152.17,2185730.83
28260000,1700,223633.44,820821.79
28260000,1720,230873.88,801388.3
28260000,1740,222097.35,772029.95
28260000,1800,328451.18,964576.5700000001
28260000,1820,200824.69,668271.86
28260000,1840,179505.62,621443.03
28260000,1900,186818.29,617262.71
28260000,1920,164112.71,548597.7
28260000,1940,164057.16,533811.26
28260000,20,475899.45,1477137.98
28260000,21,399295.2,1190984.98
28260000,22,249642.82,748752.66
28260000,23,45351.2,143523.79
28710000,00,2682.82,10717.07
28710000,01,5345.73,21665.93
28710000,02,3856.27,16970.23
28710000,03,3010.41,15599.99
28710000,04,3876.05,27832.29
28710000,05,7412.83,59666.22
28710000,06,18213.63,130613.03
28710000,0700,10211.94,72178.7
28710000,0720,11763.07,74315.69
28710000,0740,13009.17,86879.34
28710000,0800,14886.64,101823.89
28710000,0820,14449.16,93240.27
28710000,0840,12160.23,84718.08
28710000,0900,11002.81,84982.29000000001
28710000,0920,11443.76,87138.05
28710000,0940,11576.28,85908.87
28710000,10,39458.02,263974.44
28710000,11,45170.98,286619.12
28710000,12,50915.44,328522.21
28710000,13,46922.99,306817.7
28710000,14,42788.14,270576.61
28710000,15,38877.38,245612.25
28710000,16,37298.19,236320.66
28710000,1700,14059.369999999999,82795.68
28710000,1720,14432.5,80000.64
28710000,1740,13108.41,74340.49
28710000,1800,17293.84,85224.91
28710000,1820,10756.69,59762.68
28710000,1840,9682.49,54665.66
28710000,1900,9327.87,52522.24
28710000,1920,8646.7,46006.81
28710000,1940,8023.6,42585.01
28710000,20,21941.07,105803.46
28710000,21,16400.48,75453.11
28710000,22,10084.92,43865.26
28710000,23,3002.06,16706.36
28720000,00,1259.35,3427.02
28720000,01,2851.84,7706.45
28720000,02,2417.52,6840.31
28720000,03,2757.86,8278.91
28720000,04,2847.95,10316.33
28720000,05,5070.07,19675.93
28720000,06,12933.88,47567.67
28720000,0700,4817.32,19139.25
28720000,0720,5082.59,18596.97
28720000,0740,5416.67,19409.91
28720000,0800,4911.39,24284.19
28720000,0820,5331.4,25601.17
28720000,0840,4704.22,21491.46
28720000,0900,3970.39,18459.77
28720000,0920,3854.62,17727.37
28720000,0940,4050.71,17735.63
28720000,10,13771.07,60039.38
28720000,11,16420.04,66096.38
28720000,12,17583.68,71649.24
28720000,13,15899.35,68745.36
28720000,14,15165.359999999999,63223.57
28720000,15,14052.25,57286.71
28720000,16,12444.3,52692.8
28720000,1700,4903.45,18357.0
28720000,1720,4697.98,16842.4
28720000,1740,5239.99,17110.83
28720000,1800,5448.15,18047.8
28720000,1820,3966.0099999999998,12844.33
28720000,1840,3763.71,11664.92
28720000,1900,3215.32,10930.66
28720000,1920,3199.12,10032.54
28720000,1940,3049.06,9439.67
28720000,20,7547.43,23220.84
28720000,21,5392.44,15912.99
28720000,22,3341.58,9927.47
28720000,23,1208.93,4363.93
29110000,00,12.649999999999999,41.41
29110000,01,28.0,82.77
29110000,02,12.75,100.94
29110000,03,30.009999999999998,242.25
29110000,04,161.78,639.24
29110000,05,577.5,1712.18
29110000,06,913.39,2552.94
29110000,0700,365.77,951.82
29110000,0720,367.0,976.41
29110000,0740,320.47,973.65
29110000,0800,430.32,978.5
29110000,0820,402.9,1027.59
29110000,0840,358.41,924.12
29110000,0900,416.37,964.97
29110000,0920,368.94,1004.43
29110000,0940,400.94,924.67
29110000,10,793.4,2262.52
29110000,11,800.69,1918.98
29110000,12,950.86,2479.5
29110000,13,960.53,2518.9
29110000,14,1142.49,3258.14
29110000,15,1170.29,3264.93
29110000,16,811.18,2014.93
29110000,1700,340.89,796.5799999999999
29110000,1720,343.68,764.62
29110000,1740,253.72,583.8
29110000,1800,332.29,878.46
29110000,1820,257.95,656.1700000000001
29110000,1840,198.4,513.85
29110000,1900,218.36,525.31
29110000,1920,218.0,451.31
29110000,1940,92.08,228.93
29110000,20,128.13,300.81
29110000,21,5.1899999999999995,28.61
29110000,22,0.0,6.470000000000001
29140000,00,111.72,308.42
29140000,01,180.95999999999998,597.29
29140000,02,127.59,661.86
29140000,03,125.39,552.97
29140000,04,398.46,1271.03
29140000,05,1081.65,3771.82
29140000,06,1979.45,6075.2699999999995
29140000,0700,790.99,2512.98
29140000,0720,807.08,2448.54
29140000,0740,872.3199999999999,2596.18
29140000,0800,1006.06,2919.55
29140000,0820,1024.09,2850.05
29140000,0840,774.2,2380.02
29140000,0900,858.92,2687.16
29140000,0920,952.86,2746.12
29140000,0940,876.63,2348.35
29140000,10,2146.94,6041.96
29140000,11,2041.85,5814.62
29140000,12,2448.78,7229.34
29140000,13,2612.36,7748.76
29140000,14,3334.46,9755.22
29140000,15,3314.27,9695.44
29140000,16,2340.17,6773.36
29140000,1700,946.07,2562.67
29140000,1720,830.88,2311.61
29140000,1740,664.29,1820.55
29140000,1800,991.8100000000001,2604.93
29140000,1820,685.66,1803.01
29140000,1840,675.62,1651.07
29140000,1900,591.32,1669.17
29140000,1920,579.84,1431.87
29140000,1940,385.6,1055.11
29140000,20,445.25,1021.8100000000001
29140000,21,88.44,200.84
29140000,23,0.0,3.73
29155000,00,33.94,90.81
29155000,01,40.99,147.87
29155000,02,19.52,103.88
29155000,03,41.33,180.2
29155000,04,147.74,530.15
29155000,05,351.79,1126.92
29155000,06,339.53000000000003,1470.23
29155000,0700,168.83,538.56
29155000,0720,162.09,599.9300000000001
29155000,0740,147.52,605.38
29155000,0800,217.88,623.24
29155000,0820,190.55,694.76
29155000,0840,178.84,582.99
29155000,0900,165.61,608.1
29155000,0920,188.56,630.28
29155000,0940,150.65,568.36
29155000,10,460.98,1763.45
29155000,11,515.98,1888.08
29155000,12,776.51,2521.2400000000002
29155000,13,696.71,2918.05
29155000,14,1158.54,3892.84
29155000,15,1279.39,4620.67
29155000,16,1032.29,3208.08
29155000,1700,367.68,1233.87
29155000,1720,420.97,1128.44
29155000,1740,309.1,931.23
29155000,1800,448.15,1257.76
29155000,1820,271.0,897.64
29155000,1840,269.61,858.0
29155000,1900,242.21,721.26
29155000,1920,245.79,736.48
29155000,1940,151.16,548.93
29155000,20,116.46,448.12
29155000,21,16.44,85.48
29155000,22,0.0,26.62
29155000,23,0.0,4.17
29170000,00,114.39,254.87
29170000,01,121.22,343.92
29170000,02,97.75,424.88
29170000,03,158.88,778.78
29170000,04,437.22,1366.41
29170000,05,877.75,3326.89
29170000,06,1445.78,4928.47
29170000,0700,513.67,1747.18
29170000,0720,465.13,1634.59
29170000,0740,521.49,1787.36
29170000,0800,629.28,2062.41
29170000,0820,496.73,1853.02
29170000,0840,520.14,1737.55
29170000,0900,547.35,1876.23
29170000,0920,570.16,1903.75
29170000,0940,470.59999999999997,1520.91
29170000,10,1426.01,4711.35
29170000,11,1441.1,4408.74
29170000,12,1933.08,6473.45
29170000,13,2241.52,7680.96
29170000,14,2940.48,9172.36
29170000,15,3069.21,9526.85
29170000,16,2271.27,7044.63
29170000,1700,988.28,2656.78
29170000,1720,777.2,2120.28
29170000,1740,726.04,1885.1200000000001
29170000,1800,1056.28,2570.55
29170000,1820,840.3,2088.91
29170000,1840,624.24,1495.6299999999999
29170000,1900,680.23,1686.37
29170000,1920,533.4300000000001,1340.2
29170000,1940,327.94,956.48
29170000,20,338.61,798.0600000000001
29170000,21,15.809999999999999,90.53999999999999
29170000,22,4.2,35.78
29170000,23,0.0,2.82
29200000,00,108.1,395.08
29200000,01,166.54,886.9
29200000,02,140.9,902.11
29200000,03,157.85,1031.66
29200000,04,476.31,1794.71
29200000,05,1474.64,4662.47
29200000,06,2029.49,6783.59
29200000,0700,981.88,2694.35
29200000,0720,951.52,2746.78
29200000,0740,1172.53,3436.95
29200000,0800,1050.12,3220.28
29200000,0820,1267.15,3566.76
29200000,0840,1002.79,3054.02
29200000,0900,1139.29,3404.4
29200000,0920,1153.68,3670.71
29200000,0940,1110.3700000000001,3254.6
29200000,10,2445.71,8086.38
29200000,11,2119.66,6588.95
29200000,12,2774.42,8501.57
29200000,13,3163.99,9597.37
29200000,14,3865.82,11786.34
29200000,15,4306.86,12952.94
29200000,16,2959.56,8739.82
29200000,1700,1084.92,3143.11
29200000,1720,1018.67,2857.37
29200000,1740,782.54,2075.08
29200000,1800,1271.34,3063.18
29200000,1820,916.38,2365.35
29200000,1840,720.19,1926.6
29200000,1900,812.0,1912.92
29200000,1920,745.21,1711.59
29200000,1940,508.96,1198.54
29200000,20,678.21,1455.01
29200000,21,193.97,471.03
29200000,22,2.74,6.1
29200000,23,0.0,3.24
30110000,00,132.47,388.46999999999997
30110000,01,196.87,748.52
30110000,02,180.10999999999999,733.94
30110000,03,196.28,894.52
30110000,04,512.19,1985.77
30110000,05,2221.92,6980.82
30110000,06,4956.99,13727.46
30110000,0700,2064.63,5562.94
30110000,0720,1622.33,4968.57
30110000,0740,1714.74,4901.81
30110000,0800,2000.05,5431.91
30110000,0820,2010.74,5347.42
30110000,0840,2159.46,5494.84
30110000,0900,2627.86,6299.09
30110000,0920,2240.7200000000003,5753.03
30110000,0940,2208.87,5562.83
30110000,10,5420.15,13571.4
30110000,11,4193.03,10890.81
30110000,12,4629.66,12559.16
30110000,13,4220.39,12982.02
30110000,14,4503.03,13671.8
30110000,15,5011.39,14680.26
30110000,16,4816.25,13832.21
30110000,1700,1880.19,4452.91
30110000,1720,1576.78,4157.63
30110000,1740,1578.6399999999999,3671.7999999999997
30110000,1800,1657.1100000000001,3776.56
30110000,1820,1288.22,3091.02
30110000,1840,1168.77,2994.41
30110000,1900,1398.86,3125.0299999999997
30110000,1920,1311.83,2926.99
30110000,1940,1177.61,2523.46
30110000,20,2677.77,6121.11
30110000,21,1090.0,2327.44
30110000,22,66.66,158.76
30140000,00,73.03999999999999,206.85
30140000,01,153.39000000000001,404.39
30140000,02,141.34,439.02
30140000,03,267.24,923.48
30140000,04,921.68,2570.9900000000002
30140000,05,2654.77,6433.94
30140000,06,4969.52,11711.2
30140000,0700,2174.06,5161.72
30140000,0720,2408.65,5138.53
30140000,0740,2813.58,5657.09
30140000,0800,3389.69,6660.03
30140000,0820,3529.97,6920.45
30140000,0840,3824.06,7435.95
30140000,0900,4324.01,8081.23
30140000,0920,3830.19,7201.47
30140000,0940,3648.53,6700.42
30140000,10,7733.83,14982.6
30140000,11,6362.01,12443.25
30140000,12,6348.68,13500.93
30140000,13,6190.72,14430.17
30140000,14,5758.6,14725.31
30140000,15,5328.21,15186.23
30140000,16,6012.14,15392.23
30140000,1700,2239.21,5130.95
30140000,1720,1971.4,4449.15
30140000,1740,1503.21,3358.63
30140000,1800,1857.01,4033.23
30140000,1820,1506.22,3270.16
30140000,1840,1310.48,2863.82
30140000,1900,1351.18,3060.44
30140000,1920,1109.52,2622.74
30140000,1940,1149.29,2517.59
30140000,20,2947.09,6215.52
30140000,21,985.86,1947.41
30140000,22,65.63,141.53
30140000,23,5.9,9.81
30170000,00,198.26,418.17
30170000,01,251.89,678.38
30170000,02,226.35,727.38
30170000,03,528.3,1553.63
30170000,04,1133.11,3628.0
30170000,05,3505.16,10525.42
30170000,06,5203.7,16932.87
30170000,0700,2453.04,6920.89
30170000,0720,2362.18,6488.72
30170000,0740,2060.27,6614.78
30170000,0800,2802.47,7866.57
30170000,0820,2815.72,7255.23
30170000,0840,3014.98,7922.79
30170000,0900,3399.81,8679.86
30170000,0920,3037.87,7656.89
30170000,0940,2885.6,7122.05
30170000,10,7022.94,18192.86
30170000,11,6850.84,16747.86
30170000,12,8228.8,20814.170000000002
30170000,13,8846.289999999999,24088.46
30170000,14,9523.24,26689.67
30170000,15,9972.35,27717.82
30170000,16,10876.73,28562.56
30170000,1700,3605.49,8832.99
30170000,1720,3216.67,7760.13
30170000,1740,2763.5,6500.05
30170000,1800,3293.26,7454.78
30170000,1820,2908.68,6290.82
30170000,1840,2807.04,6092.4
30170000,1900,3055.6,6718.18
30170000,1920,2934.95,6258.33
30170000,1940,2493.15,5312.84
30170000,20,5705.04,12325.7
30170000,21,1656.79,3545.39
30170000,22,79.45,191.57
30170000,23,0.0,7.76
30200000,00,148.85,682.81
30200000,01,331.77,1224.25
30200000,02,240.03,1146.35
30200000,03,333.97,1809.29
30200000,04,1429.86,5225.26
30200000,05,4312.21,13944.07
30200000,06,8297.24,23607.72
30200000,0700,3354.18,9917.72
30200000,0720,3439.93,9837.1
30200000,0740,3608.35,10235.97
30200000,0800,4091.58,11556.89
30200000,0820,3936.29,11220.61
30200000,0840,4147.9800000000005,11763.29
30200000,0900,4466.13,12950.36
30200000,0920,4068.35,11368.61
30200000,0940,3805.7599999999998,10380.37
30200000,10,9755.75,26131.79
30200000,11,8081.97,21091.92
30200000,12,9898.69,24974.23
30200000,13,10506.09,27725.54
30200000,14,11126.77,29770.1
30200000,15,11224.59,30246.47
30200000,16,11007.75,28809.69
30200000,1700,3643.63,9156.85
30200000,1720,3099.4,7792.68
30200000,1740,2939.88,7031.66
30200000,1800,3302.94,7414.04
30200000,1820,2669.78,6330.08
30200000,1840,2825.9,6604.5
30200000,1900,3134.25,7168.95
30200000,1920,2937.26,6487.21
30200000,1940,2687.06,6394.91
30200000,20,5853.3,13519.86
30200000,21,1512.12,3589.69
30200000,22,125.63,233.73
30200000,23,8.57,17.57
30230000,00,153.65,889.24
30230000,01,240.01000000000002,1542.21
30230000,02,143.85,1123.49
30230000,03,170.74,1471.61
30230000,04,429.67,2557.14
30230000,05,1032.45,5192.4
30230000,06,1735.47,6716.81
30230000,0700,668.65,2470.4
30230000,0720,577.0,2425.33
30230000,0740,580.82,2438.18
30230000,0800,731.1,2857.23
30230000,0820,642.1800000000001,2781.86
30230000,0840,678.25,2773.13
30230000,0900,737.34,3010.07
30230000,0920,720.84,2942.31
30230000,0940,581.26,2562.68
30230000,10,1694.94,6666.51
30230000,11,1531.03,5893.99
30230000,12,2028.8600000000001,7323.51
30230000,13,2285.94,8657.29
30230000,14,2770.31,9865.62
30230000,15,2821.59,9507.9
30230000,16,3024.37,9794.17
30230000,1700,1117.78,3180.62
30230000,1720,1052.92,2831.64
30230000,1740,888.41,2426.69
30230000,1800,932.56,2352.17
30230000,1820,789.36,2215.25
30230000,1840,867.28,2361.89
30230000,1900,870.53,2110.82
30230000,1920,808.1899999999999,2164.87
30230000,1940,712.37,1845.77
30230000,20,1876.11,4574.23
30230000,21,641.71,1650.86
30230000,22,62.21,114.63000000000001
30230000,23,6.97,10.77
31110000,00,2.05,21.1
31110000,01,8.04,55.53
31110000,02,13.49,51.17
31110000,03,31.55,102.56
31110000,04,125.36,415.87
31110000,05,339.25,1167.33
31110000,06,462.03,1335.92
31110000,0700,151.85999999999999,473.2
31110000,0720,192.59,489.64
31110000,0740,113.94,332.49
31110000,0800,226.3,535.0600000000001
31110000,0820,131.04,351.6
31110000,0840,100.55,301.17
31110000,0900,200.59,416.43
31110000,0920,139.52,381.39
31110000,0940,135.39999999999998,376.63
31110000,10,418.7,1166.84
31110000,11,415.15,1215.72
31110000,12,756.45,2020.57
31110000,13,829.28,2380.3
31110000,14,849.96,2414.24
31110000,15,910.69,2522.46
31110000,16,735.54,2283.4
31110000,1700,257.4,714.48
31110000,1720,209.68,720.55
31110000,1740,200.41,699.99
31110000,1800,297.28,670.03
31110000,1820,289.32,742.5
31110000,1840,230.39,611.47
31110000,1900,219.46,509.02
31110000,1920,104.13,274.96
31110000,1940,75.22,199.8
31110000,20,87.04,218.01
31110000,21,0.0,3.78
31140000,00,20.73,102.42999999999999
31140000,01,26.45,210.12
31140000,02,67.64999999999999,255.85999999999999
31140000,03,110.05,344.26
31140000,04,378.88,1112.12
31140000,05,951.89,2903.85
31140000,06,1283.74,3746.6800000000003
31140000,0700,511.09000000000003,1289.35
31140000,0720,473.13,1205.42
31140000,0740,305.24,913.13
31140000,0800,461.71,1367.17
31140000,0820,354.78,1217.54
31140000,0840,405.71,1120.8
31140000,0900,433.18,1108.77
31140000,0920,364.55,1322.1
31140000,0940,366.12,1050.91
31140000,10,1000.39,2948.26
31140000,11,1135.0,3067.15
31140000,12,1926.05,4636.98
31140000,13,2141.1,5440.77
31140000,14,1969.19,5307.88
31140000,15,1948.3700000000001,5289.37
31140000,16,1833.77,4596.07
31140000,1700,587.37,1504.44
31140000,1720,550.64,1513.15
31140000,1740,542.63,1262.79
31140000,1800,506.99,1265.21
31140000,1820,581.44,1495.38
31140000,1840,474.73,1239.56
31140000,1900,445.27,919.46
31140000,1920,311.96999999999997,661.87
31140000,1940,127.39,352.16
31140000,20,269.16,580.84
31140000,21,16.69,41.910000000000004
31140000,22,7.270000000000001,17.76
31140000,23,5.42,5.42
31170000,00,10.799999999999999,34.32
31170000,01,21.19,55.79
31170000,02,24.47,80.85
31170000,03,30.73,127.96
31170000,04,100.87,382.52
31170000,05,295.2,930.68
31170000,06,391.66,1278.58
31170000,0700,194.85999999999999,531.47
31170000,0720,215.10000000000002,454.23
31170000,0740,167.42000000000002,355.06
31170000,0800,138.28,349.76
31170000,0820,72.0,275.55
31170000,0840,50.25,240.54
31170000,0900,82.3,319.0
31170000,0920,95.17,267.54
31170000,0940,84.38,302.28999999999996
31170000,10,252.03,752.13
31170000,11,302.64,871.45
31170000,12,553.73,1349.8
31170000,13,534.39,1496.42
31170000,14,534.37,1487.8
31170000,15,477.87,1393.45
31170000,16,512.12,1373.98
31170000,1700,126.33,381.83
31170000,1720,106.9,420.69
31170000,1740,152.25,350.45
31170000,1800,269.84,483.63
31170000,1820,223.82,489.16
31170000,1840,165.35999999999999,412.04
31170000,1900,131.61,271.02
31170000,1920,40.57,116.94
31170000,1940,33.11,79.73
31170000,20,58.55,113.66
31170000,21,13.7,22.16
31170000,22,2.75,5.27
31170000,23,2.75,10.31
31200000,00,3.02,76.18
31200000,01,22.07,192.37
31200000,02,31.93,220.9
31200000,03,81.08,217.95
31200000,04,271.09000000000003,692.34
31200000,05,653.22,1617.51
31200000,06,795.57,2120.0
31200000,0700,229.38,644.41
31200000,0720,256.03,723.83
31200000,0740,245.65,598.79
31200000,0800,215.9,578.71
31200000,0820,156.36,540.09
31200000,0840,170.72,477.34
31200000,0900,132.03,417.37
31200000,0920,169.31,554.9
31200000,0940,158.09,465.40999999999997
31200000,10,340.15,1132.65
31200000,11,496.23,1447.28
31200000,12,893.83,2199.84
31200000,13,890.2,2440.33
31200000,14,736.02,2339.0099999999998
31200000,15,827.11,2320.8
31200000,16,679.36,1989.44
31200000,1700,288.69,737.69
31200000,1720,220.62,574.06
31200000,1740,245.09,584.51
31200000,1800,228.85,592.01
31200000,1820,273.04,660.22
31200000,1840,277.12,659.8000000000001
31200000,1900,155.92,375.48
31200000,1920,93.2,201.23
31200000,1940,62.44,126.13
31200000,20,74.95,141.51
31200000,21,3.6100000000000003,3.6100000000000003
31200000,22,8.02,8.02
31200000,23,9.3,9.3
31710000,00,19.56,87.77
31710000,01,45.14,236.74
31710000,02,68.09,437.59
31710000,03,82.92,437.32
31710000,04,369.89,1353.57
31710000,05,968.02,3398.13
31710000,06,1253.6399999999999,4028.34
31710000,0700,503.38,1639.0
31710000,0720,431.65,1335.87
31710000,0740,270.46,1090.41
31710000,0800,398.17,1573.33
31710000,0820,293.55,1277.25
31710000,0840,316.77,1246.04
31710000,0900,396.47,1367.16
31710000,0920,411.19,1370.28
31710000,0940,327.45,1139.77
31710000,10,790.48,2910.93
31710000,11,708.87,2392.01
31710000,12,1041.05,3266.7799999999997
31710000,13,1042.09,3782.21
31710000,14,1265.69,4116.88
31710000,15,1178.69,4276.62
31710000,16,1157.44,3625.79
31710000,1700,405.44,1072.69
31710000,1720,249.4,921.99
31710000,1740,306.25,835.4300000000001
31710000,1800,315.04,818.47
31710000,1820,273.21,752.42
31710000,1840,300.78,775.05
31710000,1900,297.29,730.74
31710000,1920,224.94,537.1
31710000,1940,137.45,270.77
31710000,20,198.7,445.31
31710000,21,18.46,82.67999999999999
31710000,22,4.4,11.42
36110000,00,183.85,701.3
36110000,01,356.71999999999997,1307.94
36110000,02,256.48,1421.68
36110000,03,399.8,2582.69
36110000,04,1705.1399999999999,8392.68
36110000,05,5142.49,22090.69
36110000,06,9434.05,34079.77
36110000,0700,3457.59,11339.12
36110000,0720,3588.8,10869.45
36110000,0740,3234.96,10807.53
36110000,0800,3201.91,11383.85
36110000,0820,3169.21,11261.16
36110000,0840,3253.51,11649.46
36110000,0900,3744.96,12728.91
36110000,0920,3640.74,12315.1
36110000,0940,3507.85,11874.2
36110000,10,8164.58,29065.55
36110000,11,7589.56,24644.079999999998
36110000,12,9225.75,30583.73
36110000,13,10574.99,34475.83
36110000,14,11388.92,37008.29
36110000,15,12087.81,39501.24
36110000,16,12795.71,40723.89
36110000,1700,4654.19,14198.51
36110000,1720,4250.47,13634.32
36110000,1740,3901.5,11445.6
36110000,1800,4575.81,13626.39
36110000,1820,3673.17,10472.77
36110000,1840,3262.82,9392.26
36110000,1900,3357.58,9593.68
36110000,1920,3534.74,9269.78
36110000,1940,2870.9,8217.02
36110000,20,7139.44,19304.2
36110000,21,2416.37,6669.24
36110000,22,214.18,447.48
36110000,23,3.32,5.699999999999999
41111000,00,25613.55,62541.26
41111000,01,45684.83,112919.03
41111000,02,31294.190000000002,79851.53
41111000,03,23192.93,67310.37
41111000,04,22595.579999999998,90710.72
41111000,05,37028.38,166792.4
41111000,06,76084.29,325715.11
41111000,0700,42702.23,173408.53
41111000,0720,54396.32,210980.44
41111000,0740,64612.22,241214.34
41111000,0800,71873.08,279191.17
41111000,0820,73730.9,303764.14
41111000,0840,63264.88,232388.61
41111000,0900,56597.51,208398.3
41111000,0920,57445.38,211124.7
41111000,0940,57396.36,209278.6
41111000,10,174695.95,633461.18
41111000,11,211760.71,709560.8200000001
41111000,12,232440.2,795164.58
41111000,13,219305.4,791411.61
41111000,14,211731.88999999998,783145.46
41111000,15,218520.28,860561.22
41111000,16,263156.64,965170.52
41111000,1700,108298.47,349134.65
41111000,1720,107304.28,335921.58999999997
41111000,1740,107889.18,333531.21
41111000,1800,144542.75,402186.24
41111000,1820,94005.45,284996.96
41111000,1840,87488.38,267382.51
41111000,1900,91045.14,266992.84
41111000,1920,77647.45999999999,234699.44
41111000,1940,77807.53,226795.31
41111000,20,217726.68,613875.28
41111000,21,187652.74,513786.46
41111000,22,117892.11,315371.15
41111000,23,21482.66,60111.54
41113000,00,34328.54,80546.34
41113000,01,64929.92,153974.6
41113000,02,46161.229999999996,113379.27
41113000,03,33796.67,93703.78
41113000,04,34308.63,130568.84
41113000,05,55276.46,232938.34
41113000,06,119529.98999999999,483999.46
41113000,0700,69209.0,251553.85
41113000,0720,89776.56,295916.05
41113000,0740,100002.65,328410.98
41113000,0800,103060.26,377422.73
41113000,0820,93087.06,397188.17
41113000,0840,74964.58,294071.8
41113000,0900,67672.44,263984.45
41113000,0920,68191.24,263753.89
41113000,0940,63241.82,256134.78
41113000,10,194984.85,781620.59
41113000,11,227043.63999999998,869614.76
41113000,12,264970.1,998498.11
41113000,13,256133.32,999468.2
41113000,14,256044.47,1000225.61
41113000,15,282287.69,1117164.8
41113000,16,345364.16,1251754.62
41113000,1700,153675.74,475918.67
41113000,1720,148206.95,449569.55
41113000,1740,139532.92,428298.91
41113000,1800,198544.19,526230.71
41113000,1820,124093.83,366532.4
41113000,1840,113292.39,339919.46
41113000,1900,117755.2,344873.36
41113000,1920,104593.95,304660.55
41113000,1940,104356.25,296436.11
41113000,20,301401.47000000003,818550.5
41113000,21,242720.01,661709.41
41113000,22,155727.16,404603.16
41113000,23,26914.46,76023.3
41115000,00,26423.65,51726.4
41115000,01,48747.14,98723.22
41115000,02,34709.89,72532.51
41115000,03,24739.64,59732.99
41115000,04,23772.15,81066.01
41115000,05,35931.51,149114.79
41115000,06,76624.59,323187.2
41115000,0700,45085.34,181984.55
41115000,0720,56103.64,224896.31
41115000,0740,66204.52,262175.6
41115000,0800,71781.67,285255.48
41115000,0820,70310.74,285846.06
41115000,0840,61373.13,232634.78
41115000,0900,60088.69,218025.51
41115000,0920,59056.03,216652.17
41115000,0940,56521.45,210424.87
41115000,10,183016.3,654461.34
41115000,11,216535.07,705198.09
41115000,12,242648.30000000002,773148.31
41115000,13,237560.54,759460.98
41115000,14,230369.78,722116.68
41115000,15,237695.57,756476.8200000001
41115000,16,282190.57,831025.61
41115000,1700,122579.1,311212.36
41115000,1720,115655.83,290017.55
41115000,1740,116045.84,282436.38
41115000,1800,156377.78,341999.93
41115000,1820,104549.49,245021.86000000002
41115000,1840,93608.33,222328.76
41115000,1900,95305.92,219875.99
41115000,1920,83086.89,193609.19
41115000,1940,80783.14,184530.49
41115000,20,228368.56,512775.79
41115000,21,185730.28,409110.26
41115000,22,116398.23,250227.9
41115000,23,21026.29,47570.61
41117000,00,39709.54,88785.99
41117000,01,77033.06,174999.22
41117000,02,53113.86,125373.53
41117000,03,38230.12,98653.37
41117000,04,39468.65,134523.36
41117000,05,83702.6,311644.51
41117000,06,250547.77,810910.61
41117000,0700,141421.67,415713.93
41117000,0720,158403.2,455643.22
41117000,0740,165745.44,490221.22
41117000,0800,168533.46,525627.53
41117000,0820,163377.69,553274.1900000001
41117000,0840,136747.96,413450.81
41117000,0900,116335.67,346781.22
41117000,0920,108614.29,335005.37
41117000,0940,99599.95999999999,318567.81
41117000,10,288027.2,922052.62
41117000,11,361643.53,1066362.92
41117000,12,390879.21,1184375.17
41117000,13,362456.69,1164940.92
41117000,14,342414.41,1133264.22
41117000,15,351377.17,1232697.28
41117000,16,437703.4,1412324.91
41117000,1700,198535.08,541574.57
41117000,1720,193990.2,516109.29000000004
41117000,1740,194653.97,517772.16
41117000,1800,247880.02,607047.43
41117000,1820,171624.91,449438.73
41117000,1840,160525.44,425235.24
41117000,1900,156037.49,407791.46
41117000,1920,138942.2,368375.59
41117000,1940,137081.3,358199.14
41117000,20,382742.63,967994.97
41117000,21,316986.61,811826.21
41117000,22,200753.78,505966.72
41117000,23,36440.0,94197.31
41131000,00,22467.49,54397.3
41131000,01,41507.9,102765.1
41131000,02,30971.58,82125.49
41131000,03,21906.52,67218.09
41131000,04,23720.48,96686.4
41131000,05,56677.39,221704.81
41131000,06,152643.3,470551.02
41131000,0700,80615.24,229713.63
41131000,0720,92455.38,258239.94
41131000,0740,100070.47,282773.98
41131000,0800,107058.90000000001,308717.0
41131000,0820,94016.68000000001,310665.44
41131000,0840,79100.12,246779.0
41131000,0900,70659.81,226347.05
41131000,0920,62672.07,216740.35
41131000,0940,55722.29,204233.81
41131000,10,155821.63,606665.43
41131000,11,193300.95,681852.37
41131000,12,216067.22,768051.22
41131000,13,188418.29,732598.84
41131000,14,175733.51,714062.07
41131000,15,178363.75,755693.06
41131000,16,212465.81,831101.1
41131000,1700,93716.59,306506.9
41131000,1720,94597.99,298558.21
41131000,1740,96757.4,301835.09
41131000,1800,139717.13999999998,370823.96
41131000,1820,89957.69,263568.2
41131000,1840,80503.16,242848.63
41131000,1900,82946.6,241527.09
41131000,1920,70543.02,207149.28
41131000,1940,69284.35,201874.55
41131000,20,202246.99,557261.64
41131000,21,170382.47,450622.06
41131000,22,106472.18,271607.64
41131000,23,18290.32,49932.909999999996
41133000,00,17349.920000000002,42507.98
41133000,01,32888.0,82102.67
41133000,02,23864.29,63400.7
41133000,03,16850.84,51842.65
41133000,04,18404.45,78718.33
41133000,05,32797.96,152450.95
41133000,06,79899.16,329277.72000000003
41133000,0700,48884.21,176975.87
41133000,0720,60555.71,210669.6
41133000,0740,63293.24,231524.44
41133000,0800,67031.76,242268.93
41133000,0820,62155.380000000005,241090.49
41133000,0840,45588.88,180352.77
41133000,0900,35963.73,159367.99
41133000,0920,34027.06,154561.67
41133000,0940,28980.59,140207.59
41133000,10,81645.61,413668.8
41133000,11,95608.89,443946.72
41133000,12,113924.53,503480.93
41133000,13,109908.81,501523.13
41133000,14,109448.97,509953.77999999997
41133000,15,124099.5,573194.04
41133000,16,154745.13999999998,633040.56
41133000,1700,74924.75,243723.31
41133000,1720,74917.01,237551.0
41133000,1740,73673.53,231752.84
41133000,1800,114237.53,301359.94
41133000,1820,69746.99,203004.87
41133000,1840,61932.009999999995,186930.17
41133000,1900,64293.86,185796.92
41133000,1920,53296.65,158682.96
41133000,1940,52797.020000000004,156301.24
41133000,20,155772.33000000002,434035.88
41133000,21,130102.39,350560.68
41133000,22,80337.31,209477.31
41133000,23,14053.78,39384.1
41135000,00,38457.03,100570.29000000001
41135000,01,75303.32,200624.22
41135000,02,52387.7,147436.99
41135000,03,38108.76,121036.97
41135000,04,43295.96,186337.69
41135000,05,130163.34,522801.38
41135000,06,434834.57,1351053.1
41135000,0700,241444.94,701903.67
41135000,0720,277020.06,794064.89
41135000,0740,288054.52,834133.1900000001
41135000,0800,291091.47,881860.39
41135000,0820,275820.46,906240.34
41135000,0840,241717.04,738042.61
41135000,0900,221806.73,678410.01
41135000,0920,188696.91,627814.9
41135000,0940,153341.7,559622.58
41135000,10,404586.13,1607031.11
41135000,11,483976.16000000003,1763974.97
41135000,12,565456.77,2006822.83
41135000,13,497600.78,1929904.88
41135000,14,427161.51,1773478.9
41135000,15,433760.89,1854209.06
41135000,16,505054.33999999997,2026171.32
41135000,1700,227035.23,765172.53
41135000,1720,222279.02,733678.49
41135000,1740,223822.9,720088.77
41135000,1800,303986.81,856691.69
41135000,1820,211022.96,650020.29
41135000,1840,188566.61,592492.77
41135000,1900,192925.65,577744.97
41135000,1920,160721.94,500459.31
41135000,1940,153311.58000000002,477647.02999999997
41135000,20,420467.01,1265714.15
41135000,21,351667.32,1084455.56
41135000,22,214653.29,659281.05
41135000,23,32908.17,104350.4
41150000,00,42805.04,119859.94
41150000,01,93483.66,275596.37
41150000,02,69057.81,204377.71
41150000,03,54601.11,172672.31
41150000,04,56440.98,218381.41999999998
41150000,05,76270.5,329625.43
41150000,06,131904.49,567611.53
41150000,0700,67832.3,281600.31
41150000,0720,84293.06,347177.38
41150000,0740,102587.77,420918.07
41150000,0800,116843.89,489814.66000000003
41150000,0820,107762.71,502590.86
41150000,0840,85757.44,382465.47
41150000,0900,82582.92,347063.46
41150000,0920,81511.53,346644.54
41150000,0940,74003.16,335820.21
41150000,10,225872.24,1016628.45
41150000,11,252567.91,1089838.92
41150000,12,287230.63,1228111.34
41150000,13,287098.0,1267393.03
41150000,14,288743.82,1283303.61
41150000,15,310560.05,1382580.9
41150000,16,367885.08,1535734.74
41150000,1700,151441.41,564078.87
41150000,1720,152210.88,533806.12
41150000,1740,151857.63,537460.4
41150000,1800,221192.62,668333.6
41150000,1820,139364.65,461385.84
41150000,1840,124001.07,416978.63
41150000,1900,127866.90000000001,419848.34
41150000,1920,109541.15,366660.96
41150000,1940,109813.59,355428.41000000003
41150000,20,320696.16,990876.42
41150000,21,269113.41,817435.85
41150000,22,176527.69,544046.95
41150000,23,32575.809999999998,112954.28
41171000,00,19376.42,48462.51
41171000,01,37326.92,96373.5
41171000,02,26919.48,72042.57
41171000,03,20769.54,62296.63
41171000,04,20096.19,84112.38
41171000,05,35282.55,167669.73
41171000,06,75002.17,339421.04
41171000,0700,43747.82,181542.38
41171000,0720,55067.28,209633.77
41171000,0740,61525.520000000004,225632.62
41171000,0800,62143.03,246550.13
41171000,0820,55215.64,245818.32
41171000,0840,42788.55,187717.16
41171000,0900,38935.23,175461.66
41171000,0920,37608.57,169077.56
41171000,0940,35485.01,164068.03
41171000,10,108789.85,502820.05
41171000,11,120656.42,545426.23
41171000,12,137949.08,607370.0
41171000,13,136994.84,617532.43
41171000,14,136422.45,614776.13
41171000,15,149841.5,670238.65
41171000,16,183346.22,749884.77
41171000,1700,81975.6,281111.83999999997
41171000,1720,84197.89,271240.16000000003
41171000,1740,82444.67,268075.45
41171000,1800,125865.68,349752.86
41171000,1820,75147.66,233158.6
41171000,1840,66671.02,210003.32
41171000,1900,67698.12,211611.06
41171000,1920,60355.03,187635.84
41171000,1940,59604.78,182165.05
41171000,20,175542.95,509273.69
41171000,21,149090.11,411455.83999999997
41171000,22,91871.01,253154.16
41171000,23,15106.05,45844.05
41173000,00,28836.26,70899.99
41173000,01,56360.93,138321.95
41173000,02,38738.48,98577.48
41173000,03,28417.83,83111.78
41173000,04,29437.91,116048.04000000001
41173000,05,60268.01,265539.41
41173000,06,173282.08,635208.83
41173000,0700,102263.71,339822.73
41173000,0720,127492.13,407001.16
41173000,0740,139575.95,442745.43
41173000,0800,141130.97,485732.47
41173000,0820,125743.29,497775.98
41173000,0840,94478.09,371875.12
41173000,0900,82874.32,316359.19
41173000,0920,77629.61,307290.18
41173000,0940,69838.91,286336.24
41173000,10,206451.66,848600.26
41173000,11,240631.07,910965.36
41173000,12,282623.15,1054454.2
41173000,13,265733.27,1061567.3
41173000,14,262834.81,1050895.29
41173000,15,280618.86,1164307.01
41173000,16,334497.3,1306538.02
41173000,1700,152986.78,500052.77
41173000,1720,154271.13,475767.94
41173000,1740,147998.47,469019.78
41173000,1800,221124.03,599271.34
41173000,1820,134270.21,410212.73
41173000,1840,116788.65,373058.19
41173000,1900,122379.36,366234.97
41173000,1920,104696.04,318847.15
41173000,1940,101134.97,306711.45
41173000,20,287641.37,839307.53
41173000,21,242333.48,702512.53
41173000,22,148991.4,427015.78
41173000,23,25226.84,73886.94
41192000,00,38841.94,96512.76
41192000,01,74862.06999999999,191119.96
41192000,02,54039.42,140578.28
41192000,03,40407.89,117100.58
41192000,04,39144.96,149349.9
41192000,05,60710.51,268440.97
41192000,06,129643.75,565769.99
41192000,0700,78833.46,310135.89999999997
41192000,0720,98835.47,383492.12
41192000,0740,124067.21,458977.81
41192000,0800,133858.66999999998,515128.21
41192000,0820,123161.53,538290.6900000001
41192000,0840,96792.29,405235.61
41192000,0900,93391.49,355996.87
41192000,0920,85736.12,340662.52999999997
41192000,0940,75265.99,323647.67
41192000,10,232835.22,977148.48
41192000,11,260619.54,1048059.9500000001
41192000,12,296186.99,1188742.36
41192000,13,293234.56,1191288.3
41192000,14,289238.92,1175659.84
41192000,15,305389.03,1280009.91
41192000,16,363504.83,1413349.12
41192000,1700,156455.91,533328.65
41192000,1720,162690.31,526822.8
41192000,1740,158355.71,512682.16000000003
41192000,1800,231296.77,646398.13
41192000,1820,144310.53,449087.42
41192000,1840,126643.87,406689.34
41192000,1900,131228.07,402265.51
41192000,1920,111944.7,346005.21
41192000,1940,108832.24,338696.52999999997
41192000,20,316093.16,930242.23
41192000,21,267752.45,762869.64
41192000,22,171106.13,473514.29
41192000,23,31942.57,93142.81999999999
41194000,00,15569.73,42624.07
41194000,01,30595.07,85569.61
41194000,02,21785.56,61386.6
41194000,03,16583.85,52902.37
41194000,04,16441.43,72756.3
41194000,05,26522.87,128565.09
41194000,06,47552.12,224374.67
41194000,0700,27550.44,118945.52
41194000,0720,36050.91,149221.77
41194000,0740,41838.59,173406.94
41194000,0800,45547.94,202706.69
41194000,0820,44346.91,216475.29
41194000,0840,37861.0,161982.94
41194000,0900,36462.54,146338.74
41194000,0920,33736.74,145521.32
41194000,0940,31067.21,140844.52
41194000,10,90562.19,417060.71
41194000,11,104189.45,447015.27999999997
41194000,12,117640.53,511905.79
41194000,13,117503.37,527508.67
41194000,14,118147.03,543232.88
41194000,15,125905.44,607463.39
41194000,16,147667.46,671684.12
41194000,1700,63987.43,251883.28
41194000,1720,63814.63,241053.85
41194000,1740,63861.16,238854.24
41194000,1800,98770.44,310815.9
41194000,1820,61950.18,217050.48
41194000,1840,53802.0,194755.66
41194000,1900,56308.2,194236.21
41194000,1920,47338.26,168348.01
41194000,1940,46400.29,163700.1
41194000,20,139541.48,457686.19
41194000,21,119509.02,374827.89
41194000,22,73184.48,225384.02
41194000,23,12280.68,40374.59
41196000,00,11721.18,31940.63
41196000,01,22114.09,63288.73
41196000,02,17471.579999999998,50816.67
41196000,03,12454.67,43263.17
41196000,04,13904.63,66584.56
41196000,05,25380.5,134217.0
41196000,06,57529.92,267361.64
41196000,0700,30720.84,130520.86
41196000,0720,37099.59,152165.16
41196000,0740,40012.94,158325.24
41196000,0800,38324.61,158338.88
41196000,0820,30432.59,150691.77
41196000,0840,21869.08,110589.71
41196000,0900,18286.98,96978.32
41196000,0920,17719.65,97156.53
41196000,0940,16613.75,94190.02
41196000,10,50256.48,278423.71
41196000,11,58566.14,300672.12
41196000,12,67945.01,341139.07
41196000,13,66643.4,342940.31
41196000,14,65621.95,338866.06
41196000,15,72566.14,382175.41
41196000,16,89469.29,426663.74
41196000,1700,37918.06,157743.86
41196000,1720,40415.72,155920.38999999998
41196000,1740,39827.47,151515.79
41196000,1800,60854.77,193629.06
41196000,1820,36464.08,133272.82
41196000,1840,32117.37,119276.67
41196000,1900,34675.41,121588.34
41196000,1920,29476.420000000002,106180.73
41196000,1940,29212.39,101882.1
41196000,20,88303.88,288740.05
41196000,21,75077.75,229835.77
41196000,22,48108.86,141842.68
41196000,23,8553.14,27119.18
41210000,00,20852.13,54913.55
41210000,01,40187.36,108142.73999999999
41210000,02,29615.18,83454.68
41210000,03,22799.38,75102.37
41210000,04,26538.82,119741.14
41210000,05,54523.3,247294.34
41210000,06,100857.27,434358.88
41210000,0700,49086.29,207465.92
41210000,0720,59072.450000000004,242917.27000000002
41210000,0740,65699.14,277844.63
41210000,0800,66913.26,304210.53
41210000,0820,64848.91,328843.06
41210000,0840,54913.36,254059.08
41210000,0900,50015.43,230348.43
41210000,0920,47961.87,229798.45
41210000,0940,45695.409999999996,223210.93
41210000,10,141856.94,684132.24
41210000,11,166018.41999999998,745942.43
41210000,12,188716.48,835933.0700000001
41210000,13,189811.82,849752.67
41210000,14,192344.76,848819.13
41210000,15,203242.5,925750.71
41210000,16,233599.4,981981.58
41210000,1700,101624.04000000001,364844.02999999997
41210000,1720,100542.6,350633.29
41210000,1740,98827.45,346739.0
41210000,1800,151381.53,448972.32
41210000,1820,94813.75,315474.5
41210000,1840,82628.31,284592.18
41210000,1900,87715.64,286087.56
41210000,1920,73543.43,249848.03
41210000,1940,71294.69,236764.12
41210000,20,206040.26,649223.07
41210000,21,177518.78,533459.76
41210000,22,110503.79000000001,329305.3
41210000,23,17667.14,58734.23
41220000,00,61262.35,147242.93
41220000,01,121269.39,288148.72000000003
41220000,02,87144.91,217356.77
41220000,03,69273.87,199295.83000000002
41220000,04,96829.3,349690.89
41220000,05,275303.5,922618.0
41220000,06,561529.25,1626073.92
41220000,0700,227440.51,652054.88
41220000,0720,240489.56,709914.23
41220000,0740,225924.58,725032.94
41220000,0800,225021.99,780537.18
41220000,0820,193977.88,746821.11
41220000,0840,151422.23,551503.85
41220000,0900,138375.76,494128.29
41220000,0920,134534.59,495985.93
41220000,0940,127267.77,479553.86
41220000,10,411227.72,1510655.66
41220000,11,490002.03,1686216.84
41220000,12,597911.49,1982011.72
41220000,13,521876.73,1830537.45
41220000,14,508591.63,1779381.91
41220000,15,520727.0,1907565.24
41220000,16,662762.26,2218948.42
41220000,1700,297415.37,870251.48
41220000,1720,280850.58,807906.24
41220000,1740,253442.55,742100.19
41220000,1800,300993.46,833095.63
41220000,1820,218022.3,629872.15
41220000,1840,218655.74,623243.0
41220000,1900,216697.16999999998,605901.55
41220000,1920,186445.36,518779.69
41220000,1940,178205.89,488474.33
41220000,20,508833.0,1359091.7
41220000,21,383350.32,1016535.8099999999
41220000,22,255567.36,642414.12
41220000,23,52881.51,138929.05
41250000,00,6355.13,20557.510000000002
41250000,01,13483.88,47236.88
41250000,02,10013.85,35609.28
41250000,03,7556.9800000000005,28847.83
41250000,04,8049.79,38165.020000000004
41250000,05,11702.0,66736.68
41250000,06,22945.82,135185.9
41250000,0700,11196.9,63434.14
41250000,0720,15241.07,74680.79
41250000,0740,17973.98,84525.4
41250000,0800,20970.96,100286.31
41250000,0820,19746.26,101385.51
41250000,0840,14062.52,77202.65
41250000,0900,12275.53,69499.81
41250000,0920,12604.74,70590.92
41250000,0940,11802.86,70701.78
41250000,10,35353.02,213220.13
41250000,11,42908.02,238603.29
41250000,12,50638.83,269894.98
41250000,13,45023.26,261437.35
41250000,14,44746.28,254951.41
41250000,15,47639.8,266049.64
41250000,16,58588.1,298634.92
41250000,1700,23608.27,102871.16
41250000,1720,25166.89,104144.73
41250000,1740,25375.59,102716.55
41250000,1800,33605.07,122969.17
41250000,1820,20448.55,81149.75
41250000,1840,18868.920000000002,76567.76
41250000,1900,18889.54,73197.39
41250000,1920,16469.78,66029.78
41250000,1940,16544.010000000002,62558.479999999996
41250000,20,45284.42,166749.52
41250000,21,36396.47,131284.16
41250000,22,24432.57,86643.9
41250000,23,4931.47,19079.12
41271000,00,27740.329999999998,68056.66
41271000,01,53640.53,129900.45
41271000,02,38986.83,96614.02
41271000,03,28454.0,79585.56999999999
41271000,04,27218.04,104136.99
41271000,05,38342.2,179285.92
41271000,06,69722.3,321467.19
41271000,0700,37961.94,167034.79
41271000,0720,48434.99,209014.13
41271000,0740,57457.06,238461.05
41271000,0800,64119.07,282179.07
41271000,0820,63147.51,307553.12
41271000,0840,54509.72,224541.63999999998
41271000,0900,43814.82,190640.96
41271000,0920,43740.67,192140.02
41271000,0940,42589.52,188128.83000000002
41271000,10,131794.27,579041.58
41271000,11,148951.53,642768.64
41271000,12,176216.80000000002,734640.73
41271000,13,165246.69,728578.45
41271000,14,167873.76,735030.98
41271000,15,185369.28,832207.37
41271000,16,227632.52,953532.6799999999
41271000,1700,104166.47,374705.75
41271000,1720,106628.09,356743.29
41271000,1740,101456.87,343415.89
41271000,1800,145304.63,423758.33999999997
41271000,1820,90618.59,291912.73
41271000,1840,81296.39,268077.49
41271000,1900,86226.89,272547.14
41271000,1920,73223.94,239132.26
41271000,1940,73178.84,231640.96
41271000,20,216697.97,660854.03
41271000,21,181657.98,532341.93
41271000,22,117953.15000000001,321623.77
41271000,23,21085.46,60437.97
41273000,00,31190.04,71834.96
41273000,01,61108.08,143992.75
41273000,02,44725.87,106573.94
41273000,03,34996.73,96867.78
41273000,04,37954.72,148951.88
41273000,05,79827.98,351789.18
41273000,06,223516.79,814536.75
41273000,0700,113562.08,359559.01
41273000,0720,122535.97,391937.33
41273000,0740,124215.85,411959.07
41273000,0800,126298.93000000001,440569.1
41273000,0820,117052.84,458746.12
41273000,0840,87323.7,349096.18
41273000,0900,79722.56,313109.37
41273000,0920,78872.15,304339.94
41273000,0940,70311.6,283826.18
41273000,10,212989.41,837076.27
41273000,11,242289.85,888691.97
41273000,12,273890.48,993222.21
41273000,13,263488.87,987332.99
41273000,14,246223.3,921252.91
41273000,15,255828.18,967195.63
41273000,16,304636.46,1055325.42
41273000,1700,136340.88,414991.25
41273000,1720,138410.01,396364.67
41273000,1740,127007.9,370069.85
41273000,1800,171050.0,437671.93
41273000,1820,110767.26,312295.08
41273000,1840,98434.08,284414.5
41273000,1900,101947.35,284611.15
41273000,1920,92797.75,254954.79
41273000,1940,87619.45,239993.93
41273000,20,247086.48,661040.34
41273000,21,195792.46,513848.71
41273000,22,127609.98999999999,321038.18
41273000,23,25686.95,69141.34
41281000,00,43306.26,123576.83
41281000,01,95107.12,287923.26
41281000,02,71773.29,222224.72
41281000,03,53937.49,182119.77
41281000,04,57465.93,234778.79
41281000,05,89808.8,405271.07
41281000,06,167600.55,735030.21
41281000,0700,78996.61,331277.51
41281000,0720,99577.65,390045.38
41281000,0740,118141.44,456264.38
41281000,0800,130894.0,527123.97
41281000,0820,119351.37,556017.56
41281000,0840,98713.4,438921.99
41281000,0900,98455.37,400623.4
41281000,0920,96485.66,412365.75
41281000,0940,92086.58,407623.71
41281000,10,269146.15,1242228.11
41281000,11,307688.87,1353577.78
41281000,12,351772.12,1525720.14
41281000,13,338969.77,1491199.1099999999
41281000,14,335557.61,1460510.36
41281000,15,356743.87,1570220.21
41281000,16,415133.16,1713282.85
41281000,1700,170956.62,632630.22
41281000,1720,174472.91,608814.94
41281000,1740,172814.35,605624.78
41281000,1800,254379.15,766835.21
41281000,1820,162351.63999999998,536282.02
41281000,1840,142521.79,481107.71
41281000,1900,148939.78,483737.77
41281000,1920,127248.86,418925.27
41281000,1940,126560.0,407394.57
41281000,20,363245.68,1125067.08
41281000,21,315663.07,938362.69
41281000,22,202970.46,603438.99
41281000,23,34787.38,115387.82
41285000,00,29118.6,79175.28
41285000,01,59935.93,169411.7
41285000,02,44218.01,128701.39
41285000,03,35052.97,112113.6
41285000,04,35749.12,147421.28
41285000,05,56822.63,260051.25
41285000,06,122094.63,528628.08
41285000,0700,67349.63,271761.23
41285000,0720,84659.1,330846.39
41285000,0740,101350.90000000001,396456.31
41285000,0800,112695.28,456281.3
41285000,0820,103782.56999999999,460653.98
41285000,0840,83821.89,356798.96
41285000,0900,77826.12,318633.29
41285000,0920,73542.95999999999,315015.43
41285000,0940,66007.39,293982.97000000003
41285000,10,195036.74,864810.62
41285000,11,227377.08,943084.38
41285000,12,257221.76,1069587.85
41285000,13,249082.1,1064369.06
41285000,14,234851.34,1003070.86
41285000,15,242989.44,1048850.29
41285000,16,280288.71,1119872.54
41285000,1700,115076.94,410921.02
41285000,1720,114757.23,399936.25
41285000,1740,114374.23,396573.35
41285000,1800,157274.94,475575.66000000003
41285000,1820,107087.92,346862.8
41285000,1840,93162.5,312573.47
41285000,1900,97546.13,309772.52
41285000,1920,84748.49,272809.37
41285000,1940,83318.41,263572.16000000003
41285000,20,234914.75,718033.92
41285000,21,202105.52,606463.82
41285000,22,130088.37,392002.05
41285000,23,22918.920000000002,73224.73
41287000,00,23744.86,71076.17
41287000,01,50884.270000000004,159113.15
41287000,02,37221.99,118816.17
41287000,03,29278.5,103179.61
41287000,04,30024.46,125860.66
41287000,05,45639.85,205787.97
41287000,06,80752.33,368622.75
41287000,0700,39457.42,179057.98
41287000,0720,50097.52,223158.58
41287000,0740,58625.28,259624.99
41287000,0800,70099.49,311658.97
41287000,0820,68751.85,343994.21
41287000,0840,56449.96,261067.77
41287000,0900,55533.7,233974.81
41287000,0920,55914.45,238383.18
41287000,0940,49462.64,228620.2
41287000,10,147659.19,678860.23
41287000,11,162624.19999999998,715549.62
41287000,12,188143.7,833022.6
41287000,13,186409.29,851939.71
41287000,14,176123.08,827278.47
41287000,15,181071.81,898415.53
41287000,16,212934.77,978824.13
41287000,1700,86335.78,355245.63
41287000,1720,86483.16,339601.11
41287000,1740,87219.93,336652.82
41287000,1800,124293.98,414782.16
41287000,1820,79444.45,296345.82
41287000,1840,71012.58,267567.16000000003
41287000,1900,73173.77,269463.84
41287000,1920,63327.729999999996,235452.45
41287000,1940,63332.13,228339.71
41287000,20,182556.66,628741.4
41287000,21,157829.71,533402.41
41287000,22,106168.96,356818.27
41287000,23,18102.47,66885.15
41290000,00,5066.39,13566.55
41290000,01,9843.71,27307.02
41290000,02,7041.36,20453.72
41290000,03,5602.93,18726.43
41290000,04,7914.34,36617.32
41290000,05,26948.4,125284.79
41290000,06,99325.8,320607.2
41290000,0700,56149.17,153784.25
41290000,0720,62153.39,165760.54
41290000,0740,64755.8,169243.92
41290000,0800,57163.19,170863.49
41290000,0820,46539.47,159507.04
41290000,0840,35550.3,128135.3
41290000,0900,31305.8,118860.7
41290000,0920,27863.46,113894.99
41290000,0940,23095.27,99864.16
41290000,10,67527.65,281870.68
41290000,11,88177.18,328861.09
41290000,12,100230.24,364651.53
41290000,13,81832.27,316834.25
41290000,14,70568.75,283461.54
41290000,15,66937.51,280822.56
41290000,16,74602.58,292938.07
41290000,1700,30976.51,106808.19
41290000,1720,29216.73,99724.76
41290000,1740,28945.739999999998,101551.98
41290000,1800,41698.86,125560.69
41290000,1820,25963.01,85953.29
41290000,1840,23646.3,81370.02
41290000,1900,23750.52,79609.07
41290000,1920,20131.77,69158.77
41290000,1940,19503.98,65645.32
41290000,20,57815.98,183855.62
41290000,21,49924.89,153845.71
41290000,22,29751.89,91436.77
41290000,23,4384.43,14244.42
41310000,00,19138.66,52106.43
41310000,01,37386.42,108964.34999999999
41310000,02,29910.73,89318.05
41310000,03,23229.22,78494.99
41310000,04,22631.82,94770.4
41310000,05,32074.059999999998,153045.52
41310000,06,54838.86,267196.93
41310000,0700,26600.79,127507.49
41310000,0720,33713.34,160738.12
41310000,0740,40187.66,188866.81
41310000,0800,46648.59,224988.28
41310000,0820,46940.82,246353.73
41310000,0840,36997.32,185978.74
41310000,0900,34280.68,166342.6
41310000,0920,32593.84,163196.01
41310000,0940,30220.99,156166.62
41310000,10,90335.9,461197.96
41310000,11,103857.90000000001,492158.16
41310000,12,121945.47,568784.8
41310000,13,121916.3,584420.05
41310000,14,123673.17,586320.61
41310000,15,132358.13,629314.24
41310000,16,153382.77,685800.39
41310000,1700,64994.99,252289.06
41310000,1720,64462.4,236777.76
41310000,1740,66586.29,242536.16
41310000,1800,98457.54,302671.58
41310000,1820,63370.57,213430.21
41310000,1840,57347.35,195109.67
41310000,1900,57732.45,193427.43
41310000,1920,49514.27,166722.18
41310000,1940,49641.92,161472.64
41310000,20,148081.96,461320.01
41310000,21,129706.0,385495.52
41310000,22,83966.77,251887.97
41310000,23,15195.58,49869.55
41360000,00,52471.409999999996,161442.96
41360000,01,104294.65,337649.12
41360000,02,75271.03,248073.38999999998
41360000,03,58952.68,215396.86000000002
41360000,04,61854.18,278936.35
41360000,05,93687.29,489394.5
41360000,06,185227.64,954030.47
41360000,0700,99229.77,479942.93
41360000,0720,125250.26,589620.31
41360000,0740,144721.34,682029.23
41360000,0800,159690.54,790487.65
41360000,0820,146990.7,828341.24
41360000,0840,114458.16,593747.13
41360000,0900,108308.92,521339.34
41360000,0920,106696.57,524250.14
41360000,0940,100113.48,514705.11
41360000,10,306841.13,1571057.61
41360000,11,358235.91,1721147.45
41360000,12,412013.83,1976270.17
41360000,13,409328.33,2009056.16
41360000,14,406579.12,1976962.42
41360000,15,430551.08,2138785.74
41360000,16,498857.64,2371999.98
41360000,1700,199275.01,864919.06
41360000,1720,203138.47,821436.09
41360000,1740,204366.4,821698.05
41360000,1800,286045.06,995484.42
41360000,1820,186892.48,706865.39
41360000,1840,166898.52,644153.27
41360000,1900,171179.99,634367.75
41360000,1920,147438.91,555922.28
41360000,1940,148743.96,533553.85
41360000,20,433861.97000000003,1491310.26
41360000,21,366728.66,1229801.1
41360000,22,226421.97,773621.42
41360000,23,39137.7,150314.58000000002
41370000,00,22553.65,56639.97
41370000,01,41815.01,111166.06
41370000,02,30422.36,84094.09
41370000,03,23283.31,70947.99
41370000,04,23843.78,97871.99
41370000,05,40932.55,181302.93
41370000,06,96483.16,376117.58
41370000,0700,52586.06,190242.14
41370000,0720,64396.82,222404.62
41370000,0740,69804.18000000001,251142.8
41370000,0800,69203.35,286057.97
41370000,0820,60785.06,283701.01
41370000,0840,47589.59,199984.9
41370000,0900,43043.83,179716.52
41370000,0920,41565.05,176405.47
41370000,0940,37751.93,167062.44
41370000,10,120152.45,516538.06
41370000,11,148267.58,591574.2
41370000,12,170388.53,670541.31
41370000,13,157069.75,651718.06
41370000,14,156949.53,648538.5
41370000,15,172916.42,736129.87
41370000,16,216866.83,844999.24
41370000,1700,104965.58,341507.13
41370000,1720,106920.11,332268.16
41370000,1740,96979.61,303670.89
41370000,1800,128141.71,359722.22
41370000,1820,81948.09,257341.06
41370000,1840,75550.97,238343.82
41370000,1900,78261.95,240084.86000000002
41370000,1920,69474.29000000001,213060.21
41370000,1940,67087.0,203448.24
41370000,20,195865.82,574004.2000000001
41370000,21,155862.92,446386.76999999996
41370000,22,96938.98,272292.98
41370000,23,17652.95,53592.44
41390000,00,38973.33,103231.04
41390000,01,78252.64,203661.76
41390000,02,57179.53,153526.48
41390000,03,43708.54,130888.23
41390000,04,47228.47,190315.05
41390000,05,90613.65,427951.86
41390000,06,214690.06,908321.54
41390000,0700,108286.86,414243.29
41390000,0720,123449.27,468021.22
41390000,0740,132286.14,508737.42
41390000,0800,135265.69,547839.22
41390000,0820,121172.54000000001,576275.27
41390000,0840,94705.54,428328.54
41390000,0900,88264.92,367649.98
41390000,0920,82015.29,355856.23
41390000,0940,78801.27,349685.55
41390000,10,240699.84,1061351.06
41390000,11,285532.03,1187130.58
41390000,12,329980.02,1340776.72
41390000,13,319082.9,1335265.98
41390000,14,305158.46,1286269.11
41390000,15,329568.4,1394859.18
41390000,16,391551.43,1557777.5
41390000,1700,179098.48,609277.49
41390000,1720,178376.06,587235.53
41390000,1740,163653.64,546966.74
41390000,1800,228772.3,668358.48
41390000,1820,144820.73,474444.07
41390000,1840,130362.4,428544.87
41390000,1900,134916.81,429809.79
41390000,1920,117836.03,379406.78
41390000,1940,114551.55,364964.82
41390000,20,334890.01,1005376.15
41390000,21,269741.74,787207.12
41390000,22,171744.1,485179.87
41390000,23,33242.04,99487.24
41410000,00,19403.260000000002,50858.56
41410000,01,36790.47,98498.85
41410000,02,26311.02,71542.29000000001
41410000,03,19735.26,61725.74
41410000,04,19876.36,85974.89
41410000,05,37509.25,180310.44
41410000,06,92685.92,394975.58
41410000,0700,51899.28,203872.1
41410000,0720,64044.6,251713.65
41410000,0740,73394.95,276287.7
41410000,0800,71902.45,293009.78
41410000,0820,63041.94,295438.27
41410000,0840,45328.36,209053.99
41410000,0900,39579.12,185056.8
41410000,0920,37647.94,182264.17
41410000,0940,34391.49,173370.14
41410000,10,103750.63,533549.37
41410000,11,120444.12,569303.19
41410000,12,139594.19,657611.72
41410000,13,137921.85,672380.57
41410000,14,143683.02,687113.4
41410000,15,158907.65,768148.07
41410000,16,194580.69,866471.88
41410000,1700,91845.06999999999,332850.07
41410000,1720,91957.16,320678.74
41410000,1740,92678.39,321668.11
41410000,1800,140000.0,415767.74
41410000,1820,81225.17,275296.26
41410000,1840,71941.21,246376.74
41410000,1900,75753.14,247095.58
41410000,1920,64208.44,217214.12
41410000,1940,63808.76,210640.66
41410000,20,185341.39,577535.74
41410000,21,158884.08,478324.42
41410000,22,100435.89,294519.76
41410000,23,16139.72,50778.04
41430000,00,12311.28,30777.03
41430000,01,23432.62,60718.37
41430000,02,17059.32,45529.87
41430000,03,11977.22,37021.33
41430000,04,12479.41,54103.73
41430000,05,28919.7,132261.91
41430000,06,86277.85,311968.49
41430000,0700,41789.92,141071.85
41430000,0720,47123.73,158536.88
41430000,0740,48708.83,170687.13
41430000,0800,47153.31,182713.15
41430000,0820,41115.5,181345.7
41430000,0840,29277.46,130602.31
41430000,0900,26005.0,119768.33
41430000,0920,24674.51,120900.58
41430000,0940,23881.63,120176.17
41430000,10,76493.05,380705.25
41430000,11,100234.02,446193.13
41430000,12,117503.81,518296.3
41430000,13,103948.3,487817.36
41430000,14,101046.23,468512.7
41430000,15,108143.62,496079.96
41430000,16,126235.56,528360.88
41430000,1700,57414.08,202926.17
41430000,1720,54501.19,192202.91
41430000,1740,54797.98,194961.99
41430000,1800,80450.62,238814.49
41430000,1820,49532.95,163989.63
41430000,1840,45180.78,153397.35
41430000,1900,46651.29,152400.16
41430000,1920,41135.14,137329.28
41430000,1940,39897.43,131986.19
41430000,20,118329.31,366051.91000000003
41430000,21,103005.58,303016.42
41430000,22,61654.46,178241.37
41430000,23,9248.01,30239.9
41450000,00,29697.15,81297.63
41450000,01,58491.51,163307.21
41450000,02,44098.19,131812.48
41450000,03,31271.28,104235.76
41450000,04,31894.66,137779.15
41450000,05,52404.19,263342.15
41450000,06,111067.27,538567.64
41450000,0700,58748.28,258227.96
41450000,0720,73583.56,314293.02
41450000,0740,84512.78,359558.71
41450000,0800,94375.0,422588.46
41450000,0820,94598.11,465861.23
41450000,0840,77864.41,338493.02
41450000,0900,73838.31999999999,301470.65
41450000,0920,72044.72,308943.33
41450000,0940,67104.18,304108.23
41450000,10,203276.71,924942.84
41450000,11,233150.16,1003600.08
41450000,12,265515.73,1132445.62
41450000,13,262468.17,1145277.01
41450000,14,259567.63,1129174.41
41450000,15,273765.28,1213800.58
41450000,16,310648.23,1310422.43
41450000,1700,129158.27,476545.68
41450000,1720,131344.28,465767.66
41450000,1740,130532.2,466136.03
41450000,1800,187907.54,567383.35
41450000,1820,123728.51,418477.13
41450000,1840,110765.22,383413.97
41450000,1900,112881.09,379233.84
41450000,1920,98285.23,334717.87
41450000,1940,97155.1,323110.26
41450000,20,275394.47000000003,875297.56
41450000,21,232100.75,724017.12
41450000,22,145336.23,448597.05
41450000,23,24484.87,79155.46
41461000,00,26267.739999999998,68486.25
41461000,01,49787.65,135731.72
41461000,02,38686.78,113829.73
41461000,03,29327.97,107462.03
41461000,04,47295.04,219406.52
41461000,05,111905.83,475376.14
41461000,06,216406.07,816566.23
41461000,0700,105320.78,375998.79
41461000,0720,114712.13,396878.99
41461000,0740,119729.56,418331.58
41461000,0800,122800.87,463374.2
41461000,0820,116565.22,451764.04
41461000,0840,93893.62,345674.18
41461000,0900,84948.13,317937.33
41461000,0920,81926.25,319118.97
41461000,0940,76466.68,306254.85
41461000,10,223035.72,914242.48
41461000,11,259470.06,1017702.88
41461000,12,300138.82,1163014.98
41461000,13,262926.82,1078823.51
41461000,14,246713.87,996744.02
41461000,15,246054.41,1032543.31
41461000,16,273479.9,1112782.36
41461000,1700,120858.63,418460.96
41461000,1720,118650.01,405616.87
41461000,1740,111927.5,385481.0
41461000,1800,142244.23,439816.02
41461000,1820,98856.21,321962.15
41461000,1840,91041.34,301539.75
41461000,1900,93390.7,302233.53
41461000,1920,81568.54000000001,259207.18
41461000,1940,77986.9,247298.05
41461000,20,211604.0,642679.2
41461000,21,167727.22,488764.2
41461000,22,106831.11,300825.81
41461000,23,23614.11,74546.18000000001
41463000,00,33814.52,92494.02
41463000,01,64910.64,184529.96
41463000,02,46308.03,133497.75
41463000,03,33275.5,104380.59
41463000,04,36124.92,151364.5
41463000,05,89523.51,366773.12
41463000,06,278965.52,884755.09
41463000,0700,133365.01,398668.15
41463000,0720,148947.51,449991.04
41463000,0740,151557.19,494941.0
41463000,0800,151702.42,557015.99
41463000,0820,132670.6,565332.52
41463000,0840,108450.7,404842.33
41463000,0900,95433.14,358264.35
41463000,0920,92526.62,365906.68
41463000,0940,88645.46,363957.61
41463000,10,264249.78,1085368.31
41463000,11,308099.44,1181302.01
41463000,12,350339.22,1352841.01
41463000,13,338160.4,1391671.85
41463000,14,326258.18,1376509.62
41463000,15,327477.09,1476702.29
41463000,16,380706.79,1607054.64
41463000,1700,168059.8,600132.23
41463000,1720,160486.37,560744.55
41463000,1740,153475.36,548507.64
41463000,1800,201624.4,650754.4
41463000,1820,137491.73,484217.24
41463000,1840,124895.95,451187.1
41463000,1900,128668.56,446796.9
41463000,1920,113408.25,401427.77
41463000,1940,112138.66,385299.76
41463000,20,314299.33,1038999.33
41463000,21,263607.84,866076.75
41463000,22,164637.16,524223.86
41463000,23,27662.32,93356.72
41465000,00,26307.78,75317.2
41465000,01,49024.1,143145.48
41465000,02,33815.36,96832.16
41465000,03,23255.56,73755.99
41465000,04,22057.73,95833.79
41465000,05,40835.62,197426.63999999998
41465000,06,97311.56,420061.49
41465000,0700,55726.3,220730.44
41465000,0720,64621.54,270209.46
41465000,0740,68977.6,325059.83999999997
41465000,0800,70251.92,381859.26
41465000,0820,65271.95,396563.1
41465000,0840,56775.99,274938.1
41465000,0900,53753.09,244466.79
41465000,0920,53828.79,246825.42
41465000,0940,51235.64,244537.11000000002
41465000,10,156732.98,733306.17
41465000,11,189035.11000000002,824841.12
41465000,12,213810.24,951856.04
41465000,13,208541.44,1001605.53
41465000,14,211093.19,1022864.6
41465000,15,223374.14,1143181.6400000001
41465000,16,272263.9,1269053.97
41465000,1700,125489.36,477917.71
41465000,1720,119884.86,439901.65
41465000,1740,118073.95,442093.15
41465000,1800,161219.04,529042.45
41465000,1820,113500.42,409228.27
41465000,1840,103551.9,381610.08
41465000,1900,109876.32,382520.66
41465000,1920,92900.08,333592.04
41465000,1940,92770.5,327599.23
41465000,20,266103.4,897995.61
41465000,21,227546.56,778734.71
41465000,22,141513.81,484371.72
41465000,23,23266.28,78320.79000000001
41480000,00,42242.09,116984.29
41480000,01,87996.99,248399.5
41480000,02,72297.95,208060.69
41480000,03,53882.82,170116.1
41480000,04,60469.53,236387.69
41480000,05,92274.3,428589.43
41480000,06,199929.5,873371.67
41480000,0700,113161.55,453923.67
41480000,0720,131526.07,512313.92
41480000,0740,146544.3,570847.78
41480000,0800,156542.33,638213.82
41480000,0820,138127.26,637626.89
41480000,0840,103476.86,459463.05
41480000,0900,101004.23,423083.74
41480000,0920,99740.11,425679.8
41480000,0940,92381.08,406896.19
41480000,10,282598.31,1267039.19
41480000,11,340533.72,1410353.97
41480000,12,388969.04,1613126.16
41480000,13,375235.47,1594078.63
41480000,14,362082.66,1513023.3699999999
41480000,15,377559.28,1582423.9
41480000,16,426503.09,1711331.37
41480000,1700,168859.56,628565.95
41480000,1720,182539.28,627498.03
41480000,1740,176737.19,605424.46
41480000,1800,236338.94,733584.54
41480000,1820,155574.87,516371.6
41480000,1840,138052.95,467631.4
41480000,1900,140283.9,457532.34
41480000,1920,121913.87,399418.69
41480000,1940,120046.5,382382.21
41480000,20,337055.08,1049024.85
41480000,21,275731.31,861143.91
41480000,22,179754.94,546465.47
41480000,23,36164.63,120498.41
41500000,00,19968.95,52178.33
41500000,01,38265.3,98754.05
41500000,02,30441.879999999997,82075.33
41500000,03,22463.49,72051.45
41500000,04,30136.17,127927.78
41500000,05,72592.91,297602.17
41500000,06,191014.35,631398.21
41500000,0700,86534.5,297403.25
41500000,0720,94876.04,319391.25
41500000,0740,104902.25,355216.24
41500000,0800,103564.65,389054.31
41500000,0820,93303.06,365386.62
41500000,0840,65446.64,259768.1
41500000,0900,53912.01,228648.27
41500000,0920,52556.29,229722.19
41500000,0940,49568.16,221301.38999999998
41500000,10,152824.46,664802.87
41500000,11,191210.01,760806.53
41500000,12,220304.96,865841.01
41500000,13,195407.03,812868.66
41500000,14,183826.65,736772.26
41500000,15,179486.57,757269.28
41500000,16,209585.6,841864.65
41500000,1700,92458.31,326477.92
41500000,1720,104384.42,342827.01
41500000,1740,95852.27,313521.45
41500000,1800,116385.45,349481.36
41500000,1820,79165.84,249255.48
41500000,1840,70738.99,228363.05
41500000,1900,70107.09,219624.46
41500000,1920,59571.45,188461.64
41500000,1940,57321.44,178880.79
41500000,20,158389.6,473609.14
41500000,21,124178.36,353901.22
41500000,22,84411.76,223109.21
41500000,23,20786.71,60957.36
41550000,00,17901.53,47289.82
41550000,01,33201.86,90924.8
41550000,02,23784.31,70688.49
41550000,03,19026.8,65173.74
41550000,04,25336.94,112353.51000000001
41550000,05,52688.38,246830.99
41550000,06,122623.45,509857.70999999996
41550000,0700,69906.75,262578.48
41550000,0720,81631.62,286780.9
41550000,0740,85346.0,305066.44
41550000,0800,81394.74,318402.77
41550000,0820,71142.92,288561.07
41550000,0840,52690.74,222076.06
41550000,0900,46825.5,209203.43
41550000,0920,47608.22,212836.89
41550000,0940,46108.07,207876.59
41550000,10,138452.49,619995.69
41550000,11,166892.98,713193.72
41550000,12,191433.74,799311.51
41550000,13,167937.18,740023.97
41550000,14,153391.36000000002,666615.25
41550000,15,157357.87,683509.37
41550000,16,180667.4,758578.51
41550000,1700,82328.72,299724.65
41550000,1720,82337.52,290760.8
41550000,1740,74966.87,268249.26
41550000,1800,92940.95,299230.17
41550000,1820,62857.36,216834.84
41550000,1840,57828.42,200892.86
41550000,1900,58946.92,194352.21
41550000,1920,53324.69,173608.99
41550000,1940,50209.03,162323.49
41550000,20,133718.46,420795.52
41550000,21,105788.87,313212.28
41550000,22,69098.15,196054.23
41550000,23,16416.93,50763.62
41570000,00,41768.16,121145.11
41570000,01,80994.04,239448.58000000002
41570000,02,58704.94,177551.07
41570000,03,44078.7,149466.93
41570000,04,45646.6,201968.58
41570000,05,81891.95,439385.55
41570000,06,187308.3,939859.6
41570000,0700,101235.13,446716.56
41570000,0720,117260.99,506969.71
41570000,0740,125726.15,557514.01
41570000,0800,128717.77,635044.17
41570000,0820,122062.37,685672.68
41570000,0840,93773.97,469512.96
41570000,0900,90945.12,411136.87
41570000,0920,88166.25,409942.98
41570000,0940,80795.4,395992.67
41570000,10,246210.33000000002,1187126.36
41570000,11,286926.53,1308537.77
41570000,12,329028.42,1501628.63
41570000,13,322110.42,1508565.26
41570000,14,314067.85000000003,1471000.21
41570000,15,321899.58,1569489.29
41570000,16,370412.13,1715779.25
41570000,1700,153794.57,637482.52
41570000,1720,154806.49,612372.41
41570000,1740,151929.51,598209.02
41570000,1800,203695.73,711268.5
41570000,1820,137923.05,521515.24
41570000,1840,123601.42,480862.95
41570000,1900,126433.45,471387.6
41570000,1920,112755.66,424119.56
41570000,1940,111045.58,407124.14
41570000,20,318153.47,1113646.95
41570000,21,264193.55,902662.18
41570000,22,169660.88,567278.85
41570000,23,30802.86,108062.79
41591000,00,18020.82,50562.35
41591000,01,33893.34,95019.29
41591000,02,25292.829999999998,75735.84
41591000,03,19127.99,72112.25
41591000,04,34451.89,172987.06
41591000,05,125264.97,555514.06
41591000,06,276093.79,1021298.52
41591000,0700,117406.63,395814.74
41591000,0720,128686.58,421594.89
41591000,0740,114134.24,407578.36
41591000,0800,104424.3,405261.15
41591000,0820,85940.12,386298.72
41591000,0840,62974.59,292544.18
41591000,0900,54069.87,260270.68
41591000,0920,51799.01,255385.04
41591000,0940,48214.73,244382.64
41591000,10,145653.64,723506.79
41591000,11,182477.54,815688.44
41591000,12,211892.95,931181.9299999999
41591000,13,188444.46,904050.71
41591000,14,173699.26,813269.75
41591000,15,175762.91,822591.46
41591000,16,219076.54,895206.21
41591000,1700,100840.05,348672.21
41591000,1720,95086.7,331262.46
41591000,1740,85145.16,302485.14
41591000,1800,105981.63,340623.83
41591000,1820,70206.17,251610.49
41591000,1840,66148.11,234532.72999999998
41591000,1900,65705.43000000001,224026.88
41591000,1920,58476.68,202603.78
41591000,1940,56732.5,188212.99
41591000,20,154814.98,500360.67
41591000,21,114661.15,360094.52
41591000,22,73051.34,221330.38
41591000,23,15126.31,48847.97
41593000,00,12888.96,33575.48
41593000,01,25037.5,64896.090000000004
41593000,02,18564.45,49745.33
41593000,03,12966.36,41988.26
41593000,04,14807.93,66115.58
41593000,05,29647.57,152111.1
41593000,06,85294.72,360649.22
41593000,0700,51933.15,184278.01
41593000,0720,59750.76,205442.35
41593000,0740,61642.04,216060.45
41593000,0800,60537.03,227739.49
41593000,0820,53583.76,218466.99
41593000,0840,42836.93,169756.4
41593000,0900,39820.07,157024.11
41593000,0920,34429.68,144117.37
41593000,0940,30759.8,134187.99
41593000,10,99349.45,420902.65
41593000,11,120020.01,478029.66
41593000,12,137663.54,549048.9
41593000,13,125155.32,516366.04
41593000,14,116253.77,478095.49
41593000,15,124158.28,504634.06
41593000,16,144980.87,549976.37
41593000,1700,63869.93,209522.35
41593000,1720,64282.67,203808.49
41593000,1740,58524.05,187053.98
41593000,1800,78596.14,222859.22999999998
41593000,1820,49573.93,156662.59
41593000,1840,45614.09,146608.24
41593000,1900,46450.52,147063.25
41593000,1920,41564.81,130500.6
41593000,1940,41659.51,124014.92
41593000,20,116993.82,340126.02
41593000,21,92387.93000000001,259463.79
41593000,22,58612.619999999995,158006.69
41593000,23,11050.76,31765.34
41595000,00,16657.8,38228.13
41595000,01,31395.61,73221.45
41595000,02,22743.72,54169.27
41595000,03,16971.98,44546.12
41595000,04,20843.73,70707.02
41595000,05,63684.55,198613.95
41595000,06,194836.05,488114.62
41595000,0700,75792.09,182102.0
41595000,0720,78385.51,191580.81
41595000,0740,76916.27,202408.4
41595000,0800,74554.53,214793.11000000002
41595000,0820,62497.48,218316.26
41595000,0840,49681.58,150175.42
41595000,0900,40358.63,122632.12
41595000,0920,36031.22,116946.8
41595000,0940,31846.33,110713.48
41595000,10,87504.18,318033.05
41595000,11,107065.76,356126.15
41595000,12,139170.92,441022.59
41595000,13,125146.47,432840.64
41595000,14,116143.75,423667.66000000003
41595000,15,125947.16,486198.2
41595000,16,165788.35,563226.51
41595000,1700,75593.69,221930.44
41595000,1720,69772.32,203134.18
41595000,1740,69849.74,199724.03
41595000,1800,88726.7,233910.15
41595000,1820,59585.27,168599.43
41595000,1840,56335.2,161359.92
41595000,1900,57559.65,158527.35
41595000,1920,53627.33,147492.62
41595000,1940,51342.4,140749.7
41595000,20,146318.09,388388.8
41595000,21,118023.19,311332.01
41595000,22,75476.26,191416.93
41595000,23,14357.29,38348.82
41597000,00,38801.52,92207.65
41597000,01,75341.69,181199.09
41597000,02,53419.67,132950.21
41597000,03,38595.12,102428.56999999999
41597000,04,43454.63,148156.03
41597000,05,88571.95,317273.9
41597000,06,234601.08000000002,712321.4
41597000,0700,120968.25,346769.17
41597000,0720,142284.19,402560.33
41597000,0740,147130.59,456288.25
41597000,0800,144658.14,515998.76999999996
41597000,0820,127231.82,523537.38
41597000,0840,103956.61,350148.23
41597000,0900,99672.06,306560.83
41597000,0920,94443.64,306439.27
41597000,0940,84993.76,287871.6
41597000,10,259892.89,852064.96
41597000,11,321460.29,980738.72
41597000,12,357963.4,1111966.29
41597000,13,345168.57,1151402.91
41597000,14,349968.14999999997,1176938.71
41597000,15,372148.91,1317482.23
41597000,16,453495.65,1520533.06
41597000,1700,208818.26,591899.83
41597000,1720,201380.91,559898.4400000001
41597000,1740,193854.63,543078.97
41597000,1800,235845.95,619072.54
41597000,1820,169025.85,471108.60000000003
41597000,1840,157476.57,453201.24
41597000,1900,156069.52,446687.37
41597000,1920,142823.26,407936.21
41597000,1940,141707.63,391158.26
41597000,20,385896.96,1048460.1799999999
41597000,21,305781.2,847802.69
41597000,22,194434.35,526568.54
41597000,23,34485.39,95589.5
41610000,00,27110.24,77767.92
41610000,01,49976.32,146931.41
41610000,02,35707.51,114573.92
41610000,03,26576.010000000002,94606.62
41610000,04,29199.56,137837.62
41610000,05,56388.15,306265.37
41610000,06,128832.67,656127.47
41610000,0700,70249.92,340223.62
41610000,0720,78007.33,362047.36
41610000,0740,81663.84,395267.8
41610000,0800,84434.96,431625.53
41610000,0820,80094.95,430234.87
41610000,0840,59627.66,308535.93
41610000,0900,55040.96,281258.45
41610000,0920,55258.55,284013.03
41610000,0940,51375.31,277988.52
41610000,10,156780.79,847732.5599999999
41610000,11,188895.26,957473.31
41610000,12,222172.78,1106118.05
41610000,13,213416.42,1092068.21
41610000,14,209146.95,1064758.41
41610000,15,226873.55,1156871.7
41610000,16,265857.44,1270511.99
41610000,1700,116473.33,482131.38
41610000,1720,116707.42,463754.35
41610000,1740,113247.32,450518.42
41610000,1800,155591.63,539646.05
41610000,1820,99400.79,379172.13
41610000,1840,91915.12,350420.08
41610000,1900,95644.85,349419.55
41610000,1920,81522.55,301296.81
41610000,1940,79112.95999999999,291326.82
41610000,20,228061.15,782008.64
41610000,21,185800.01,606483.28
41610000,22,114765.71,361608.38
41610000,23,22072.61,80134.89
41630000,00,24802.56,69184.62
41630000,01,50479.159999999996,148769.51
41630000,02,41489.88,127740.3
41630000,03,30219.11,101182.14
41630000,04,32812.78,138689.91999999998
41630000,05,52101.31,256596.16
41630000,06,105832.47,494212.05
41630000,0700,58544.43,248149.21
41630000,0720,72490.87,286782.47
41630000,0740,80734.56,314721.86
41630000,0800,82782.82,347595.78
41630000,0820,74237.49,359952.35
41630000,0840,56374.29,263614.97
41630000,0900,55536.79,236296.82
41630000,0920,53961.34,230891.67
41630000,0940,48350.96,224622.31
41630000,10,147457.81,692208.98
41630000,11,175275.88,775273.28
41630000,12,199179.41,885747.14
41630000,13,193871.84,880998.45
41630000,14,191315.55,852056.22
41630000,15,205763.39,907342.26
41630000,16,241489.15,982341.99
41630000,1700,96110.4,358488.44
41630000,1720,102959.23,356276.39
41630000,1740,97619.33,346532.11
41630000,1800,133424.07,416358.05
41630000,1820,87229.04,294698.91
41630000,1840,78034.89,269301.36
41630000,1900,80507.81,264144.79
41630000,1920,70313.75,231825.1
41630000,1940,68583.27,220590.37
41630000,20,195294.61,605335.97
41630000,21,155351.1,478804.25
41630000,22,101306.83,308183.04
41630000,23,19239.04,63614.43
41650000,00,9837.34,31396.02
41650000,01,19564.8,65593.43
41650000,02,15512.42,52628.159999999996
41650000,03,12120.69,50215.46
41650000,04,15323.37,81883.51
41650000,05,30121.97,181364.58
41650000,06,84180.41,427636.71
41650000,0700,55344.68,235851.38
41650000,0720,64430.48,254279.78
41650000,0740,69965.68,261373.0
41650000,0800,66044.15,263322.68
41650000,0820,57183.59,239995.32
41650000,0840,41640.8,193379.0
41650000,0900,35546.04,177539.47
41650000,0920,34332.659999999996,177199.33
41650000,0940,31778.03,171449.69
41650000,10,100787.62,527154.88
41650000,11,116870.12,582438.63
41650000,12,132429.82,655440.0599999999
41650000,13,118698.19,605224.55
41650000,14,107061.41,527072.59
41650000,15,106351.75,511061.27999999997
41650000,16,112045.69,524254.54000000004
41650000,1700,43050.159999999996,190235.13
41650000,1720,50485.89,193999.57
41650000,1740,45201.92,178011.54
41650000,1800,55053.14,199540.22
41650000,1820,37221.33,140177.79
41650000,1840,32645.62,127414.87999999999
41650000,1900,31470.65,119718.25
41650000,1920,28456.170000000002,103744.3
41650000,1940,27336.48,96895.86
41650000,20,74653.79,253851.91
41650000,21,54734.56,189462.87
41650000,22,34641.81,116332.07
41650000,23,8326.18,35317.4
41670000,00,5854.9400000000005,17057.510000000002
41670000,01,10041.53,32238.08
41670000,02,7186.23,25726.85
41670000,03,5186.83,24474.65
41670000,04,7944.32,54369.49
41670000,05,16565.06,124890.42
41670000,06,38713.4,235524.3
41670000,0700,21496.13,111481.15
41670000,0720,28041.9,136222.12
41670000,0740,31840.37,158327.91
41670000,0800,36103.06,189521.18
41670000,0820,34499.25,188373.93
41670000,0840,27271.64,142399.24
41670000,0900,22928.46,130828.35
41670000,0920,24731.13,138561.36
41670000,0940,23058.82,135020.88
41670000,10,71058.3,404339.06
41670000,11,83912.58,454378.23
41670000,12,94464.47,518522.73
41670000,13,89007.3,488424.58999999997
41670000,14,79175.34,423632.72
41670000,15,76340.27,417119.39
41670000,16,83672.43,446664.39
41670000,1700,34897.67,165102.29
41670000,1720,37699.36,163700.85
41670000,1740,36954.45,161976.97
41670000,1800,46705.79,182065.58
41670000,1820,30088.85,127386.25
41670000,1840,26263.3,112315.20999999999
41670000,1900,26435.01,109403.7
41670000,1920,22281.03,90430.09
41670000,1940,21457.49,85402.14
41670000,20,60230.35,223916.97999999998
41670000,21,44299.049999999996,149817.27
41670000,22,24947.6,81075.42
41670000,23,5564.04,17902.92
41800000,00,2215.28,7015.36
41800000,01,4730.19,14215.55
41800000,02,3483.41,10894.550000000001
41800000,03,2738.25,10717.77
41800000,04,3926.64,17764.99
41800000,05,7692.78,38628.07
41800000,06,18818.98,83035.92
41800000,0700,12343.36,47839.17
41800000,0720,14536.73,48897.13
41800000,0740,14499.55,52261.97
41800000,0800,14156.470000000001,59137.479999999996
41800000,0820,12997.88,60851.6
41800000,0840,10774.9,49306.57
41800000,0900,9024.82,44185.49
41800000,0920,8446.18,44463.04
41800000,0940,7933.25,43970.87
41800000,10,24354.9,132979.57
41800000,11,31251.65,154445.66
41800000,12,32591.1,171064.46
41800000,13,29753.03,154519.46
41800000,14,26809.19,136823.33000000002
41800000,15,27763.8,131285.81
41800000,16,29747.83,138527.43
41800000,1700,10952.57,48070.14
41800000,1720,14073.08,49837.17
41800000,1740,13017.39,44968.97
41800000,1800,16359.93,53572.35
41800000,1820,9190.47,34403.51
41800000,1840,8758.7,31710.56
41800000,1900,9424.81,30084.75
41800000,1920,8498.92,27198.31
41800000,1940,8034.82,25571.57
41800000,20,19216.61,61792.39
41800000,21,12566.880000000001,43500.35
41800000,22,8334.5,26876.51
41800000,23,2767.07,10800.96
41820000,00,3514.07,10791.84
41820000,01,7287.43,23032.21
41820000,02,5385.09,17550.74
41820000,03,4327.1,16525.65
41820000,04,5623.41,29621.71
41820000,05,11619.24,70583.42
41820000,06,24611.5,132076.48
41820000,0700,12560.91,63594.08
41820000,0720,15461.83,72865.41
41820000,0740,17692.52,82126.5
41820000,0800,17662.6,93617.55
41820000,0820,19596.25,105135.22
41820000,0840,17027.5,84855.91
41820000,0900,14296.01,77278.8
41820000,0920,15077.81,82554.39
41820000,0940,15871.67,81875.7
41820000,10,61622.43,260121.78
41820000,11,78225.16,295207.31
41820000,12,74887.34999999999,317624.39
41820000,13,70656.07,299679.76
41820000,14,61581.64,258681.74
41820000,15,53706.26,238889.72
41820000,16,50451.8,247073.4
41820000,1700,18467.16,90330.99
41820000,1720,19230.22,81751.8
41820000,1740,18345.14,80191.1
41820000,1800,23940.9,89146.9
41820000,1820,14866.69,63415.87
41820000,1840,14238.39,57342.4
41820000,1900,13740.9,54781.590000000004
41820000,1920,12106.9,46983.13
41820000,1940,11719.69,44865.6
41820000,20,29463.2,113408.57
41820000,21,22062.48,83142.94
41820000,22,13692.64,47497.03
41820000,23,3387.87,11981.51
41830000,00,5164.29,18872.04
41830000,01,10497.97,40771.1
41830000,02,7924.2300000000005,32435.46
41830000,03,6685.71,28884.22
41830000,04,6995.47,42031.01
41830000,05,12780.21,86225.49
41830000,06,29747.61,187639.11
41830000,0700,16470.47,96432.21
41830000,0720,21605.52,120882.46
41830000,0740,23236.57,141503.65
41830000,0800,27511.6,168352.18
41830000,0820,26416.97,168265.83
41830000,0840,20837.22,133205.49
41830000,0900,18636.28,129457.76
41830000,0920,19091.239999999998,135833.85
41830000,0940,19341.85,137170.28
41830000,10,63767.84,413994.09
41830000,11,77219.23,463508.08999999997
41830000,12,84899.99,524821.38
41830000,13,79449.26,506390.44
41830000,14,74633.88,459867.13
41830000,15,71778.55,440991.22000000003
41830000,16,76115.64,464021.55
41830000,1700,28889.04,161122.73
41830000,1720,31414.43,155724.05
41830000,1740,30244.63,150410.73
41830000,1800,37142.840000000004,167663.46
41830000,1820,24855.41,121357.49
41830000,1840,22512.02,110180.06
41830000,1900,22515.68,106204.82
41830000,1920,20399.59,91772.24
41830000,1940,19151.27,86496.37
41830000,20,52300.95,224166.28
41830000,21,40170.96,164290.91
41830000,22,23620.9,94724.62
41830000,23,4472.33,20368.06
43111000,00,172.2,396.75
43111000,01,266.33,703.01
43111000,02,271.92,873.67
43111000,03,131.6,798.34
43111000,04,386.27,2091.55
43111000,05,888.07,4216.47
43111000,06,1333.75,6022.99
43111000,0700,505.79,2682.09
43111000,0720,697.43,2790.91
43111000,0740,648.89,2899.96
43111000,0800,720.97,3129.09
43111000,0820,752.89,3288.47
43111000,0840,786.1,3273.63
43111000,0900,985.24,3645.61
43111000,0920,1045.54,3892.26
43111000,0940,866.08,3335.41
43111000,10,2899.38,9770.9
43111000,11,2610.68,8406.77
43111000,12,2863.44,9173.01
43111000,13,3409.45,11660.62
43111000,14,3754.93,12442.6
43111000,15,4157.9,13264.07
43111000,16,4080.44,12188.2
43111000,1700,1312.48,3665.6
43111000,1720,1218.28,3548.08
43111000,1740,1274.03,2930.33
43111000,1800,1480.89,3415.38
43111000,1820,1074.72,2577.9
43111000,1840,1039.43,2629.4700000000003
43111000,1900,975.9,2595.27
43111000,1920,1043.66,2413.58
43111000,1940,949.83,2257.76
43111000,20,2095.86,4774.88
43111000,21,746.23,1683.52
43111000,22,38.370000000000005,85.1
43112000,00,137.22,577.86
43112000,01,279.81,1180.1
43112000,02,357.85,1364.04
43112000,03,295.24,1598.35
43112000,04,965.23,4702.49
43112000,05,2445.78,8553.03
43112000,06,4164.34,12730.22
43112000,0700,1425.28,4775.27
43112000,0720,1191.71,4199.97
43112000,0740,1133.78,4062.38
43112000,0800,1228.51,4134.92
43112000,0820,1280.45,4446.89
43112000,0840,1184.62,4457.74
43112000,0900,1429.53,4961.34
43112000,0920,1239.41,4844.1
43112000,0940,1268.06,4509.9
43112000,10,3757.0,13299.0
43112000,11,3384.64,11315.21
43112000,12,3778.61,12177.68
43112000,13,4167.63,13855.2
43112000,14,4376.83,15307.63
43112000,15,4736.2300000000005,15924.71
43112000,16,4372.97,14206.800000000001
43112000,1700,1527.5,4469.67
43112000,1720,1539.14,4347.84
43112000,1740,1297.93,4047.3399999999997
43112000,1800,1600.76,3985.62
43112000,1820,1206.35,3388.1800000000003
43112000,1840,1304.12,3369.23
43112000,1900,1106.97,3180.52
43112000,1920,1250.12,3173.73
43112000,1940,1128.28,2863.93
43112000,20,2581.32,6436.4800000000005
43112000,21,988.1,2578.93
43112000,22,74.49,189.29
43112000,23,0.0,4.72
43113000,00,330.02,999.01
43113000,01,504.6,1762.1200000000001
43113000,02,447.57,1741.15
43113000,03,673.1,3616.95
43113000,04,2330.39,10414.09
43113000,05,6718.92,23413.13
43113000,06,13367.34,36413.9
43113000,0700,5322.13,12945.79
43113000,0720,4354.06,11298.93
43113000,0740,4211.62,11077.81
43113000,0800,3283.72,10134.53
43113000,0820,3448.42,10701.1
43113000,0840,3240.2,10466.69
43113000,0900,3305.6,10189.91
43113000,0920,3527.18,10930.97
43113000,0940,3554.86,10368.64
43113000,10,8646.04,27449.95
43113000,11,7740.07,22665.66
43113000,12,8969.43,25302.13
43113000,13,9371.65,28038.63
43113000,14,10490.01,30451.46
43113000,15,11510.74,32650.28
43113000,16,13266.26,33644.75
43113000,1700,4635.88,11134.7
43113000,1720,4604.74,10658.34
43113000,1740,4416.24,9437.23
43113000,1800,4619.38,9864.07
43113000,1820,3516.1,7846.64
43113000,1840,3253.35,7214.84
43113000,1900,3047.54,6796.86
43113000,1920,3122.26,6690.57
43113000,1940,2984.01,6244.1900000000005
43113000,20,7180.900000000001,14840.69
43113000,21,3034.39,6375.28
43113000,22,411.74,777.99
43113000,23,2.11,15.61
43114000,00,147.58,517.42
43114000,01,342.71,899.44
43114000,02,297.91,1076.47
43114000,03,658.12,2154.67
43114000,04,1621.3,5952.79
43114000,05,2733.25,10282.82
43114000,06,4513.13,16399.29
43114000,0700,2157.88,6292.83
43114000,0720,1995.33,5863.1
43114000,0740,1959.82,6049.55
43114000,0800,2110.33,6479.81
43114000,0820,2034.91,6432.45
43114000,0840,2236.29,6668.0
43114000,0900,2176.51,7202.5
43114000,0920,2239.87,7334.93
43114000,0940,2104.32,6766.45
43114000,10,5950.2300000000005,19026.84
43114000,11,4882.0599999999995,15409.43
43114000,12,5062.11,16286.9
43114000,13,5940.35,19295.59
43114000,14,6235.37,20291.79
43114000,15,7115.73,21329.55
43114000,16,6999.05,20564.94
43114000,1700,2505.8,6787.32
43114000,1720,2377.61,5884.96
43114000,1740,2138.58,5356.11
43114000,1800,2405.66,5549.29
43114000,1820,2133.98,4741.83
43114000,1840,1610.29,3826.72
43114000,1900,1710.59,3925.09
43114000,1920,1478.58,3388.93
43114000,1940,1611.21,3319.92
43114000,20,3591.98,7830.49
43114000,21,1343.89,3095.06
43114000,22,150.47,372.06
43114000,23,0.0,2.82
43130000,00,239.31,887.13
43130000,01,429.37,1736.43
43130000,02,415.97,1795.82
43130000,03,563.99,4397.43
43130000,04,1727.28,16797.48
43130000,05,4210.6,30751.05
43130000,06,6402.93,33191.78
43130000,0700,2519.06,11507.1
43130000,0720,2558.74,11530.21
43130000,0740,2765.39,11871.01
43130000,0800,2771.86,12901.19
43130000,0820,2776.17,14409.99
43130000,0840,2723.42,15110.93
43130000,0900,3055.24,17429.37
43130000,0920,2655.92,16817.19
43130000,0940,2915.78,16990.03
43130000,10,8325.88,46514.02
43130000,11,7795.4400000000005,37405.14
43130000,12,7460.29,34804.89
43130000,13,8201.289999999999,36403.92
43130000,14,7931.26,34343.41
43130000,15,8721.16,35165.0
43130000,16,9875.51,35507.02
43130000,1700,3153.1,10805.32
43130000,1720,3084.29,9541.42
43130000,1740,2698.83,7897.15
43130000,1800,2943.5,8368.79
43130000,1820,2145.14,6572.75
43130000,1840,1977.22,6100.87
43130000,1900,2025.45,5810.18
43130000,1920,1896.85,5379.56
43130000,1940,1753.81,4949.86
43130000,20,4806.15,12978.86
43130000,21,2007.21,5502.16
43130000,22,239.01,745.71
43130000,23,7.5600000000000005,26.94
43150000,00,90.06,383.15
43150000,01,136.24,542.13
43150000,02,105.14999999999999,528.39
43150000,03,99.71,914.55
43150000,04,491.67,3091.14
43150000,05,1458.17,7760.860000000001
43150000,06,3259.52,13509.85
43150000,0700,1118.1,5272.86
43150000,0720,1078.43,4997.86
43150000,0740,1044.76,5164.62
43150000,0800,1333.3,6108.0599999999995
43150000,0820,1265.1,6239.72
43150000,0840,1457.29,6744.93
43150000,0900,1665.93,7146.06
43150000,0920,1587.51,6616.7699999999995
43150000,0940,1499.35,6458.5599999999995
43150000,10,4372.94,16583.96
43150000,11,3485.18,13208.48
43150000,12,3721.37,14066.01
43150000,13,3736.19,15353.92
43150000,14,3610.75,14761.039999999999
43150000,15,3353.63,13206.91
43150000,16,3521.05,13499.98
43150000,1700,1238.8,4204.88
43150000,1720,1049.83,3322.38
43150000,1740,880.89,3256.36
43150000,1800,1026.44,3209.4
43150000,1820,1015.62,2977.87
43150000,1840,1358.1399999999999,3389.28
43150000,1900,719.64,2283.04
43150000,1920,738.33,2048.96
43150000,1940,575.12,1642.8
43150000,20,1449.04,4173.87
43150000,21,640.22,1749.65
43150000,22,30.72,120.25
43720000,00,10.489999999999998,36.93
43720000,01,37.269999999999996,102.42
43720000,02,23.5,130.6
43720000,03,43.5,399.7
43720000,04,246.93,1259.56
43720000,05,292.3,2374.42
43720000,06,585.0600000000001,3295.68
43720000,0700,351.21,1546.93
43720000,0720,326.35,1418.54
43720000,0740,250.78,1342.45
43720000,0800,222.07,1435.17
43720000,0820,296.92,1708.02
43720000,0840,453.15,1647.32
43720000,0900,429.96,1618.6399999999999
43720000,0920,217.26,1196.88
43720000,0940,204.37,1208.33
43720000,10,463.63,2417.76
43720000,11,314.01,1769.09
43720000,12,340.68,1837.2
43720000,13,374.37,2123.49
43720000,14,314.14,1955.55
43720000,15,231.3,1776.92
43720000,16,315.41,1530.25
43720000,1700,92.78,407.57
43720000,1720,81.88,471.27
43720000,1740,32.92,258.24
43720000,1800,69.15,298.8
43720000,1820,72.43,277.11
43720000,1840,39.98,211.31
43720000,1900,65.6,250.46
43720000,1920,104.97,306.67
43720000,1940,80.7,306.0
43720000,20,119.88,563.85
43720000,21,55.03,169.52
43720000,22,6.11,14.89
43720000,23,3.18,3.18
43730000,00,48.79,307.28
43730000,01,147.4,589.74
43730000,02,46.88,403.73
43730000,03,58.28,443.61
43730000,04,160.47,1161.0
43730000,05,475.41,2824.81
43730000,06,1673.72,7032.72
43730000,0700,742.4,3394.2400000000002
43730000,0720,500.49,2261.01
43730000,0740,373.0,2009.26
43730000,0800,343.25,1855.08
43730000,0820,224.17,1619.9
43730000,0840,235.77,1617.1
43730000,0900,264.14,1656.6100000000001
43730000,0920,255.76,1605.44
43730000,0940,227.89,1514.64
43730000,10,554.58,3820.53
43730000,11,529.44,3055.5
43730000,12,608.23,3361.76
43730000,13,662.27,3729.01
43730000,14,603.63,3383.5499999999997
43730000,15,676.38,3673.77
43730000,16,713.04,3508.56
43730000,1700,181.60999999999999,973.29
43730000,1720,205.92000000000002,915.02
43730000,1740,223.13,864.47
43730000,1800,139.73,708.04
43730000,1820,66.18,661.63
43730000,1840,120.75,765.61
43730000,1900,142.82999999999998,755.14
43730000,1920,170.21,809.98
43730000,1940,110.47,564.89
43730000,20,225.42,1248.66
43730000,21,62.95,322.64
43730000,22,5.85,45.08
43740000,00,2.61,38.21
43740000,01,25.32,98.3
43740000,02,2.5,83.36
43740000,03,42.47,235.97
43740000,04,96.69,743.42
43740000,05,332.68,2431.61
43740000,06,470.24,3725.17
43740000,0700,229.03,1386.77
43740000,0720,162.67,1124.73
43740000,0740,187.03,1249.07
43740000,0800,184.14000000000001,1282.62
43740000,0820,96.31,825.95
43740000,0840,144.01,945.1
43740000,0900,139.54999999999998,890.01
43740000,0920,122.35,725.93
43740000,0940,108.99,770.01
43740000,10,315.58,1777.67
43740000,11,240.32,1574.79
43740000,12,351.14,1885.79
43740000,13,494.04,2396.87
43740000,14,439.21999999999997,2334.88
43740000,15,393.51,2076.63
43740000,16,392.15999999999997,1572.0
43740000,1700,123.09,436.39
43740000,1720,126.94,378.7
43740000,1740,85.87,303.33
43740000,1800,110.62,369.28999999999996
43740000,1820,98.81,308.77
43740000,1840,73.19,269.42
43740000,1900,106.18,350.44
43740000,1920,104.69,230.5
43740000,1940,92.75,307.6
43740000,20,238.47,787.34
43740000,21,24.490000000000002,111.25
43740000,22,0.0,3.46
43745000,00,37.35,91.33
43745000,01,44.06,220.54
43745000,02,33.22,125.15
43745000,03,49.7,244.46
43745000,04,189.56,838.27
43745000,05,453.8,2069.39
43745000,06,673.8,2742.87
43745000,0700,300.1,874.41
43745000,0720,227.73,991.5799999999999
43745000,0740,221.52,1084.01
43745000,0800,222.85,1324.56
43745000,0820,213.8,1246.7
43745000,0840,301.63,1467.35
43745000,0900,327.17,1516.91
43745000,0920,329.75,1568.95
43745000,0940,272.38,1421.67
43745000,10,958.25,3842.68
43745000,11,992.88,3302.0299999999997
43745000,12,996.68,3290.87
43745000,13,1008.97,3735.0299999999997
43745000,14,1056.16,3905.25
43745000,15,1145.15,3724.01
43745000,16,1186.66,3852.5
43745000,1700,380.77,1134.3
43745000,1720,367.78999999999996,930.35
43745000,1740,302.29,892.52
43745000,1800,386.64,1079.01
43745000,1820,262.05,641.94
43745000,1840,262.1,667.46
43745000,1900,266.79,635.67
43745000,1920,187.75,531.66
43745000,1940,278.37,686.74
43745000,20,529.65,1277.95
43745000,21,235.12,573.4399999999999
43745000,22,41.13,99.53999999999999
43750000,00,181.99,883.22
43750000,01,423.97,1633.63
43750000,02,280.92,1451.47
43750000,03,265.46,2373.87
43750000,04,883.47,6661.54
43750000,05,2875.08,16996.22
43750000,06,6646.88,28709.73
43750000,0700,2641.69,10099.99
43750000,0720,1831.1100000000001,8015.57
43750000,0740,1687.16,7912.2699999999995
43750000,0800,1648.73,8510.49
43750000,0820,1425.8,8204.62
43750000,0840,1439.18,8171.63
43750000,0900,1437.83,8578.75
43750000,0920,1386.48,8703.4
43750000,0940,1214.73,8171.8
43750000,10,3693.53,23041.78
43750000,11,4119.81,20767.41
43750000,12,4306.24,21968.68
43750000,13,4268.5199999999995,22201.739999999998
43750000,14,4619.53,21065.19
43750000,15,4924.76,20596.87
43750000,16,5319.34,21773.67
43750000,1700,2126.31,7891.39
43750000,1720,1848.72,6567.37
43750000,1740,1782.49,5901.21
43750000,1800,2200.41,7152.57
43750000,1820,1582.77,5063.99
43750000,1840,1378.28,4326.82
43750000,1900,1390.8,4466.14
43750000,1920,1142.92,3843.73
43750000,1940,1164.82,3479.31
43750000,20,2834.2200000000003,8375.51
43750000,21,1749.95,4780.68
43750000,22,367.19,1123.39
43750000,23,7.33,34.42
43760000,00,27.89,202.38
43760000,01,65.92999999999999,401.16999999999996
43760000,02,98.78,457.65
43760000,03,103.78,699.67
43760000,04,264.75,2019.64
43760000,05,695.82,5156.64
43760000,06,1086.5,8042.14
43760000,0700,496.27,3188.03
43760000,0720,461.24,3201.66
43760000,0740,510.41,3130.94
43760000,0800,603.82,3674.41
43760000,0820,590.56,3387.97
43760000,0840,553.5,3867.23
43760000,0900,662.15,3844.7
43760000,0920,552.17,3346.17
43760000,0940,575.59,3528.0
43760000,10,1597.26,9428.18
43760000,11,1265.68,6916.74
43760000,12,1247.05,6527.78
43760000,13,1168.03,7457.15
43760000,14,969.92,6160.31
43760000,15,1060.65,6102.34
43760000,16,970.8000000000001,5550.62
43760000,1700,342.54,1832.37
43760000,1720,279.61,1268.23
43760000,1740,228.17,1147.32
43760000,1800,233.87,1258.67
43760000,1820,167.42000000000002,921.55
43760000,1840,167.98,889.66
43760000,1900,187.97,755.07
43760000,1920,136.97,719.96
43760000,1940,158.22,676.23
43760000,20,386.24,1664.42
43760000,21,135.71,677.66
43760000,22,2.71,53.91
43770000,00,323.35,1336.93
43770000,01,640.89,2637.29
43770000,02,512.16,3145.11
43770000,03,586.71,4913.26
43770000,04,1377.01,15338.69
43770000,05,4869.46,34021.39
43770000,06,12972.87,58615.36
43770000,0700,6235.85,22936.69
43770000,0720,5266.08,20083.86
43770000,0740,4628.7699999999995,19163.79
43770000,0800,3983.62,19361.92
43770000,0820,3646.75,18086.45
43770000,0840,3358.62,16930.42
43770000,0900,3085.98,17392.97
43770000,0920,2824.39,17272.89
43770000,0940,2402.83,15949.869999999999
43770000,10,6870.78,45187.47
43770000,11,6674.87,41679.67
43770000,12,7541.25,42413.1
43770000,13,6994.62,41444.52
43770000,14,6524.18,37209.4
43770000,15,6601.32,36650.43
43770000,16,7091.29,36808.61
43770000,1700,3091.13,13710.79
43770000,1720,2723.33,12976.58
43770000,1740,2724.93,11874.55
43770000,1800,3014.55,11648.13
43770000,1820,2346.74,8676.11
43770000,1840,2004.03,7532.24
43770000,1900,1859.58,7155.37
43770000,1920,1788.65,6500.53
43770000,1940,1637.85,6043.79
43770000,20,4664.49,16117.8
43770000,21,3142.04,10048.289999999999
43770000,22,1095.39,3663.58
43770000,23,194.71,615.46
43800000,00,11.43,115.44
43800000,01,28.08,237.54
43800000,02,74.03,354.81
43800000,03,74.06,502.35
43800000,04,179.3,1291.43
43800000,05,477.06,3820.88
43800000,06,641.72,5476.79
43800000,0700,286.29,2254.57
43800000,0720,259.01,2183.12
43800000,0740,264.54,2332.86
43800000,0800,375.26,2911.68
43800000,0820,451.79,2637.2
43800000,0840,475.93,2626.49
43800000,0900,550.53,2749.59
43800000,0920,453.55,2560.48
43800000,0940,486.18,2414.77
43800000,10,1241.61,5523.12
43800000,11,1003.41,4238.72
43800000,12,922.53,4081.5299999999997
43800000,13,800.62,4033.3
43800000,14,647.57,3783.94
43800000,15,567.3,3021.73
43800000,16,607.69,2832.45
43800000,1700,143.07,617.74
43800000,1720,100.57,575.29
43800000,1740,101.12,506.59
43800000,1800,165.75,546.0600000000001
43800000,1820,124.81,447.76
43800000,1840,132.72,496.46
43800000,1900,113.45,467.90999999999997
43800000,1920,75.24,392.7
43800000,1940,89.23,337.29
43800000,20,150.93,674.41
43800000,21,75.2,234.25
43800000,22,2.58,16.97
44131000,00,511.65999999999997,1605.92
44131000,01,934.01,2983.24
44131000,02,864.6899999999999,2976.39
44131000,03,737.32,3256.54
44131000,04,1675.6299999999999,9650.64
44131000,05,8792.87,31506.06
44131000,06,25999.07,69393.15
44131000,0700,11647.37,30388.93
44131000,0720,11427.34,28531.08
44131000,0740,10655.77,28414.81
44131000,0800,10054.8,27679.66
44131000,0820,8631.49,25494.15
44131000,0840,8230.34,25293.22
44131000,0900,7838.79,25858.29
44131000,0920,7427.07,24838.81
44131000,0940,7401.79,23921.77
44131000,10,20625.8,64927.51
44131000,11,18355.55,54935.35
44131000,12,16536.89,51413.7
44131000,13,15840.619999999999,53871.25
44131000,14,15736.47,53876.75
44131000,15,16882.59,55758.07
44131000,16,19770.7,58511.71
44131000,1700,8593.4,22084.21
44131000,1720,6896.82,18411.28
44131000,1740,6638.38,17333.01
44131000,1800,8712.54,20244.22
44131000,1820,5605.12,13599.52
44131000,1840,4653.8,12113.11
44131000,1900,4939.4,11927.35
44131000,1920,4155.73,10873.04
44131000,1940,4116.7699999999995,9908.96
44131000,20,11516.94,26638.510000000002
44131000,21,6433.3,14206.31
44131000,22,1324.69,2870.36
44131000,23,19.16,62.12
44133000,00,1475.51,3767.49
44133000,01,2630.09,6313.16
44133000,02,2135.97,6064.96
44133000,03,1646.58,6185.47
44133000,04,3825.04,16861.49
44133000,05,13509.3,52883.01
44133000,06,36447.69,110786.21
44133000,0700,19449.42,48583.49
44133000,0720,18222.0,45623.48
44133000,0740,17161.44,44904.98
44133000,0800,16024.93,42014.73
44133000,0820,12831.88,37095.34
44133000,0840,10605.43,31299.93
44133000,0900,9853.99,31380.41
44133000,0920,7717.69,27976.96
44133000,0940,7640.66,26761.63
44133000,10,23828.25,80380.62
44133000,11,25787.22,81444.78
44133000,12,26788.35,86560.23
44133000,13,25548.73,87253.95
44133000,14,28357.58,90886.76
44133000,15,31788.02,100516.81
44133000,16,39349.25,114059.54000000001
44133000,1700,18723.829999999998,47017.53
44133000,1720,17105.87,41567.58
44133000,1740,14305.35,35827.07
44133000,1800,19817.39,44090.86
44133000,1820,12153.4,28812.75
44133000,1840,10587.09,25811.7
44133000,1900,11114.44,26140.16
44133000,1920,9815.25,23873.15
44133000,1940,9161.47,21824.82
44133000,20,25851.02,58231.0
44133000,21,14684.19,32605.77
44133000,22,4073.1,9436.61
44133000,23,163.29,487.22
44150000,00,84.27,392.87
44150000,01,222.58,1087.4
44150000,02,227.5,1281.4
44150000,03,242.37,2259.99
44150000,04,745.47,5676.19
44150000,05,1823.6100000000001,13512.75
44150000,06,2893.15,18265.28
44150000,0700,1146.48,6916.11
44150000,0720,1304.93,6673.57
44150000,0740,1353.2,6839.3
44150000,0800,1470.22,8529.76
44150000,0820,1419.41,7363.12
44150000,0840,1617.97,8152.6
44150000,0900,1762.63,8606.17
44150000,0920,1865.38,8354.08
44150000,0940,1712.0,8031.09
44150000,10,4724.93,21671.98
44150000,11,3787.3,15601.57
44150000,12,3164.73,13568.67
44150000,13,3148.68,13490.2
44150000,14,3214.7400000000002,13198.27
44150000,15,3298.44,13456.4
44150000,16,2834.62,12490.4
44150000,1700,939.38,3860.43
44150000,1720,802.84,2849.95
44150000,1740,735.0799999999999,2756.62
44150000,1800,872.26,2630.63
44150000,1820,673.12,2117.1
44150000,1840,688.2,2156.16
44150000,1900,672.87,2155.91
44150000,1920,635.88,2144.05
44150000,1940,529.81,1725.05
44150000,20,1023.79,3577.93
44150000,21,530.17,1937.51
44150000,22,97.95,303.94
44150000,23,0.0,3.32
44180000,00,98.88,334.84
44180000,01,220.02,1014.64
44180000,02,255.38,1263.23
44180000,03,259.52,1524.44
44180000,04,472.96,2968.35
44180000,05,1010.37,5210.48
44180000,06,1181.14,7591.54
44180000,0700,499.69,3153.96
44180000,0720,456.16,3360.5899999999997
44180000,0740,624.09,3319.26
44180000,0800,670.08,4570.59
44180000,0820,655.73,3781.87
44180000,0840,708.33,4132.14
44180000,0900,916.56,4424.96
44180000,0920,782.12,4002.71
44180000,0940,769.72,3969.2200000000003
44180000,10,2062.48,9880.41
44180000,11,1974.29,8298.86
44180000,12,2438.03,10407.5
44180000,13,2429.19,10773.26
44180000,14,2502.7599999999998,10604.26
44180000,15,2077.44,9161.69
44180000,16,1881.66,7433.57
44180000,1700,642.0500000000001,2190.94
44180000,1720,552.85,1964.45
44180000,1740,575.44,1919.59
44180000,1800,732.7,2149.08
44180000,1820,495.09,1600.45
44180000,1840,432.37,1445.03
44180000,1900,484.46,1445.6
44180000,1920,412.62,1391.06
44180000,1940,344.49,929.8299999999999
44180000,20,859.03,2541.25
44180000,21,276.17,830.53
44180000,22,12.86,21.35
44200000,00,961.1899999999999,3337.6
44200000,01,2096.6,5548.61
44200000,02,1558.36,4806.7
44200000,03,1349.61,6410.45
44200000,04,3794.96,20071.96
44200000,05,16500.77,66879.33
44200000,06,35564.65,118338.26
44200000,0700,15417.35,47915.48
44200000,0720,16026.66,44395.91
44200000,0740,13318.77,38828.13
44200000,0800,10653.71,36790.09
44200000,0820,8342.57,33355.33
44200000,0840,8183.63,32761.54
44200000,0900,7935.400000000001,34017.8
44200000,0920,7127.39,31553.19
44200000,0940,6580.05,30288.29
44200000,10,20611.35,86778.35
44200000,11,20096.03,80149.5
44200000,12,21991.66,83778.48
44200000,13,22263.309999999998,84773.0
44200000,14,23009.079999999998,83622.22
44200000,15,23934.71,86506.16
44200000,16,27824.95,93171.92
44200000,1700,12876.789999999999,35737.68
44200000,1720,11616.78,31525.72
44200000,1740,9870.41,26248.32
44200000,1800,12358.11,29898.29
44200000,1820,7591.12,21359.21
44200000,1840,7187.23,18728.64
44200000,1900,7624.01,19712.34
44200000,1920,6612.99,16566.38
44200000,1940,6294.14,16286.16
44200000,20,18126.09,44217.74
44200000,21,9764.26,24743.18
44200000,22,2846.54,6843.4
44200000,23,155.79,421.8
44210000,00,323.93,809.15
44210000,01,520.44,1568.71
44210000,02,506.38,1818.48
44210000,03,533.98,3115.27
44210000,04,1403.52,8839.3
44210000,05,3419.35,18095.76
44210000,06,5092.61,25908.39
44210000,0700,1829.76,9454.65
44210000,0720,1726.05,9273.88
44210000,0740,1618.67,8477.83
44210000,0800,1623.8,10313.03
44210000,0820,1698.83,9464.4
44210000,0840,1787.01,10088.73
44210000,0900,1985.8,10632.36
44210000,0920,1820.4,10024.05
44210000,0940,2127.09,10027.8
44210000,10,5765.89,27152.99
44210000,11,4507.12,20876.48
44210000,12,5053.09,21250.6
44210000,13,5678.37,23345.48
44210000,14,6067.69,24765.98
44210000,15,6220.98,22376.01
44210000,16,5979.2300000000005,21328.38
44210000,1700,2016.73,6234.94
44210000,1720,1645.03,5201.58
44210000,1740,1602.51,4818.08
44210000,1800,1789.06,5055.52
44210000,1820,1434.48,4097.03
44210000,1840,1429.08,4057.42
44210000,1900,1508.65,4046.53
44210000,1920,1442.68,3945.9
44210000,1940,1389.94,3768.44
44210000,20,3519.15,9241.68
44210000,21,1572.5,4081.78
44210000,22,191.11,495.91
44210000,23,3.34,38.51
44230000,00,36.21,207.24
44230000,01,119.03999999999999,682.25
44230000,02,108.14,565.86
44230000,03,139.28,877.62
44230000,04,462.93,2566.18
44230000,05,1422.01,7239.39
44230000,06,2521.59,12184.71
44230000,0700,1105.72,4719.37
44230000,0720,1070.04,4406.13
44230000,0740,1009.81,4285.1
44230000,0800,1075.35,4834.3099999999995
44230000,0820,1049.43,4465.58
44230000,0840,1370.01,5298.099999999999
44230000,0900,1526.11,5300.94
44230000,0920,1190.04,4356.65
44230000,0940,1092.56,3793.39
44230000,10,2115.69,8477.64
44230000,11,1597.5,6148.62
44230000,12,1585.18,6584.5599999999995
44230000,13,1727.08,7208.24
44230000,14,1913.3,7456.67
44230000,15,1812.7,6683.02
44230000,16,1762.31,6085.67
44230000,1700,496.91,1764.01
44230000,1720,491.34000000000003,1409.3
44230000,1740,393.61,1253.67
44230000,1800,461.3,1612.77
44230000,1820,358.8,1085.96
44230000,1840,375.73,1102.17
44230000,1900,360.82,1144.17
44230000,1920,372.98,986.15
44230000,1940,318.83,870.59
44230000,20,724.3,2098.94
44230000,21,222.03,722.64
44230000,22,6.92,30.4
44250000,00,6.31,77.79
44250000,01,19.880000000000003,79.06
44250000,02,3.98,91.4
44250000,03,32.83,200.93
44250000,04,83.61,499.38
44250000,05,293.33,1072.2
44250000,06,479.92,1710.0
44250000,0700,123.78,647.06
44250000,0720,138.32,590.08
44250000,0740,125.24000000000001,534.72
44250000,0800,159.27,707.8
44250000,0820,176.32999999999998,688.89
44250000,0840,197.51,655.17
44250000,0900,218.81,821.62
44250000,0920,170.23000000000002,633.59
44250000,0940,144.33,621.86
44250000,10,390.74,1495.42
44250000,11,496.40000000000003,1704.46
44250000,12,577.92,1962.33
44250000,13,763.17,2702.45
44250000,14,925.76,3241.3
44250000,15,950.76,3143.31
44250000,16,1329.54,3817.6
44250000,1700,300.96999999999997,970.48
44250000,1720,170.64,765.59
44250000,1740,266.35,760.54
44250000,1800,187.01,521.01
44250000,1820,140.35,551.69
44250000,1840,207.11,681.88
44250000,1900,178.97,590.79
44250000,1920,156.98000000000002,470.74
44250000,1940,207.92,687.18
44250000,20,560.27,1560.75
44250000,21,78.86,324.63
44250000,22,2.13,12.11
44270000,00,469.55,1426.1200000000001
44270000,01,756.4,2517.16
44270000,02,669.87,2981.17
44270000,03,663.56,4445.58
44270000,04,2181.3,13453.17
44270000,05,6220.04,33142.89
44270000,06,11145.69,46737.93
44270000,0700,3032.84,15667.31
44270000,0720,2965.75,13854.77
44270000,0740,2594.07,13848.6
44270000,0800,2611.77,15039.199999999999
44270000,0820,2701.18,15946.71
44270000,0840,2622.14,16255.0
44270000,0900,2932.15,17767.27
44270000,0920,3047.53,17089.93
44270000,0940,2846.45,17185.55
44270000,10,9530.61,50600.98
44270000,11,9413.43,44142.67
44270000,12,9427.38,42169.42
44270000,13,9721.01,43535.19
44270000,14,9838.87,41148.78
44270000,15,10106.26,39927.38
44270000,16,9782.76,37184.86
44270000,1700,3980.48,12293.9
44270000,1720,3190.9,10214.91
44270000,1740,2636.98,8781.53
44270000,1800,2895.84,8838.9
44270000,1820,2436.28,7461.07
44270000,1840,2278.32,6731.79
44270000,1900,2341.28,6663.57
44270000,1920,2069.6,5947.83
44270000,1940,1901.69,6005.48
44270000,20,5453.25,15578.86
44270000,21,3196.88,8566.13
44270000,22,845.84,2126.85
44270000,23,50.16,159.2
44710000,00,13.29,118.89
44710000,01,63.36,232.39000000000001
44710000,02,37.19,297.64
44710000,03,99.64,695.67
44710000,04,429.45,2432.86
44710000,05,1244.14,6618.62
44710000,06,1713.58,9984.2
44710000,0700,386.53,3064.64
44710000,0720,326.82,2524.88
44710000,0740,338.46,1947.53
44710000,0800,382.27,2209.39
44710000,0820,303.29,2105.6
44710000,0840,336.63,2050.11
44710000,0900,352.07,1887.81
44710000,0920,253.02,1516.81
44710000,0940,296.31,1763.48
44710000,10,585.24,3766.34
44710000,11,529.12,2836.98
44710000,12,553.25,2740.68
44710000,13,536.67,3109.19
44710000,14,478.51,3057.7
44710000,15,556.28,2870.99
44710000,16,486.12,2315.7200000000003
44710000,1700,214.82,746.26
44710000,1720,154.94,710.44
44710000,1740,139.92,464.28
44710000,1800,163.42000000000002,485.91
44710000,1820,172.79,564.9
44710000,1840,129.15,519.86
44710000,1900,145.13,426.76
44710000,1920,61.81,239.3
44710000,1940,108.35,335.92
44710000,20,187.86,595.55
44710000,21,41.19,201.51
44710000,22,2.76,2.76
44760000,00,47.97,177.52
44760000,01,32.51,326.24
44760000,02,47.019999999999996,338.66
44760000,03,68.27,735.76
44760000,04,260.27,2029.39
44760000,05,590.75,4039.43
44760000,06,857.9399999999999,5756.36
44760000,0700,355.84000000000003,2160.86
44760000,0720,308.9,2414.2400000000002
44760000,0740,432.48,2503.0
44760000,0800,506.33,2660.6
44760000,0820,526.76,2924.3
44760000,0840,669.34,3028.46
44760000,0900,743.76,3348.59
44760000,0920,552.59,2912.53
44760000,0940,598.53,2838.04
44760000,10,1397.47,6755.4
44760000,11,1049.35,5048.43
44760000,12,982.02,4770.08
44760000,13,1164.51,5244.9
44760000,14,1025.29,5504.28
44760000,15,1006.86,5164.35
44760000,16,861.95,4180.83
44760000,1700,260.26,1173.27
44760000,1720,207.28,958.87
44760000,1740,229.31,938.27
44760000,1800,279.54,942.88
44760000,1820,237.78,832.13
44760000,1840,144.52,623.55
44760000,1900,202.36,657.37
44760000,1920,233.38,744.37
44760000,1940,114.14,605.15
44760000,20,450.90999999999997,1568.55
44760000,21,138.37,484.96000000000004
44760000,22,0.0,9.09
44770000,00,24.43,151.26999999999998
44770000,01,29.21,310.32
44770000,02,37.26,373.25
44770000,03,41.99,452.27
44770000,04,120.54,1404.17
44770000,05,369.97,3241.6
44770000,06,545.72,5374.13
44770000,0700,216.2,2315.05
44770000,0720,344.93,2412.36
44770000,0740,237.74,2083.42
44770000,0800,389.73,2812.32
44770000,0820,339.85,2425.31
44770000,0840,318.03,2278.27
44770000,0900,351.46000000000004,2775.88
44770000,0920,346.43,2119.59
44770000,0940,305.03000000000003,2050.98
44770000,10,875.41,4796.37
44770000,11,646.75,3267.36
44770000,12,757.85,3911.27
44770000,13,741.15,4325.04
44770000,14,586.38,3850.91
44770000,15,483.83,3283.98
44770000,16,548.54,2780.8
44770000,1700,162.61,697.55
44770000,1720,172.24,647.64
44770000,1740,144.25,575.82
44770000,1800,144.45,593.62
44770000,1820,111.36,556.78
44770000,1840,89.73,462.1
44770000,1900,94.88,459.62
44770000,1920,80.88,417.21
44770000,1940,71.98,385.24
44770000,20,215.99,856.72
44770000,21,47.06,208.17000000000002
44770000,22,0.0,3.5
44770000,23,2.87,2.87
44790000,00,23.07,90.11
44790000,01,50.980000000000004,203.01
44790000,02,15.58,225.57
44790000,03,47.57,612.96
44790000,04,87.19,1086.1399999999999
44790000,05,245.88,2625.54
44790000,06,466.98,5268.15
44790000,0700,160.92000000000002,2276.06
44790000,0720,150.18,1961.43
44790000,0740,168.82999999999998,1629.1299999999999
44790000,0800,196.76999999999998,2214.89
44790000,0820,210.04,1654.49
44790000,0840,216.24,2027.55
44790000,0900,273.52,1572.07
44790000,0920,241.93,1329.81
44790000,0940,221.56,1431.06
44790000,10,484.4,3272.47
44790000,11,402.33,2371.36
44790000,12,426.14,2818.42
44790000,13,442.74,2838.26
44790000,14,430.27,2687.44
44790000,15,467.7,2544.39
44790000,16,300.56,1884.99
44790000,1700,93.6,648.36
44790000,1720,74.19,505.49
44790000,1740,145.01,747.15
44790000,1800,121.9,528.1
44790000,1820,80.81,414.46
44790000,1840,81.24,400.9
44790000,1900,51.5,255.94
44790000,1920,81.63,310.96
44790000,1940,139.23,585.89
44790000,20,169.19,710.01
44790000,21,83.83,320.78000000000003
44790000,22,9.969999999999999,31.2
44800000,00,84.33,310.44
44800000,01,78.35,535.03
44800000,02,95.15,562.6899999999999
44800000,03,164.62,1051.68
44800000,04,567.96,3194.31
44800000,05,1221.81,7482.14
44800000,06,2017.01,12893.52
44800000,0700,606.1,5216.7
44800000,0720,586.37,4286.66
44800000,0740,605.17,4019.38
44800000,0800,713.97,4820.03
44800000,0820,686.37,4567.66
44800000,0840,769.24,4679.35
44800000,0900,819.03,5043.29
44800000,0920,858.67,5082.9
44800000,0940,771.83,4286.15
44800000,10,2249.43,11500.49
44800000,11,1788.36,9024.35
44800000,12,2319.35,10459.34
44800000,13,2297.9,10437.82
44800000,14,2406.14,10767.52
44800000,15,2655.1,11080.35
44800000,16,2618.74,10180.87
44800000,1700,828.52,2904.28
44800000,1720,768.85,3068.96
44800000,1740,649.88,2555.76
44800000,1800,760.27,2468.31
44800000,1820,594.27,1918.38
44800000,1840,561.5,1839.26
44800000,1900,580.22,1710.94
44800000,1920,526.73,1615.37
44800000,1940,542.0600000000001,1566.68
44800000,20,1435.98,4160.38
44800000,21,514.51,1574.77
44800000,22,28.34,125.24
44800000,23,2.67,2.67
44810000,00,59.0,239.82999999999998
44810000,01,117.35,566.96
44810000,02,77.45,557.8
44810000,03,139.53,1122.27
44810000,04,439.89,3498.39
44810000,05,1396.43,9241.67
44810000,06,2253.29,14960.94
44810000,0700,844.48,6170.78
44810000,0720,831.48,5547.28
44810000,0740,956.69,5405.2
44810000,0800,1122.86,6911.349999999999
44810000,0820,1045.75,6788.81
44810000,0840,1326.77,7122.62
44810000,0900,1472.38,7810.91
44810000,0920,1530.86,7516.0
44810000,0940,1327.96,7399.54
44810000,10,3700.99,19432.14
44810000,11,3238.86,14689.03
44810000,12,3143.61,14076.0
44810000,13,2935.19,13954.67
44810000,14,2661.52,12976.17
44810000,15,2559.62,12477.08
44810000,16,2560.52,11432.93
44810000,1700,750.99,3132.22
44810000,1720,695.32,2689.19
44810000,1740,605.79,2220.92
44810000,1800,593.88,2503.9
44810000,1820,483.53000000000003,2127.93
44810000,1840,441.64,1662.0700000000002
44810000,1900,419.78000000000003,1502.73
44810000,1920,428.31,1457.94
44810000,1940,422.76,1317.94
44810000,20,1295.7,3749.37
44810000,21,455.63,1556.55
44810000,22,46.56,216.44
44810000,23,0.0,3.5
44825000,00,108.47,565.68
44825000,01,261.09000000000003,1154.95
44825000,02,358.5,1133.16
44825000,03,324.33,1630.28
44825000,04,646.13,3958.73
44825000,05,1080.86,7169.68
44825000,06,1852.31,10708.03
44825000,0700,718.08,4538.38
44825000,0720,648.09,4356.51
44825000,0740,765.47,4391.57
44825000,0800,840.03,5345.06
44825000,0820,1060.74,5381.89
44825000,0840,1113.9,5406.42
44825000,0900,1173.02,5889.43
44825000,0920,1329.47,5797.07
44825000,0940,1322.12,5039.9
44825000,10,3732.83,13483.54
44825000,11,3236.13,11021.64
44825000,12,3349.91,11232.24
44825000,13,3433.9,11750.98
44825000,14,2832.2999999999997,10956.23
44825000,15,2354.11,9385.1
44825000,16,1890.56,7135.41
44825000,1700,555.39,2078.64
44825000,1720,454.46,1762.06
44825000,1740,438.94,1787.29
44825000,1800,568.16,1916.8000000000002
44825000,1820,427.21,1528.1100000000001
44825000,1840,450.78,1483.48
44825000,1900,460.31,1705.45
44825000,1920,399.49,1283.53
44825000,1940,333.44,1211.83
44825000,20,1059.26,3303.2
44825000,21,285.45,933.23
44825000,22,68.05,214.95
44825000,23,2.44,45.21
46110000,00,53.82,198.25
46110000,01,84.44,406.07
46110000,02,154.47,508.52
46110000,03,133.65,621.58
46110000,04,427.56,1580.96
46110000,05,916.91,3792.67
46110000,06,1110.25,5091.33
46110000,0700,538.97,2148.23
46110000,0720,486.23,1715.08
46110000,0740,344.35,1346.44
46110000,0800,463.93,2124.73
46110000,0820,411.78,1598.07
46110000,0840,376.9,1581.08
46110000,0900,473.26,1561.96
46110000,0920,483.95,1874.96
46110000,0940,512.08,1963.1
46110000,10,1051.57,4257.25
46110000,11,1065.15,3978.66
46110000,12,1397.78,5317.79
46110000,13,1648.4,6312.2699999999995
46110000,14,1714.69,6021.0
46110000,15,1736.19,6013.01
46110000,16,1394.21,5139.95
46110000,1700,432.68,1567.8899999999999
46110000,1720,319.62,1280.73
46110000,1740,277.84,836.51
46110000,1800,240.32,709.59
46110000,1820,297.64,849.78
46110000,1840,206.18,668.79
46110000,1900,361.67,1191.21
46110000,1920,392.3,1157.06
46110000,1940,129.2,321.28000000000003
46110000,20,116.78,326.39
46110000,21,3.5,13.9
46110000,22,2.38,22.02
46110000,23,0.0,12.49
46130000,00,50.29,145.96
46130000,01,83.03,363.19
46130000,02,50.56,314.93
46130000,03,143.72,847.33
46130000,04,551.42,2321.3
46130000,05,1102.78,4756.8
46130000,06,2346.57,7915.72
46130000,0700,951.0600000000001,3224.36
46130000,0720,857.54,3027.41
46130000,0740,817.32,2758.45
46130000,0800,666.29,2320.04
46130000,0820,545.5,2135.54
46130000,0840,532.09,1986.68
46130000,0900,508.0,1980.95
46130000,0920,676.71,2134.79
46130000,0940,652.4499999999999,1982.79
46130000,10,1778.24,5782.12
46130000,11,1164.49,4053.57
46130000,12,1499.4,5133.5
46130000,13,1884.82,6422.76
46130000,14,1426.24,5194.78
46130000,15,1340.47,4219.58
46130000,16,1729.59,5158.71
46130000,1700,505.82,1623.33
46130000,1720,433.0,1384.66
46130000,1740,277.69,863.79
46130000,1800,352.81,962.41
46130000,1820,427.36,1140.02
46130000,1840,218.93,662.39
46130000,1900,367.79,1066.76
46130000,1920,182.4,495.23
46130000,1940,147.94,331.18
46130000,20,57.629999999999995,168.33
46130000,21,4.5,6.99
46130000,22,0.0,7.359999999999999
46150000,00,26.34,159.24
46150000,01,86.24,253.7
46150000,02,80.45,283.64
46150000,03,119.43,683.77
46150000,04,456.72999999999996,1983.29
46150000,05,774.24,4254.5599999999995
46150000,06,1435.22,6867.51
46150000,0700,523.7,2156.64
46150000,0720,550.87,2319.46
46150000,0740,503.79,1939.01
46150000,0800,451.09999999999997,1879.83
46150000,0820,455.29,1918.33
46150000,0840,457.28,1749.31
46150000,0900,411.0,1745.28
46150000,0920,609.09,2105.53
46150000,0940,419.96,1765.49
46150000,10,1291.51,4934.18
46150000,11,1107.6399999999999,3752.4
46150000,12,1245.83,4549.41
46150000,13,1802.86,6039.91
46150000,14,1686.26,5969.06
46150000,15,1291.95,4672.75
46150000,16,1739.07,5410.49
46150000,1700,430.17,1470.6399999999999
46150000,1720,474.06,1504.33
46150000,1740,377.9,1145.56
46150000,1800,401.03,1079.3
46150000,1820,484.11,1438.24
46150000,1840,427.79,1032.55
46150000,1900,488.62,1477.26
46150000,1920,234.06,775.75
46150000,1940,318.02,828.7900000000001
46150000,20,242.6,651.6
46150000,21,0.0,2.86
46150000,22,2.22,5.23
46170000,00,21.990000000000002,51.0
46170000,01,45.36,154.64
46170000,02,56.16,166.62
46170000,03,57.11,371.17
46170000,04,289.36,1161.15
46170000,05,729.96,2744.4700000000003
46170000,06,727.1899999999999,3333.07
46170000,0700,310.71,1122.95
46170000,0720,278.27,1051.87
46170000,0740,193.19,1003.07
46170000,0800,253.5,1182.09
46170000,0820,189.89000000000001,967.92
46170000,0840,213.22,986.75
46170000,0900,266.54,1125.26
46170000,0920,339.57,1169.77
46170000,0940,315.04,1251.01
46170000,10,618.42,2560.16
46170000,11,570.52,2005.7
46170000,12,742.64,2716.27
46170000,13,792.66,3176.3
46170000,14,950.56,3136.81
46170000,15,1153.77,3982.72
46170000,16,993.2,2977.01
46170000,1700,300.44,1019.45
46170000,1720,329.04,923.11
46170000,1740,256.48,657.16
46170000,1800,327.29,929.51
46170000,1820,266.28,737.79
46170000,1840,272.82,689.31
46170000,1900,386.73,1048.01
46170000,1920,296.15999999999997,840.0400000000001
46170000,1940,127.17,396.29
46170000,20,176.6,534.27
46170000,21,49.3,142.44
46170000,22,1.92,8.18
46170000,23,0.0,3.3
46230000,00,15.7,117.47
46230000,01,49.49,260.51
46230000,02,37.82,335.65
46230000,03,76.38,822.77
46230000,04,333.77,2886.85
46230000,05,754.84,9694.9
46230000,06,799.11,9151.6
46230000,0700,277.15,2417.9
46230000,0720,301.22,1799.29
46230000,0740,235.24,1296.56
46230000,0800,194.5,1273.89
46230000,0820,199.89,1076.9
46230000,0840,167.35,968.29
46230000,0900,149.63,939.01
46230000,0920,146.93,873.62
46230000,0940,212.22,888.37
46230000,10,472.93,2220.46
46230000,11,517.02,1995.62
46230000,12,591.72,2469.36
46230000,13,898.99,3370.93
46230000,14,859.2,3174.38
46230000,15,793.89,2642.37
46230000,16,851.35,2773.09
46230000,1700,248.46,710.6
46230000,1720,238.5,643.19
46230000,1740,206.9,677.6899999999999
46230000,1800,229.47,685.86
46230000,1820,143.2,463.61
46230000,1840,114.06,310.69
46230000,1900,107.1,345.15
46230000,1920,52.98,165.85999999999999
46230000,1940,40.19,83.82
46230000,20,36.480000000000004,77.33
46230000,22,3.04,5.99
46710000,00,10.45,29.27
46710000,01,6.93,48.24
46710000,02,3.03,71.75
46710000,03,12.31,152.28
46710000,04,51.67,262.23
46710000,05,146.67000000000002,838.13
46710000,06,282.83,1552.8700000000001
46710000,0700,118.42999999999999,546.52
46710000,0720,115.61,541.78
46710000,0740,147.06,689.32
46710000,0800,127.49,639.99
46710000,0820,113.54,510.28
46710000,0840,135.29,612.88
46710000,0900,126.08,590.38
46710000,0920,146.31,534.18
46710000,0940,175.53,489.76
46710000,10,306.04,1093.69
46710000,11,185.85999999999999,753.89
46710000,12,265.55,974.8100000000001
46710000,13,326.82,1259.6299999999999
46710000,14,322.96,1362.83
46710000,15,284.71,1184.25
46710000,16,181.03,664.55
46710000,1700,64.26,219.77
46710000,1720,47.56,147.99
46710000,1740,43.720000000000006,158.68
46710000,1800,71.01,228.54
46710000,1820,43.98,201.22
46710000,1840,50.47,128.76
46710000,1900,35.71,128.34
46710000,1920,35.46,113.09
46710000,1940,16.18,98.24
46710000,20,14.68,49.95
46720000,00,2.66,6.300000000000001
46720000,01,11.959999999999999,23.22
46720000,02,14.36,67.78
46720000,03,3.55,83.00999999999999
46720000,04,44.41,230.3
46720000,05,98.91,563.17
46720000,06,102.86,715.09
46720000,0700,65.77,242.04000000000002
46720000,0720,35.46,283.29
46720000,0740,51.19,298.81
46720000,0800,26.28,310.71
46720000,0820,54.47,267.3
46720000,0840,68.9,253.31
46720000,0900,61.92,239.57
46720000,0920,23.37,162.29
46720000,0940,18.9,207.2
46720000,10,79.08,486.84
46720000,11,71.09,455.31
46720000,12,93.92,542.58
46720000,13,104.08,418.35
46720000,14,115.44,547.04
46720000,15,92.29,524.66
46720000,16,85.65,512.27
46720000,1700,16.22,122.55
46720000,1720,30.97,124.36
46720000,1740,17.12,78.88
46720000,1800,30.33,95.77
46720000,1820,43.72,96.0
46720000,1840,19.58,106.14
46720000,1900,47.05,173.39
46720000,1920,33.64,100.83
46720000,1940,35.65,149.99
46720000,20,19.57,96.09
46720000,22,0.0,3.53
46730000,00,8.95,41.36
46730000,01,15.91,72.46
46730000,02,36.26,244.43
46730000,03,75.85,474.54999999999995
46730000,04,138.57,1613.46
46730000,05,350.86,5076.07
46730000,06,487.33,6982.86
46730000,0700,198.65,2412.41
46730000,0720,160.81,1683.8999999999999
46730000,0740,189.74,1430.97
46730000,0800,140.85,1582.39
46730000,0820,165.86,1460.45
46730000,0840,104.10000000000001,1208.31
46730000,0900,140.19,1227.17
46730000,0920,89.44,1002.4
46730000,0940,95.08,891.14
46730000,10,204.98,1753.29
46730000,11,205.10999999999999,1206.18
46730000,12,231.35,1531.89
46730000,13,177.03,1236.2
46730000,14,199.98000000000002,1222.78
46730000,15,121.67999999999999,759.79
46730000,16,146.59,774.96
46730000,1700,53.86,230.59
46730000,1720,37.18,163.7
46730000,1740,29.29,115.61
46730000,1800,55.95,141.79
46730000,1820,51.17,226.78
46730000,1840,46.81,118.92
46730000,1900,38.11,197.98
46730000,1920,28.439999999999998,172.87
46730000,1940,3.23,44.690000000000005
46730000,20,12.62,84.69999999999999
46770000,00,6.02,46.45
46770000,01,39.64,184.32999999999998
46770000,02,31.33,194.15
46770000,03,42.01,236.76
46770000,04,35.2,514.24
46770000,05,92.2,1011.78
46770000,06,144.97,1176.31
46770000,0700,73.79,412.87
46770000,0720,54.59,427.27
46770000,0740,85.63,500.12
46770000,0800,106.89,502.7
46770000,0820,91.01,365.79
46770000,0840,37.54,245.54
46770000,0900,31.38,279.96999999999997
46770000,0920,35.57,433.67
46770000,0940,42.36,281.8
46770000,10,104.47,771.99
46770000,11,91.28,546.56
46770000,12,206.18,1006.58
46770000,13,169.45,1028.04
46770000,14,185.5,1505.73
46770000,15,104.52,743.83
46770000,16,132.21,663.32
46770000,1700,51.42,194.42000000000002
46770000,1720,62.45,434.43
46770000,1740,17.009999999999998,71.83
46770000,1800,11.93,121.88
46770000,1820,9.95,60.97
46770000,1840,33.42,111.10000000000001
46770000,1900,3.22,76.2
46770000,1920,0.0,43.54
46770000,1940,5.09,20.91
46770000,20,11.83,26.06
46770000,21,21.14,82.57
46770000,22,10.21,43.21
46770000,23,3.65,3.65
46780000,00,7.800000000000001,31.82
46780000,01,4.5,36.51
46780000,02,7.390000000000001,98.5
46780000,03,13.74,152.35
46780000,04,26.47,323.19
46780000,05,80.14,734.36
46780000,06,83.95,823.84
46780000,0700,49.74,248.89
46780000,0720,19.84,197.5
46780000,0740,29.92,262.63
46780000,0800,48.26,242.93
46780000,0820,48.17,275.3
46780000,0840,53.199999999999996,256.65
46780000,0900,23.6,220.89000000000001
46780000,0920,17.16,200.54999999999998
46780000,0940,28.13,227.61
46780000,10,62.120000000000005,511.13
46780000,11,64.4,482.33000000000004
46780000,12,121.33,596.1
46780000,13,105.59,614.13
46780000,14,92.34,567.73
46780000,15,78.32,523.75
46780000,16,53.39,379.07
46780000,1700,36.48,88.9
46780000,1720,19.78,98.13
46780000,1740,29.25,83.44
46780000,1800,13.120000000000001,83.22
46780000,1820,12.21,59.15
46780000,1840,0.0,18.78
46780000,1900,11.35,60.44
46780000,1920,12.07,43.48
46780000,1940,12.17,12.17
46780000,20,0.0,8.75
46790000,00,2.84,24.34
46790000,01,5.02,40.28
46790000,02,1.67,50.77
46790000,03,32.339999999999996,175.92
46790000,04,56.019999999999996,450.52
46790000,05,172.36,791.26
46790000,06,253.19,1095.4
46790000,0700,76.14,357.08
46790000,0720,54.77,325.79
46790000,0740,60.089999999999996,381.34999999999997
46790000,0800,83.11,318.88
46790000,0820,62.48,409.33
46790000,0840,85.79,352.23
46790000,0900,79.98,444.83
46790000,0920,68.22,329.76
46790000,0940,69.1,369.06
46790000,10,153.06,851.95
46790000,11,155.68,649.91
46790000,12,206.47,874.87
46790000,13,267.53000000000003,1131.06
46790000,14,287.05,1136.04
46790000,15,285.05,1175.72
46790000,16,217.86,815.16
46790000,1700,57.94,240.79
46790000,1720,74.82000000000001,226.11
46790000,1740,34.75,135.14000000000001
46790000,1800,63.26,228.95
46790000,1820,54.45,123.04
46790000,1840,37.83,102.62
46790000,1900,30.0,122.06
46790000,1920,47.089999999999996,147.12
46790000,1940,29.810000000000002,62.99
46790000,20,38.78,80.17
46790000,21,0.0,13.469999999999999
46790000,22,2.99,6.08
46790000,23,0.0,3.13
46800000,00,4.279999999999999,6.65
46800000,01,17.970000000000002,74.63
46800000,02,6.1,64.85
46800000,03,18.27,119.07
46800000,04,34.33,332.8
46800000,05,65.50999999999999,713.4399999999999
46800000,06,91.16,715.7
46800000,0700,31.49,243.07
46800000,0720,24.49,263.33
46800000,0740,14.33,187.42000000000002
46800000,0800,26.75,168.5
46800000,0820,39.82,216.2
46800000,0840,19.259999999999998,185.56
46800000,0900,20.96,149.95
46800000,0920,29.79,183.10999999999999
46800000,0940,32.94,191.07
46800000,10,82.18,415.68
46800000,11,66.72999999999999,333.63
46800000,12,123.69,593.74
46800000,13,81.97,649.47
46800000,14,101.98,490.49
46800000,15,96.47,537.54
46800000,16,50.05,358.73
46800000,1700,17.95,106.3
46800000,1720,15.53,61.27
46800000,1740,5.62,40.61
46800000,1800,19.9,53.76
46800000,1820,5.92,26.16
46800000,1840,9.16,34.19
46800000,1900,7.319999999999999,34.03
46800000,1920,5.67,20.01
46800000,1940,2.43,21.81
46800000,20,4.86,10.41
46800000,21,2.43,2.43
46800000,22,2.43,2.43
46810000,00,2.49,26.36
46810000,01,4.51,47.94
46810000,02,8.28,63.37
46810000,03,30.29,163.28
46810000,04,63.31,493.66
46810000,05,91.66,1026.76
46810000,06,99.07,1294.74
46810000,0700,32.49,430.37
46810000,0720,44.58,424.93
46810000,0740,33.26,268.16
46810000,0800,29.41,297.12
46810000,0820,40.93,245.07
46810000,0840,26.35,222.88
46810000,0900,27.9,164.4
46810000,0920,17.2,161.63
46810000,0940,22.22,204.79
46810000,10,74.6,504.31
46810000,11,92.66,438.11
46810000,12,132.66,638.53
46810000,13,140.77,702.76
46810000,14,84.85,470.39
46810000,15,124.78,457.79
46810000,16,83.12,423.81
46810000,1700,65.98,194.83
46810000,1720,15.14,101.59
46810000,1740,4.34,45.07
46810000,1800,30.509999999999998,74.24
46810000,1820,17.36,55.08
46810000,1840,18.53,69.55
46810000,1900,35.309999999999995,71.35
46810000,1920,16.85,57.14
46810000,1940,4.48,22.29
46810000,20,0.0,8.31
46810000,21,0.0,3.48
46820000,00,10.71,64.62
46820000,01,15.46,123.68
46820000,02,32.69,232.43
46820000,03,79.53,373.05
46820000,04,77.07,825.48
46820000,05,191.41,1671.3
46820000,06,191.83,1736.3
46820000,0700,52.39,422.99
46820000,0720,64.9,497.31
46820000,0740,73.97,437.55
46820000,0800,92.93,411.63
46820000,0820,90.12,517.58
46820000,0840,43.71,360.24
46820000,0900,49.35,441.33
46820000,0920,43.12,321.95
46820000,0940,51.86,444.64
46820000,10,110.09,833.37
46820000,11,143.06,745.27
46820000,12,224.38,1115.66
46820000,13,200.74,1184.66
46820000,14,243.25,1046.1100000000001
46820000,15,270.05,1117.81
46820000,16,194.08,906.53
46820000,1700,57.79,251.75
46820000,1720,49.83,193.64
46820000,1740,31.13,99.81
46820000,1800,24.740000000000002,102.48
46820000,1820,25.310000000000002,88.74000000000001
46820000,1840,25.68,57.19
46820000,1900,21.3,109.83
46820000,1920,19.76,46.19
46820000,1940,7.34,22.72
46820000,20,15.64,25.29
46820000,22,19.86,19.86
46830000,00,4.19,11.68
46830000,01,26.28,89.1
46830000,02,21.52,144.23
46830000,03,36.03,188.39
46830000,04,67.02,413.26
46830000,05,178.65,1060.33
46830000,06,226.72,1357.42
46830000,0700,72.3,460.85
46830000,0720,72.27,427.48
46830000,0740,49.370000000000005,324.97
46830000,0800,53.33,439.45
46830000,0820,59.72,333.65
46830000,0840,60.93,358.37
46830000,0900,41.26,333.73
46830000,0920,57.27,294.13
46830000,0940,57.0,298.26
46830000,10,138.69,718.05
46830000,11,145.59,680.27
46830000,12,196.9,896.3100000000001
46830000,13,167.47,966.05
46830000,14,149.46,905.98
46830000,15,137.56,910.56
46830000,16,178.24,759.1800000000001
46830000,1700,56.62,208.0
46830000,1720,38.940000000000005,135.76
46830000,1740,6.96,102.54
46830000,1800,34.6,146.74
46830000,1820,24.7,105.02
46830000,1840,19.740000000000002,83.39999999999999
46830000,1900,21.029999999999998,123.21
46830000,1920,29.06,141.91
46830000,1940,21.349999999999998,39.43
46830000,20,14.23,55.75
46840000,00,21.759999999999998,54.43
46840000,01,11.32,88.19
46840000,02,39.91,142.29
46840000,03,69.41,276.19
46840000,04,151.31,688.93
46840000,05,294.19,1617.24
46840000,06,356.79,1859.74
46840000,0700,160.48,700.0
46840000,0720,160.23,592.76
46840000,0740,116.44,555.34
46840000,0800,193.04999999999998,786.83
46840000,0820,137.57999999999998,612.39
46840000,0840,106.76,460.34
46840000,0900,115.92,501.87
46840000,0920,144.03,519.06
46840000,0940,125.16,559.1899999999999
46840000,10,352.73,1272.83
46840000,11,362.08,1257.97
46840000,12,459.82,1728.46
46840000,13,548.44,2023.12
46840000,14,570.49,2083.56
46840000,15,596.08,1977.8600000000001
46840000,16,702.72,2174.1
46840000,1700,227.99,633.26
46840000,1720,160.82,486.90999999999997
46840000,1740,103.47,292.9
46840000,1800,143.5,343.18
46840000,1820,87.12,332.67
46840000,1840,98.69,245.49
46840000,1900,135.87,427.12
46840000,1920,117.25999999999999,364.69
46840000,1940,35.589999999999996,158.8
46840000,20,27.38,98.22
46860000,00,14.43,86.6
46860000,01,46.56,163.84
46860000,02,42.13,177.26
46860000,03,48.54,273.11
46860000,04,39.59,408.97
46860000,05,156.02,987.6899999999999
46860000,06,166.45999999999998,1103.11
46860000,0700,76.86,452.2
46860000,0720,45.72,366.29
46860000,0740,63.17,436.1
46860000,0800,62.699999999999996,425.33
46860000,0820,39.19,337.82
46860000,0840,56.699999999999996,433.15
46860000,0900,56.78,350.63
46860000,0920,68.65,328.77
46860000,0940,47.47,353.98
46860000,10,115.31,695.01
46860000,11,67.42,626.3
46860000,12,122.98,746.35
46860000,13,102.42,706.67
46860000,14,141.35,708.8
46860000,15,89.95,720.9499999999999
46860000,16,78.38,573.32
46860000,1700,21.990000000000002,150.49
46860000,1720,20.19,137.63
46860000,1740,5.42,149.78
46860000,1800,20.13,146.3
46860000,1820,26.91,110.27
46860000,1840,18.95,85.05
46860000,1900,23.28,81.92
46860000,1920,26.22,80.53
46860000,1940,0.0,28.36
46860000,20,9.77,55.78
46870000,00,17.53,71.67
46870000,01,28.840000000000003,72.29
46870000,02,10.74,78.17
46870000,03,21.130000000000003,169.06
46870000,04,67.62,450.06
46870000,05,133.3,1054.24
46870000,06,253.84,1365.93
46870000,0700,114.4,642.39
46870000,0720,101.42999999999999,587.48
46870000,0740,74.53,558.53
46870000,0800,118.71,636.94
46870000,0820,79.14,520.04
46870000,0840,42.03,450.4
46870000,0900,82.01,507.49
46870000,0920,75.35,503.1
46870000,0940,75.53,415.68
46870000,10,184.57,948.15
46870000,11,180.16,888.76
46870000,12,283.5,1475.59
46870000,13,308.52,1372.1
46870000,14,374.06,1514.8
46870000,15,390.51,1459.75
46870000,16,248.01,957.8199999999999
46870000,1700,69.79,305.1
46870000,1720,90.97,308.79
46870000,1740,57.769999999999996,175.45
46870000,1800,105.27,300.12
46870000,1820,194.19,467.96
46870000,1840,77.98,198.27
46870000,1900,80.91,207.67
46870000,1920,43.35,120.99
46870000,1940,61.52,129.45
46870000,20,42.07,87.38
46880000,00,5.48,115.36
46880000,01,48.27,251.46
46880000,02,83.57,338.69
46880000,03,57.31999999999999,457.82
46880000,04,128.16,784.15
46880000,05,182.84,1404.53
46880000,06,240.97,1620.2
46880000,0700,97.98,627.1
46880000,0720,112.29,626.44
46880000,0740,91.34,494.45
46880000,0800,107.11,618.87
46880000,0820,125.39,688.37
46880000,0840,168.2,713.52
46880000,0900,95.78,618.7
46880000,0920,123.22999999999999,537.92
46880000,0940,113.98,587.5699999999999
46880000,10,227.22,1065.55
46880000,11,184.8,935.49
46880000,12,292.08,1197.02
46880000,13,341.13,1505.95
46880000,14,488.92,1739.08
46880000,15,585.25,1626.91
46880000,16,375.05,1223.46
46880000,1700,128.12,421.97
46880000,1720,89.76,314.67
46880000,1740,53.8,219.79
46880000,1800,91.26,294.2
46880000,1820,80.95,261.67
46880000,1840,65.11,188.53
46880000,1900,66.35,174.87
46880000,1920,37.1,119.52
46880000,1940,28.53,190.06
46880000,20,31.17,202.99
46880000,21,2.52,2.52
46890000,00,14.11,69.71000000000001
46890000,01,31.55,135.79
46890000,02,39.9,174.54
46890000,03,23.11,161.74
46890000,04,35.4,263.73
46890000,05,67.81,591.85
46890000,06,149.2,877.95
46890000,0700,46.88,323.21
46890000,0720,61.43,344.33
46890000,0740,58.76,236.81
46890000,0800,35.86,257.62
46890000,0820,41.68,259.19
46890000,0840,43.94,232.58
46890000,0900,21.81,147.82
46890000,0920,37.230000000000004,191.19
46890000,0940,30.990000000000002,159.85
46890000,10,48.4,421.51
46890000,11,37.98,361.66
46890000,12,86.55,401.61
46890000,13,83.66,537.21
46890000,14,93.2,478.27
46890000,15,108.91,566.12
46890000,16,85.75,486.28999999999996
46890000,1700,22.67,117.24000000000001
46890000,1720,16.46,102.04
46890000,1740,15.31,47.980000000000004
46890000,1800,16.02,70.86
46890000,1820,2.15,59.21
46890000,1840,5.46,43.6
46890000,1900,6.949999999999999,37.01
46890000,1920,3.04,17.74
46890000,1940,2.69,11.14
46890000,20,3.5,13.03
46890000,21,0.0,2.19
46900000,00,3.29,29.14
46900000,01,23.2,119.33
46900000,02,13.620000000000001,92.65
46900000,03,22.89,111.57
46900000,04,42.44,341.07
46900000,05,42.5,532.54
46900000,06,77.44,540.8199999999999
46900000,0700,33.9,214.03
46900000,0720,37.51,207.94
46900000,0740,28.700000000000003,181.12
46900000,0800,35.21,336.04
46900000,0820,20.6,149.22
46900000,0840,36.51,181.14
46900000,0900,34.739999999999995,159.45
46900000,0920,38.73,170.63
46900000,0940,19.03,173.6
46900000,10,67.56,394.73
46900000,11,71.33,387.14
46900000,12,43.63,466.21000000000004
46900000,13,82.5,448.41
46900000,14,103.19,415.02
46900000,15,57.08,445.79
46900000,16,65.25,441.98
46900000,1700,30.65,147.21
46900000,1720,13.39,71.43
46900000,1740,9.030000000000001,57.32
46900000,1800,6.98,49.69
46900000,1820,3.57,27.17
46900000,1840,7.54,15.530000000000001
46900000,1900,12.21,54.72
46900000,1920,0.0,21.490000000000002
46900000,1940,0.0,10.620000000000001
46900000,20,3.54,10.54
46900000,21,0.0,8.63
46910000,00,3.5,50.690000000000005
46910000,01,22.38,85.77
46910000,02,17.13,51.7
46910000,03,9.85,111.34
46910000,04,43.67,472.02
46910000,05,82.05,884.6800000000001
46910000,06,77.86,798.62
46910000,0700,12.14,223.9
46910000,0720,29.56,183.68
46910000,0740,18.77,225.35
46910000,0800,25.009999999999998,268.85
46910000,0820,14.38,158.62
46910000,0840,13.22,158.03
46910000,0900,20.88,130.62
46910000,0920,23.73,132.0
46910000,0940,17.95,198.06
46910000,10,51.26,390.36
46910000,11,60.16,342.33
46910000,12,71.82000000000001,448.83000000000004
46910000,13,55.1,469.8
46910000,14,49.02,375.90999999999997
46910000,15,48.29,393.09
46910000,16,53.36,392.2
46910000,1700,23.77,105.32000000000001
46910000,1720,3.62,57.08
46910000,1740,5.449999999999999,33.19
46910000,1800,4.19,75.14
46910000,1820,8.51,56.54
46910000,1840,8.2,34.06
46910000,1900,6.22,23.14
46910000,1920,0.0,9.97
46910000,1940,6.01,21.15
46910000,20,3.11,3.11
46910000,21,0.0,6.74
46910000,22,3.21,3.21
47111000,00,45.77,153.92
47111000,01,51.73,254.16
47111000,02,51.19,286.21999999999997
47111000,03,97.31,589.73
47111000,04,302.27,1197.2
47111000,05,878.02,2967.12
47111000,06,993.59,3192.68
47111000,0700,399.65,1275.77
47111000,0720,446.95,1105.03
47111000,0740,384.75,1095.38
47111000,0800,384.8,1237.2
47111000,0820,433.65999999999997,1348.92
47111000,0840,356.43,1175.17
47111000,0900,469.8,1228.92
47111000,0920,392.40999999999997,1098.39
47111000,0940,355.1,963.37
47111000,10,674.32,2220.74
47111000,11,939.3100000000001,2552.1
47111000,12,1103.1299999999999,3673.15
47111000,13,1538.98,4304.0
47111000,14,1856.94,4860.19
47111000,15,1618.4,4223.01
47111000,16,1284.67,3800.61
47111000,1700,368.85,1074.08
47111000,1720,315.2,1015.89
47111000,1740,292.46,740.6
47111000,1800,184.0,508.95
47111000,1820,206.54,505.14
47111000,1840,133.71,326.38
47111000,1900,138.46,280.71
47111000,1920,83.9,254.49
47111000,1940,44.57,129.97
47111000,20,38.74,129.12
47111000,21,18.9,94.21
47111000,22,3.5,17.18
47111000,23,3.5,3.5
47113000,00,22.66,89.83
47113000,01,50.35,165.72
47113000,02,78.5,228.24
47113000,03,114.55,483.61
47113000,04,263.12,1023.84
47113000,05,885.04,3045.93
47113000,06,1163.46,3763.86
47113000,0700,452.62,1473.47
47113000,0720,433.43,1277.03
47113000,0740,436.55,1362.07
47113000,0800,480.74,1492.51
47113000,0820,547.42,1492.02
47113000,0840,430.25,1342.13
47113000,0900,397.12,1217.27
47113000,0920,422.18,1230.57
47113000,0940,403.67,1129.1
47113000,10,846.29,2747.58
47113000,11,1197.11,3402.22
47113000,12,1471.6399999999999,4793.65
47113000,13,1637.9,5158.25
47113000,14,1950.3600000000001,6514.55
47113000,15,1814.48,5702.01
47113000,16,1695.34,5522.29
47113000,1700,431.67,1304.18
47113000,1720,354.31,1285.93
47113000,1740,226.2,790.62
47113000,1800,123.13,427.90999999999997
47113000,1820,137.68,485.58
47113000,1840,133.08,385.87
47113000,1900,119.13,323.49
47113000,1920,85.09,246.67000000000002
47113000,1940,52.05,188.14000000000001
47113000,20,132.82,385.31
47113000,21,0.0,22.14
47113000,22,0.0,4.85
47130000,00,49.65,189.84
47130000,01,85.04,483.0
47130000,02,106.65,735.8199999999999
47130000,03,233.09,957.99
47130000,04,991.14,3012.89
47130000,05,2555.11,7731.16
47130000,06,4780.99,13121.96
47130000,0700,2044.02,5156.34
47130000,0720,1763.54,4817.33
47130000,0740,1698.27,4390.56
47130000,0800,1961.74,5497.55
47130000,0820,1699.59,4674.23
47130000,0840,1671.11,4174.16
47130000,0900,1872.21,4435.62
47130000,0920,1591.28,3975.79
47130000,0940,1455.85,3565.59
47130000,10,3498.83,8511.6
47130000,11,2222.69,5839.52
47130000,12,2509.56,6803.55
47130000,13,2761.9500000000003,8215.06
47130000,14,2181.75,7000.07
47130000,15,2032.08,6346.57
47130000,16,1664.38,5135.84
47130000,1700,583.01,1736.77
47130000,1720,494.7,1570.38
47130000,1740,515.89,1346.13
47130000,1800,635.0699999999999,1554.03
47130000,1820,540.09,1242.59
47130000,1840,463.79999999999995,1307.4
47130000,1900,397.18,828.25
47130000,1920,290.76,726.47
47130000,1940,227.5,491.85
47130000,20,249.09,577.47
47130000,21,5.32,32.15
47130000,22,0.0,6.38
47130000,23,0.0,6.21
47150000,00,15.75,120.73
47150000,01,18.78,353.58000000000004
47150000,02,49.66,234.0
47150000,03,75.49,523.26
47150000,04,243.88,1358.42
47150000,05,927.5699999999999,4229.71
47150000,06,1602.25,6446.53
47150000,0700,398.98,1744.23
47150000,0720,340.91,1620.44
47150000,0740,445.94,2033.6
47150000,0800,389.25,2058.75
47150000,0820,476.24,2054.48
47150000,0840,493.18,2025.02
47150000,0900,408.3,2011.95
47150000,0920,473.26,2127.8
47150000,0940,434.19,1656.8700000000001
47150000,10,1023.79,4287.49
47150000,11,1034.78,3801.32
47150000,12,1278.0,4932.88
47150000,13,1529.8400000000001,5753.76
47150000,14,1255.31,5657.05
47150000,15,1317.15,5429.62
47150000,16,1351.3700000000001,5523.81
47150000,1700,373.90000000000003,1414.0
47150000,1720,345.99,1218.32
47150000,1740,315.18,980.34
47150000,1800,383.02,1109.2
47150000,1820,317.35,1145.0
47150000,1840,384.55,1141.93
47150000,1900,395.46999999999997,1056.84
47150000,1920,324.95,1133.11
47150000,1940,327.8,836.3
47150000,20,510.63,1534.3500000000001
47150000,21,85.73,290.89
47150000,22,11.59,39.17
47170000,00,7.21,65.52
47170000,01,28.11,173.94
47170000,02,83.43,294.74
47170000,03,128.45,656.37
47170000,04,270.29,1588.41
47170000,05,903.77,4371.58
47170000,06,1089.38,5876.38
47170000,0700,464.83,2283.62
47170000,0720,533.06,2354.63
47170000,0740,594.86,2207.72
47170000,0800,648.11,2779.35
47170000,0820,581.75,2474.45
47170000,0840,569.21,2351.96
47170000,0900,536.84,2399.39
47170000,0920,534.33,2409.68
47170000,0940,519.51,2095.57
47170000,10,1382.69,5408.22
47170000,11,1096.59,4594.73
47170000,12,1532.5,5586.74
47170000,13,1661.81,6639.06
47170000,14,1820.7,7140.31
47170000,15,1788.68,6645.19
47170000,16,1398.6,4897.01
47170000,1700,387.98,1287.5
47170000,1720,430.12,1424.4
47170000,1740,432.06,1307.81
47170000,1800,384.48,1171.6
47170000,1820,368.39,1189.05
47170000,1840,376.57,1256.8
47170000,1900,297.22,763.97
47170000,1920,178.81,586.43
47170000,1940,139.58,514.38
47170000,20,355.43,1016.8100000000001
47170000,21,25.64,74.81
47190000,00,64.62,269.55
47190000,01,123.42,502.53
47190000,02,119.06,595.8100000000001
47190000,03,185.54,1072.99
47190000,04,535.78,2101.75
47190000,05,1192.37,4934.79
47190000,06,2111.9,7396.78
47190000,0700,868.63,2669.0
47190000,0720,759.38,2408.14
47190000,0740,820.64,2705.17
47190000,0800,854.2,2925.0
47190000,0820,1034.8700000000001,3297.4
47190000,0840,918.16,2948.18
47190000,0900,991.39,3149.39
47190000,0920,874.54,2718.6
47190000,0940,699.88,2479.66
47190000,10,1973.6100000000001,6582.34
47190000,11,1932.2,6044.08
47190000,12,2731.79,8289.5
47190000,13,3035.77,9943.7
47190000,14,3518.92,11618.6
47190000,15,3651.17,12115.5
47190000,16,3459.44,11011.63
47190000,1700,1050.68,3079.41
47190000,1720,946.6999999999999,2373.72
47190000,1740,927.36,2334.27
47190000,1800,872.43,2179.42
47190000,1820,774.64,2051.94
47190000,1840,798.4300000000001,2108.7000000000003
47190000,1900,759.77,1729.33
47190000,1920,717.02,1781.0
47190000,1940,575.52,1461.79
47190000,20,681.93,1963.46
47190000,21,83.35000000000001,316.12
47190000,22,27.78,50.49
47210000,00,11.98,53.63
47210000,01,40.4,135.77
47210000,02,21.57,142.44
47210000,03,56.980000000000004,290.53000000000003
47210000,04,162.29,941.55
47210000,05,428.54,2514.9
47210000,06,552.03,3051.31
47210000,0700,265.62,1491.25
47210000,0720,312.87,1511.7
47210000,0740,264.95,1370.38
47210000,0800,319.82,1734.01
47210000,0820,416.88,1839.85
47210000,0840,417.81,1982.22
47210000,0900,420.56,1952.85
47210000,0920,413.05,1820.99
47210000,0940,355.45,1513.35
47210000,10,971.83,4715.04
47210000,11,753.9,3772.21
47210000,12,1038.38,4395.3
47210000,13,1121.83,5485.93
47210000,14,1293.43,6414.25
47210000,15,1376.84,5982.91
47210000,16,1122.24,5166.58
47210000,1700,412.94,1483.54
47210000,1720,381.02,1611.97
47210000,1740,322.06,1174.35
47210000,1800,345.43,1260.52
47210000,1820,288.77,1111.12
47210000,1840,319.12,1333.96
47210000,1900,286.01,886.1999999999999
47210000,1920,277.92,775.91
47210000,1940,183.65,530.15
47210000,20,430.61,1250.3
47210000,21,42.94,177.85
47210000,22,0.0,4.5
47230000,00,32.83,230.65
47230000,01,40.63,389.3
47230000,02,24.07,325.12
47230000,03,44.58,288.47
47230000,04,136.58,703.11
47230000,05,212.19,1310.92
47230000,06,404.03,1759.98
47230000,0700,142.44,658.24
47230000,0720,165.39000000000001,609.74
47230000,0740,118.72,563.69
47230000,0800,132.12,734.1899999999999
47230000,0820,140.94,560.87
47230000,0840,83.45,549.68
47230000,0900,107.58,543.15
47230000,0920,127.54,530.27
47230000,0940,113.03,500.95
47230000,10,266.8,1265.68
47230000,11,206.34,1086.8600000000001
47230000,12,389.37,1309.44
47230000,13,486.22,1774.06
47230000,14,395.33,1687.67
47230000,15,376.44,1585.77
47230000,16,308.42,1212.41
47230000,1700,94.91,312.42
47230000,1720,122.25,378.95
47230000,1740,123.37,304.0
47230000,1800,165.93,411.01
47230000,1820,95.15,368.46
47230000,1840,135.55,459.3
47230000,1900,76.24,226.17000000000002
47230000,1920,71.21,231.84
47230000,1940,36.15,87.98
47230000,20,23.33,78.53999999999999
47230000,21,0.0,2.5
47230000,23,6.68,6.68
47250000,00,60.18,271.96999999999997
47250000,01,84.9,673.27
47250000,02,82.35,903.16
47250000,03,139.85,1056.14
47250000,04,282.26,1924.85
47250000,05,652.3199999999999,3777.42
47250000,06,879.88,5453.64
47250000,0700,384.49,2293.42
47250000,0720,303.86,1897.48
47250000,0740,377.58000000000004,2098.98
47250000,0800,456.21000000000004,2209.93
47250000,0820,536.81,2451.49
47250000,0840,453.36,2549.05
47250000,0900,630.27,2778.82
47250000,0920,510.7,2515.5
47250000,0940,588.71,2402.15
47250000,10,1167.5,5759.77
47250000,11,932.49,4809.04
47250000,12,1042.81,5169.7
47250000,13,1208.24,6408.11
47250000,14,1342.45,6826.55
47250000,15,1331.33,6759.18
47250000,16,1079.72,5731.59
47250000,1700,287.3,1317.75
47250000,1720,260.78,1213.88
47250000,1740,253.19,1343.54
47250000,1800,334.67,1012.96
47250000,1820,274.76,1108.98
47250000,1840,285.06,1181.48
47250000,1900,236.45000000000002,976.41
47250000,1920,272.11,1074.43
47250000,1940,173.25,811.5699999999999
47250000,20,356.84,1598.91
47250000,21,75.1,439.43
47250000,22,0.0,7.67
47280000,00,60.14,321.90999999999997
47280000,01,91.77,597.7
47280000,02,153.57,739.19
47280000,03,154.51,1077.66
47280000,04,510.71999999999997,2937.59
47280000,05,1049.12,5259.21
47280000,06,1285.41,7226.42
47280000,0700,484.91,2672.59
47280000,0720,541.68,2913.54
47280000,0740,561.25,2869.9
47280000,0800,642.49,3281.47
47280000,0820,775.1,3648.93
47280000,0840,639.28,3700.51
47280000,0900,892.54,4003.54
47280000,0920,776.41,3927.58
47280000,0940,669.1,3557.46
47280000,10,1954.59,9604.55
47280000,11,1398.66,7258.75
47280000,12,1363.64,6810.13
47280000,13,1489.42,7824.95
47280000,14,1737.21,8516.13
47280000,15,1749.8600000000001,8774.42
47280000,16,1753.75,8566.02
47280000,1700,380.53,1918.43
47280000,1720,377.82,1924.6
47280000,1740,350.96999999999997,1575.5
47280000,1800,283.0,1231.4
47280000,1820,319.42,1307.75
47280000,1840,309.88,1247.78
47280000,1900,258.88,1017.54
47280000,1920,229.43,1022.27
47280000,1940,220.24,957.27
47280000,20,563.2,2293.35
47280000,21,148.41,593.44
47280000,22,6.57,47.02
47290000,00,31.43,156.87
47290000,01,67.37,434.49
47290000,02,78.48,386.13
47290000,03,104.99,547.86
47290000,04,279.65999999999997,1186.05
47290000,05,734.47,2818.15
47290000,06,1001.6800000000001,3730.3
47290000,0700,360.0,1423.3
47290000,0720,317.59000000000003,1142.25
47290000,0740,273.11,1113.72
47290000,0800,346.23,1460.95
47290000,0820,365.79,1216.37
47290000,0840,310.46999999999997,1247.18
47290000,0900,376.42,1315.1200000000001
47290000,0920,269.85,1071.56
47290000,0940,306.24,1093.69
47290000,10,684.9,2845.32
47290000,11,930.95,2901.91
47290000,12,1343.34,3861.12
47290000,13,1266.64,4266.63
47290000,14,1321.25,4417.89
47290000,15,1473.94,4911.91
47290000,16,1672.45,4860.77
47290000,1700,517.46,1287.86
47290000,1720,449.29,1249.81
47290000,1740,363.9,936.75
47290000,1800,495.03,1206.25
47290000,1820,416.78000000000003,908.07
47290000,1840,454.38,987.92
47290000,1900,416.02,923.17
47290000,1920,346.92,706.3
47290000,1940,246.47,472.08
47290000,20,274.35,547.27
47290000,21,19.91,26.35
47290000,22,3.2,9.280000000000001
47730000,00,2.5,36.230000000000004
47730000,01,5.98,125.17
47730000,02,3.08,118.72
47730000,03,23.54,215.95
47730000,04,71.15,532.38
47730000,05,139.97,1136.43
47730000,06,251.32,1496.57
47730000,0700,71.45,551.66
47730000,0720,104.86,536.08
47730000,0740,81.34,437.23
47730000,0800,103.13,726.67
47730000,0820,70.66,502.52
47730000,0840,107.12,513.6
47730000,0900,65.13,456.52
47730000,0920,66.05,439.75
47730000,0940,65.02,355.64
47730000,10,167.12,935.67
47730000,11,144.84,737.94
47730000,12,214.61,1134.81
47730000,13,171.03,1093.04
47730000,14,205.25,1450.87
47730000,15,194.46,1147.93
47730000,16,176.14,1074.83
47730000,1700,50.58,205.21
47730000,1720,89.6,297.16
47730000,1740,30.509999999999998,181.46
47730000,1800,42.04,229.07
47730000,1820,34.07,192.22
47730000,1840,29.64,180.8
47730000,1900,36.21,155.24
47730000,1920,10.55,133.47
47730000,1940,31.869999999999997,143.41
47730000,20,44.07,222.93
47730000,21,3.53,41.04
47730000,22,0.0,7.18
47750000,00,1.55,8.96
47750000,01,0.0,11.07
47750000,02,2.52,45.88
47750000,03,4.4799999999999995,106.32000000000001
47750000,04,33.01,302.67
47750000,05,114.67,683.22
47750000,06,107.42,656.75
47750000,0700,44.49,216.93
47750000,0720,41.09,216.54
47750000,0740,46.64,236.67
47750000,0800,46.36,290.0
47750000,0820,50.2,222.56
47750000,0840,50.79,258.33
47750000,0900,20.4,197.0
47750000,0920,37.21,244.49
47750000,0940,37.18,186.59
47750000,10,140.15,580.03
47750000,11,94.15,380.84
47750000,12,93.85,423.98
47750000,13,152.69,635.5
47750000,14,90.68,522.04
47750000,15,77.45,437.49
47750000,16,40.51,283.64
47750000,1700,13.03,100.69
47750000,1720,17.65,60.93
47750000,1740,14.32,71.87
47750000,1800,23.72,63.92
47750000,1820,26.43,72.47
47750000,1840,22.78,75.03
47750000,1900,6.15,29.38
47750000,1920,6.45,29.740000000000002
47750000,1940,10.370000000000001,32.45
47750000,20,6.17,22.53
47750000,22,0.0,3.45
47760000,00,0.0,2.05
47760000,01,0.0,12.23
47760000,02,0.0,19.52
47760000,03,5.68,35.49
47760000,04,11.74,80.34
47760000,05,52.98,240.15
47760000,06,31.58,224.03
47760000,0700,26.97,90.46
47760000,0720,19.86,104.55
47760000,0740,30.65,96.97
47760000,0800,20.56,118.97
47760000,0820,6.5,54.35
47760000,0840,5.55,94.03
47760000,0900,17.810000000000002,76.28
47760000,0920,18.89,99.98
47760000,0940,14.95,88.69
47760000,10,32.06,203.53
47760000,11,31.96,171.85
47760000,12,64.15,339.25
47760000,13,76.49,365.15999999999997
47760000,14,74.03,335.53
47760000,15,40.589999999999996,274.48
47760000,16,35.79,158.44
47760000,1700,9.370000000000001,44.53
47760000,1720,9.43,44.839999999999996
47760000,1740,12.03,51.18
47760000,1800,8.09,56.16
47760000,1820,7.76,41.33
47760000,1840,12.719999999999999,41.31
47760000,1900,1.93,18.71
47760000,1920,4.91,13.08
47760000,1940,0.0,12.13
47760000,20,6.37,6.37
47760000,22,0.0,2.92
47770000,00,5.15,24.580000000000002
47770000,01,9.67,74.42999999999999
47770000,02,28.72,131.31
47770000,03,55.18,181.35
47770000,04,83.34,428.11
47770000,05,161.57,900.95
47770000,06,238.07,1303.02
47770000,0700,81.33,488.24
47770000,0720,62.83,543.03
47770000,0740,66.7,312.6
47770000,0800,92.5,429.69
47770000,0820,77.44,415.61
47770000,0840,79.14,429.93
47770000,0900,58.21,418.69
47770000,0920,80.82,402.4
47770000,0940,70.28,314.97
47770000,10,183.32,963.92
47770000,11,161.68,605.01
47770000,12,214.56,940.94
47770000,13,245.54,1054.43
47770000,14,189.54,1055.25
47770000,15,106.47,698.94
47770000,16,82.21,503.46
47770000,1700,24.88,111.22
47770000,1720,47.99,150.21
47770000,1740,30.6,98.72
47770000,1800,19.87,119.42
47770000,1820,24.82,120.62
47770000,1840,15.16,68.83
47770000,1900,17.36,45.489999999999995
47770000,1920,9.28,41.23
47770000,1940,13.56,38.94
47770000,20,10.43,35.870000000000005
47770000,22,2.18,2.18
47820000,00,10.94,36.339999999999996
47820000,01,46.580000000000005,178.04
47820000,02,23.48,117.69
47820000,03,32.56,269.71
47820000,04,61.71,312.17
47820000,05,134.09,707.93
47820000,06,175.18,944.6
47820000,0700,101.85,411.59000000000003
47820000,0720,69.27,358.01
47820000,0740,112.78,381.40000000000003
47820000,0800,57.38,312.18
47820000,0820,67.07,354.6
47820000,0840,65.41,421.6
47820000,0900,66.36,331.43
47820000,0920,67.88,334.1
47820000,0940,40.25,204.72
47820000,10,109.08,619.63
47820000,11,123.08999999999999,605.41
47820000,12,103.32,611.28
47820000,13,139.17,838.59
47820000,14,122.58,966.32
47820000,15,115.97,748.6
47820000,16,119.32,575.58
47820000,1700,41.98,147.09
47820000,1720,26.93,156.58
47820000,1740,19.96,102.2
47820000,1800,32.56,156.05
47820000,1820,12.87,94.6
47820000,1840,18.73,137.21
47820000,1900,22.09,76.97999999999999
47820000,1920,32.68,85.89
47820000,1940,20.59,38.62
47820000,20,15.14,43.04
47830000,00,3.59,32.88
47830000,01,5.55,35.95
47830000,02,2.81,58.7
47830000,03,19.27,148.69
47830000,04,23.23,145.07
47830000,05,56.15,290.29
47830000,06,117.27999999999999,513.01
47830000,0700,35.79,176.9
47830000,0720,34.769999999999996,209.25
47830000,0740,24.38,190.29
47830000,0800,25.02,169.82
47830000,0820,22.97,112.74
47830000,0840,31.88,207.87
47830000,0900,25.54,217.68
47830000,0920,26.59,170.66
47830000,0940,14.49,129.54
47830000,10,30.22,318.46
47830000,11,73.14,340.43
47830000,12,52.11,291.33
47830000,13,53.16,398.36
47830000,14,64.29,401.93
47830000,15,65.3,390.59000000000003
47830000,16,67.51,366.9
47830000,1700,34.05,137.99
47830000,1720,15.3,51.58
47830000,1740,10.89,59.75
47830000,1800,23.93,80.75
47830000,1820,2.93,51.160000000000004
47830000,1840,14.219999999999999,51.31
47830000,1900,23.59,61.15
47830000,1920,13.6,49.71
47830000,1940,8.77,19.71
47830000,20,3.42,25.97
47830000,21,0.0,2.86
47840000,00,18.25,126.6
47840000,01,33.18,224.38
47840000,02,29.93,301.08
47840000,03,79.47,465.54
47840000,04,203.03,900.9
47840000,05,231.35,1216.67
47840000,06,328.26,1469.29
47840000,0700,93.37,471.47
47840000,0720,81.45,571.24
47840000,0740,115.89,631.59
47840000,0800,111.64,666.58
47840000,0820,107.46,693.53
47840000,0840,106.88,806.2
47840000,0900,138.13,808.15
47840000,0920,118.66,752.62
47840000,0940,139.63,851.73
47840000,10,290.76,1754.67
47840000,11,181.20000000000002,1225.48
47840000,12,232.91,1221.67
47840000,13,257.08,1869.31
47840000,14,352.76,2356.66
47840000,15,354.83,2076.15
47840000,16,248.65,1523.77
47840000,1700,21.21,324.42
47840000,1720,27.46,250.31
47840000,1740,65.73,365.43
47840000,1800,54.629999999999995,271.58
47840000,1820,66.42999999999999,328.97
47840000,1840,32.26,261.04
47840000,1900,29.34,239.14
47840000,1920,36.23,239.76
47840000,1940,27.49,149.09
47840000,20,58.79,316.74
47840000,21,20.14,34.13
47850000,00,61.44,312.36
47850000,01,76.61999999999999,552.92
47850000,02,180.98,906.53
47850000,03,171.74,968.03
47850000,04,300.19,1396.88
47850000,05,455.0,2203.65
47850000,06,488.73,2858.42
47850000,0700,158.41,1004.1800000000001
47850000,0720,191.22,1072.21
47850000,0740,158.46,1069.46
47850000,0800,227.54,1166.21
47850000,0820,299.6,1304.4
47850000,0840,265.15,1215.49
47850000,0900,245.54,1179.49
47850000,0920,166.88,1020.77
47850000,0940,168.37,1035.03
47850000,10,542.93,2643.36
47850000,11,470.4,2176.11
47850000,12,538.69,2590.86
47850000,13,708.84,3407.42
47850000,14,815.96,4064.71
47850000,15,874.58,4200.68
47850000,16,681.26,3142.75
47850000,1700,203.02,870.31
47850000,1720,157.6,819.5799999999999
47850000,1740,136.48,690.03
47850000,1800,178.46,766.3
47850000,1820,231.0,766.71
47850000,1840,138.91,637.06
47850000,1900,121.93,594.02
47850000,1920,160.78,644.44
47850000,1940,83.85,482.43
47850000,20,153.16,735.02
47850000,21,10.61,89.67
47850000,22,3.34,6.24
47900000,00,11.42,36.410000000000004
47900000,01,13.71,64.14
47900000,02,9.26,76.5
47900000,03,36.14,173.38
47900000,04,91.05,553.48
47900000,05,171.97,1177.1
47900000,06,267.65,1859.64
47900000,0700,93.44,720.5
47900000,0720,131.77,689.86
47900000,0740,123.16,815.34
47900000,0800,96.88000000000001,692.42
47900000,0820,91.94,700.7
47900000,0840,108.9,791.76
47900000,0900,153.28,807.01
47900000,0920,133.52,618.85
47900000,0940,114.45,600.29
47900000,10,309.33,1626.81
47900000,11,264.84,1532.46
47900000,12,370.58,1809.57
47900000,13,518.18,2386.82
47900000,14,462.68,2345.33
47900000,15,538.59,2424.98
47900000,16,479.01,2100.85
47900000,1700,96.87,498.69
47900000,1720,139.53,476.75
47900000,1740,109.64,411.27
47900000,1800,178.93,547.2
47900000,1820,83.08,348.74
47900000,1840,213.84,665.97
47900000,1900,75.81,344.26
47900000,1920,82.41,293.77
47900000,1940,93.92999999999999,200.23
47900000,20,127.89999999999999,468.14
47900000,21,11.43,43.15
47900000,22,0.0,6.68
47920000,00,2.91,16.85
47920000,01,6.0600000000000005,24.22
47920000,02,10.52,101.01
47920000,03,4.47,134.39
47920000,04,37.39,372.86
47920000,05,113.75999999999999,1064.22
47920000,06,165.1,1412.66
47920000,0700,66.78,407.83
47920000,0720,88.4,441.52
47920000,0740,88.19,416.51
47920000,0800,85.33,468.47
47920000,0820,68.59,359.01
47920000,0840,76.85000000000001,452.61
47920000,0900,104.75,468.74
47920000,0920,76.06,373.7
47920000,0940,39.57,305.62
47920000,10,110.17,847.26
47920000,11,127.64,979.38
47920000,12,106.61,993.49
47920000,13,134.02,1188.99
47920000,14,141.08,1398.8
47920000,15,187.47,1214.3799999999999
47920000,16,136.43,1042.42
47920000,1700,61.61,293.77
47920000,1720,87.28,305.36
47920000,1740,9.870000000000001,142.21
47920000,1800,69.55,255.97
47920000,1820,21.409999999999997,186.49
47920000,1840,52.66,191.21
47920000,1900,28.21,149.3
47920000,1920,25.89,151.54
47920000,1940,30.72,141.64
47920000,20,40.74,200.35
47920000,21,3.5,14.67
47930000,00,11.030000000000001,44.269999999999996
47930000,01,20.21,143.33
47930000,02,57.53,288.51
47930000,03,49.28,243.3
47930000,04,140.64,579.2
47930000,05,218.9,1376.58
47930000,06,360.99,1696.2
47930000,0700,142.35,696.97
47930000,0720,96.63,636.95
47930000,0740,93.46,577.98
47930000,0800,108.92,655.88
47930000,0820,107.56,642.42
47930000,0840,80.31,579.37
47930000,0900,104.89,625.68
47930000,0920,106.43,636.4
47930000,0940,109.17999999999999,467.76
47930000,10,205.63,1155.25
47930000,11,271.79,1110.73
47930000,12,346.92,1342.57
47930000,13,419.21,1549.46
47930000,14,481.99,1863.11
47930000,15,374.03000000000003,1524.31
47930000,16,380.24,1077.65
47930000,1700,87.25,233.66
47930000,1720,87.06,251.06
47930000,1740,92.64,287.4
47930000,1800,92.71,248.10999999999999
47930000,1820,84.41,198.97
47930000,1840,82.41,190.29
47930000,1900,54.19,124.6
47930000,1920,64.94,121.72
47930000,1940,22.26,86.28999999999999
47930000,20,20.0,122.55
47930000,21,0.0,12.76
47930000,22,0.0,10.86
47940000,00,0.0,4.42
47940000,01,12.27,12.27
47940000,02,3.09,6.0600000000000005
47940000,03,3.09,3.09
47940000,04,5.15,7.9
47940000,05,0.0,3.9
47940000,06,0.0,62.879999999999995
47940000,0700,0.0,51.26
47940000,0720,0.0,16.12
47940000,0740,0.0,11.34
47940000,0800,4.7,11.0
47940000,0820,4.11,24.650000000000002
47940000,0840,4.11,16.71
47940000,0900,4.11,15.81
47940000,0920,0.0,3.9
47940000,0940,0.0,5.62
47940000,10,14.030000000000001,24.83
47940000,11,8.9,23.55
47940000,12,19.42,43.68
47940000,13,17.270000000000003,47.21
47940000,14,13.379999999999999,18.12
47940000,15,24.6,40.84
47940000,16,8.22,14.580000000000002
47940000,1700,8.05,14.41
47940000,1720,4.11,10.34
47940000,1740,22.270000000000003,24.39
47940000,1800,19.810000000000002,36.39
47940000,1820,30.840000000000003,43.550000000000004
47940000,1840,12.11,18.11
47940000,1900,19.0,22.0
47940000,1920,21.82,27.22
47940000,1940,14.19,14.19
47940000,20,13.830000000000002,22.310000000000002
47940000,21,0.0,6.36
48121000,00,63.15,145.89
48121000,01,74.36,182.22
48121000,02,65.32,201.91
48121000,03,103.26,370.37
48121000,04,413.51,1239.71
48121000,05,418.44,1230.87
48121000,06,446.38,1495.85
48121000,0700,338.7,954.21
48121000,0720,400.49,955.19
48121000,0740,364.2,930.87
48121000,0800,335.39,943.65
48121000,0820,317.14,912.13
48121000,0840,284.23,932.11
48121000,0900,246.33,798.3100000000001
48121000,0920,254.51999999999998,794.02
48121000,0940,150.19,560.14
48121000,10,465.26,1718.19
48121000,11,792.54,2254.44
48121000,12,1098.65,3337.98
48121000,13,895.78,3036.65
48121000,14,900.24,2982.87
48121000,15,768.5699999999999,2610.93
48121000,16,766.92,2426.44
48121000,1700,342.82,992.68
48121000,1720,300.44,904.12
48121000,1740,315.17,995.25
48121000,1800,191.07999999999998,564.75
48121000,1820,203.0,468.51
48121000,1840,105.47999999999999,313.92
48121000,1900,100.7,296.25
48121000,1920,126.82,378.71999999999997
48121000,1940,66.66,208.63
48121000,20,17.669999999999998,81.77
48121000,21,0.0,3.18
48121000,22,0.0,3.49
48123000,00,50.28,178.92
48123000,01,65.87,199.15
48123000,02,32.14,126.11
48123000,03,101.84,358.94
48123000,04,710.85,1905.91
48123000,05,754.1800000000001,2155.08
48123000,06,902.65,2562.07
48123000,0700,525.58,1310.14
48123000,0720,639.6999999999999,1529.1100000000001
48123000,0740,492.65,1245.35
48123000,0800,512.26,1315.48
48123000,0820,422.15,1138.57
48123000,0840,542.95,1440.08
48123000,0900,374.33,1088.08
48123000,0920,388.59,1012.58
48123000,0940,326.81,914.97
48123000,10,795.99,2309.86
48123000,11,1219.66,3004.73
48123000,12,1709.79,4303.73
48123000,13,1536.82,4069.81
48123000,14,1565.08,3884.4
48123000,15,1382.84,3793.81
48123000,16,1296.1,3323.1
48123000,1700,550.81,1257.8600000000001
48123000,1720,493.4,1171.61
48123000,1740,514.12,1325.82
48123000,1800,287.3,722.3299999999999
48123000,1820,320.27,805.48
48123000,1840,208.1,426.59000000000003
48123000,1900,226.57999999999998,495.5
48123000,1920,248.39000000000001,561.89
48123000,1940,127.28,326.46
48123000,20,55.22,113.75
48123000,21,15.05,18.84
48123000,22,0.0,6.98
48125000,00,42.86,90.73
48125000,01,9.22,55.480000000000004
48125000,02,11.39,59.57
48125000,03,62.78,199.01
48125000,04,140.66,549.03
48125000,05,169.87,581.3199999999999
48125000,06,239.44,877.14
48125000,0700,135.48,403.79
48125000,0720,163.94,498.9
48125000,0740,176.1,489.18
48125000,0800,162.62,548.5
48125000,0820,136.67,516.65
48125000,0840,167.53,503.09
48125000,0900,130.57,484.1
48125000,0920,99.46,396.95
48125000,0940,120.66,349.24
48125000,10,243.99,1068.34
48125000,11,443.77,1443.05
48125000,12,571.64,1967.5
48125000,13,635.17,2189.73
48125000,14,548.33,1989.48
48125000,15,666.54,2324.1
48125000,16,665.55,1990.75
48125000,1700,234.73,715.96
48125000,1720,186.22,651.59
48125000,1740,201.07999999999998,635.3
48125000,1800,118.34,337.51
48125000,1820,110.61,307.31
48125000,1840,49.65,157.27
48125000,1900,72.28999999999999,225.15
48125000,1920,30.7,208.13
48125000,1940,27.73,93.27
48125000,20,29.400000000000002,46.349999999999994
48127000,00,45.82,90.83
48127000,01,55.379999999999995,143.04
48127000,02,17.96,122.39999999999999
48127000,03,55.85,220.20999999999998
48127000,04,228.69,732.12
48127000,05,277.21,904.33
48127000,06,307.57,1013.14
48127000,0700,185.6,534.88
48127000,0720,268.56,659.61
48127000,0740,287.96,655.41
48127000,0800,221.3,620.79
48127000,0820,177.66,599.39
48127000,0840,239.93,660.54
48127000,0900,173.5,453.89
48127000,0920,154.61,590.56
48127000,0940,88.10000000000001,380.08
48127000,10,355.95,1155.37
48127000,11,571.25,1546.9
48127000,12,794.9,2251.96
48127000,13,682.14,2106.08
48127000,14,721.56,2221.99
48127000,15,604.75,2162.63
48127000,16,741.43,2134.12
48127000,1700,276.45,711.51
48127000,1720,231.33,758.1
48127000,1740,222.87,648.34
48127000,1800,127.03,416.98
48127000,1820,131.53,342.58
48127000,1840,98.09,214.44
48127000,1900,92.53,234.68
48127000,1920,53.68,222.59
48127000,1940,53.19,139.82
48127000,20,13.32,29.169999999999998
48129000,00,26.02,171.28
48129000,01,68.23,261.41
48129000,02,78.16,356.71
48129000,03,133.33,498.56
48129000,04,268.54,1113.62
48129000,05,414.42,1916.91
48129000,06,533.61,2526.19
48129000,0700,271.51,1200.34
48129000,0720,301.68,989.35
48129000,0740,341.71,873.78
48129000,0800,207.73,873.39
48129000,0820,221.3,915.92
48129000,0840,231.70999999999998,898.69
48129000,0900,238.46,1007.02
48129000,0920,196.77,868.96
48129000,0940,217.48999999999998,874.84
48129000,10,503.38,2536.13
48129000,11,767.8,2627.36
48129000,12,1048.75,2796.11
48129000,13,968.39,3112.43
48129000,14,945.0,2882.45
48129000,15,840.39,2534.37
48129000,16,740.55,2203.43
48129000,1700,187.66,570.75
48129000,1720,193.18,515.2
48129000,1740,205.81,609.13
48129000,1800,140.03,360.3
48129000,1820,119.12,349.72
48129000,1840,116.08,266.25
48129000,1900,86.41,232.07
48129000,1920,64.87,208.14
48129000,1940,62.440000000000005,155.59
48129000,20,21.36,52.75
48129000,21,7.140000000000001,7.140000000000001
48129000,22,0.0,6.29
48170000,00,37.22,184.4
48170000,01,47.21,271.15999999999997
48170000,02,30.34,183.79
48170000,03,143.35999999999999,638.59
48170000,04,585.9,2087.59
48170000,05,930.91,3167.7400000000002
48170000,06,1169.54,4090.9
48170000,0700,546.69,1844.96
48170000,0720,513.93,1738.6299999999999
48170000,0740,524.17,1422.99
48170000,0800,485.31,1521.04
48170000,0820,494.34,1511.54
48170000,0840,523.46,1648.78
48170000,0900,524.74,1631.15
48170000,0920,465.83,1334.95
48170000,0940,403.77,1246.6299999999999
48170000,10,943.13,3295.56
48170000,11,1246.84,3539.25
48170000,12,2071.27,5607.52
48170000,13,2090.81,6506.9400000000005
48170000,14,2086.4900000000002,6170.37
48170000,15,1870.1,5947.6
48170000,16,1516.04,4766.31
48170000,1700,492.59,1324.95
48170000,1720,536.13,1387.33
48170000,1740,425.03000000000003,1265.41
48170000,1800,503.21999999999997,1183.02
48170000,1820,416.66,1224.94
48170000,1840,378.71,983.91
48170000,1900,288.23,783.72
48170000,1920,176.49,460.33
48170000,1940,71.14,274.13
48170000,20,37.19,148.81
48170000,21,8.26,69.92
48170000,22,4.45,29.33
48170000,23,3.27,6.77
48220000,00,33.34,128.62
48220000,01,62.160000000000004,175.7
48220000,02,48.32,187.84
48220000,03,90.97,331.47
48220000,04,98.38,523.8
48220000,05,246.71,1413.82
48220000,06,451.56,2088.17
48220000,0700,145.85,708.18
48220000,0720,164.5,766.65
48220000,0740,127.69,649.35
48220000,0800,128.87,632.06
48220000,0820,136.98,550.48
48220000,0840,132.18,529.02
48220000,0900,98.37,511.6
48220000,0920,112.69,549.02
48220000,0940,114.18,472.57
48220000,10,355.9,1377.35
48220000,11,395.19,1503.1
48220000,12,424.18,1663.67
48220000,13,452.90999999999997,2026.15
48220000,14,412.46,1963.44
48220000,15,317.11,1436.28
48220000,16,318.78000000000003,1431.77
48220000,1700,79.27,339.34
48220000,1720,134.3,429.55
48220000,1740,71.8,280.71999999999997
48220000,1800,75.3,264.25
48220000,1820,76.83,240.03
48220000,1840,21.950000000000003,146.0
48220000,1900,16.25,94.89
48220000,1920,12.06,26.1
48220000,1940,0.0,2.83
48220000,20,3.53,12.4
48240000,00,14.77,38.53
48240000,01,52.31,141.32
48240000,02,16.18,90.77
48240000,03,22.58,131.95
48240000,04,67.1,427.1
48240000,05,122.64,986.81
48240000,06,280.81,1273.9
48240000,0700,136.2,576.12
48240000,0720,204.41,590.07
48240000,0740,156.54,583.67
48240000,0800,219.18,608.4300000000001
48240000,0820,158.2,529.99
48240000,0840,159.2,622.37
48240000,0900,300.92,932.97
48240000,0920,266.66,721.27
48240000,0940,102.53,455.17
48240000,10,310.33,1191.83
48240000,11,348.26,1114.27
48240000,12,532.18,1660.34
48240000,13,564.1899999999999,1921.3999999999999
48240000,14,599.95,2069.14
48240000,15,533.26,1943.17
48240000,16,704.15,1909.6
48240000,1700,122.01,396.59
48240000,1720,132.82999999999998,394.1
48240000,1740,123.35,388.79
48240000,1800,86.46000000000001,255.19
48240000,1820,114.48,272.75
48240000,1840,70.03,148.97
48240000,1900,43.42,172.26
48240000,1920,50.24,143.43
48240000,1940,14.93,61.85
48240000,20,15.93,47.29
48240000,21,0.0,3.42
48240000,22,0.0,3.19
48250000,00,58.15,425.17
48250000,01,160.71,1050.67
48250000,02,106.42,844.67
48250000,03,167.03,815.8
48250000,04,505.31,1644.05
48250000,05,764.8,2425.69
48250000,06,933.64,3255.71
48250000,0700,486.61,1518.31
48250000,0720,422.71999999999997,1416.44
48250000,0740,431.51,1377.58
48250000,0800,448.42,1520.28
48250000,0820,402.24,1416.06
48250000,0840,407.73,1407.96
48250000,0900,445.19,1519.21
48250000,0920,450.87,1494.01
48250000,0940,310.95,1137.01
48250000,10,1029.12,3365.72
48250000,11,1354.5,4112.7
48250000,12,1857.05,5581.75
48250000,13,1908.96,5866.25
48250000,14,1947.3,6188.63
48250000,15,1790.59,5813.33
48250000,16,1810.79,5566.17
48250000,1700,565.48,1618.4
48250000,1720,469.35,1563.77
48250000,1740,453.45,1201.45
48250000,1800,498.13,1244.94
48250000,1820,626.44,1611.74
48250000,1840,531.22,1319.91
48250000,1900,456.6,1028.45
48250000,1920,474.8,1073.22
48250000,1940,341.1,732.42
48250000,20,368.75,715.5699999999999
48250000,21,37.75,59.8
48250000,22,4.54,11.209999999999999
48270000,00,5.5600000000000005,42.589999999999996
48270000,01,25.29,130.9
48270000,02,36.88,198.49
48270000,03,73.91,239.29
48270000,04,167.12,686.3199999999999
48270000,05,222.26,1237.9
48270000,06,254.84,1305.63
48270000,0700,104.7,408.75
48270000,0720,120.85,534.71
48270000,0740,160.35,537.01
48270000,0800,146.22,582.25
48270000,0820,108.72,469.25
48270000,0840,119.44,538.86
48270000,0900,135.32,561.87
48270000,0920,100.99,481.05
48270000,0940,109.07000000000001,437.19
48270000,10,143.37,867.05
48270000,11,248.43,962.59
48270000,12,291.24,1361.82
48270000,13,349.02,1622.59
48270000,14,283.2,1360.19
48270000,15,255.84,1203.8700000000001
48270000,16,238.51,1225.29
48270000,1700,102.31,315.02
48270000,1720,130.65,416.51
48270000,1740,98.89,282.44
48270000,1800,83.19,313.5
48270000,1820,80.95,295.26
48270000,1840,60.74,205.14
48270000,1900,23.27,147.27
48270000,1920,59.86,216.6
48270000,1940,25.12,109.38
48270000,20,28.68,93.55
48270000,21,2.48,20.55
48270000,22,2.83,10.129999999999999
48310000,00,13.29,48.5
48310000,01,33.07,127.75999999999999
48310000,02,28.43,165.27
48310000,03,65.27,332.41
48310000,04,142.14,752.4599999999999
48310000,05,348.62,1869.8600000000001
48310000,06,505.78999999999996,2601.28
48310000,0700,233.52,1014.42
48310000,0720,228.65,810.53
48310000,0740,207.65,682.1800000000001
48310000,0800,122.66,629.19
48310000,0820,141.59,610.97
48310000,0840,182.2,636.72
48310000,0900,139.95,656.39
48310000,0920,142.26,506.21
48310000,0940,147.21,562.46
48310000,10,653.49,1964.81
48310000,11,537.65,1890.07
48310000,12,498.78,2146.88
48310000,13,712.71,2742.46
48310000,14,660.59,2489.18
48310000,15,669.47,2428.99
48310000,16,688.66,2220.66
48310000,1700,161.24,683.65
48310000,1720,189.04,592.76
48310000,1740,196.23,457.89
48310000,1800,169.73,489.27
48310000,1820,136.13,378.21
48310000,1840,125.3,325.9
48310000,1900,75.29,185.66
48310000,1920,21.13,91.28
48310000,1940,10.7,36.97
48310000,20,11.23,53.41
48310000,22,0.0,12.45
48330000,00,39.11,190.8
48330000,01,93.5,433.02
48330000,02,73.13,471.89
48330000,03,140.32999999999998,493.48
48330000,04,261.29,1341.54
48330000,05,706.4,3895.93
48330000,06,760.07,4101.15
48330000,0700,209.35999999999999,1239.36
48330000,0720,229.14,959.9
48330000,0740,220.18,1056.08
48330000,0800,340.6,1251.28
48330000,0820,286.29,1018.4
48330000,0840,193.33,919.97
48330000,0900,278.23,988.7
48330000,0920,221.91,995.39
48330000,0940,217.13,944.19
48330000,10,636.91,2394.28
48330000,11,795.24,2447.62
48330000,12,1251.49,3571.59
48330000,13,937.23,3534.89
48330000,14,1072.08,3767.99
48330000,15,1028.68,3661.92
48330000,16,895.83,3156.16
48330000,1700,393.46999999999997,1040.12
48330000,1720,476.26,1232.6299999999999
48330000,1740,373.61,1096.35
48330000,1800,393.47,1043.86
48330000,1820,400.29,1080.14
48330000,1840,248.96,780.34
48330000,1900,257.31,697.66
48330000,1920,115.87,339.99
48330000,1940,84.89,224.95000000000002
48330000,20,115.39,283.18
48330000,21,19.12,37.92
48330000,22,13.66,13.66
48720000,01,2.38,13.15
48720000,02,6.83,28.75
48720000,03,2.4,49.55
48720000,04,18.669999999999998,159.92
48720000,05,41.16,267.17
48720000,06,25.43,265.90999999999997
48720000,0700,7.3500000000000005,126.87
48720000,0720,26.48,95.9
48720000,0740,23.18,113.01
48720000,0800,18.91,120.59
48720000,0820,13.85,78.86
48720000,0840,23.74,101.97
48720000,0900,23.04,135.51
48720000,0920,10.280000000000001,70.79
48720000,0940,18.38,86.41
48720000,10,40.41,174.0
48720000,11,31.62,162.84
48720000,12,37.75,190.19
48720000,13,42.29,217.96
48720000,14,29.84,201.56
48720000,15,48.52,188.71
48720000,16,20.009999999999998,200.57
48720000,1700,5.779999999999999,39.88
48720000,1720,9.42,49.32
48720000,1740,9.690000000000001,26.35
48720000,1800,7.67,32.09
48720000,1820,2.94,14.94
48720000,1840,2.11,24.7
48720000,1900,0.0,19.919999999999998
48720000,1920,0.0,1.92
48720000,1940,0.0,1.76
48720000,20,7.38,7.38
48730000,00,10.75,60.52
48730000,01,33.03,126.46000000000001
48730000,02,36.79,143.93
48730000,03,26.65,177.73
48730000,04,110.65,329.25
48730000,05,130.46,575.34
48730000,06,172.69,645.3199999999999
48730000,0700,63.129999999999995,279.33
48730000,0720,72.72999999999999,273.35
48730000,0740,57.629999999999995,310.65
48730000,0800,51.199999999999996,311.24
48730000,0820,53.05,249.26
48730000,0840,42.25,290.88
48730000,0900,56.06,278.82
48730000,0920,67.61,339.67
48730000,0940,48.89,282.75
48730000,10,108.66,701.61
48730000,11,127.93,582.17
48730000,12,165.06,734.6800000000001
48730000,13,183.27,845.09
48730000,14,161.68,823.53
48730000,15,181.17,739.55
48730000,16,130.21,643.04
48730000,1700,57.03,169.01
48730000,1720,17.89,159.41
48730000,1740,27.21,142.1
48730000,1800,54.25,169.1
48730000,1820,34.83,138.83
48730000,1840,14.01,73.26
48730000,1900,16.25,54.660000000000004
48730000,1920,5.26,46.35
48730000,1940,3.21,13.719999999999999
48730000,20,0.0,5.53
48740000,00,16.939999999999998,81.41
48740000,01,22.65,134.85
48740000,02,51.4,197.07999999999998
48740000,03,82.94,322.01
48740000,04,91.76,475.69
48740000,05,103.42,730.55
48740000,06,217.99,926.1
48740000,0700,89.83,432.38
48740000,0720,71.23,338.3
48740000,0740,98.05,407.78999999999996
48740000,0800,72.77,491.56
48740000,0820,83.61,415.42
48740000,0840,47.29,355.28
48740000,0900,62.19,398.86
48740000,0920,44.81,323.33
48740000,0940,33.89,283.11
48740000,10,128.32,701.9300000000001
48740000,11,148.07,785.04
48740000,12,188.54,1083.83
48740000,13,253.05,1289.77
48740000,14,190.85,1309.0
48740000,15,141.71,919.92
48740000,16,118.66,674.58
48740000,1700,53.269999999999996,217.25
48740000,1720,26.58,157.63
48740000,1740,25.08,186.12
48740000,1800,33.59,170.97
48740000,1820,24.62,111.11
48740000,1840,32.47,118.58
48740000,1900,24.02,71.62
48740000,1920,11.02,76.57000000000001
48740000,1940,13.19,27.11
48740000,20,38.3,90.37
48740000,21,3.33,8.81
48740000,22,3.33,10.55
48740000,23,0.0,7.22
48820000,00,10.15,33.65
48820000,01,8.92,75.69
48820000,02,2.58,58.97
48820000,03,10.53,140.52
48820000,04,31.509999999999998,291.21
48820000,05,60.98,392.68
48820000,06,85.87,632.02
48820000,0700,43.769999999999996,183.99
48820000,0720,30.04,152.97
48820000,0740,8.219999999999999,155.15
48820000,0800,38.04,177.06
48820000,0820,27.43,149.14
48820000,0840,22.84,116.0
48820000,0900,28.17,147.06
48820000,0920,26.73,164.03
48820000,0940,26.37,153.55
48820000,10,45.88,356.37
48820000,11,89.28999999999999,469.95
48820000,12,125.25,649.26
48820000,13,135.69,533.31
48820000,14,100.05,581.25
48820000,15,99.49000000000001,620.03
48820000,16,101.92,442.62
48820000,1700,36.19,119.68
48820000,1720,27.3,106.91
48820000,1740,21.369999999999997,57.75
48820000,1800,20.6,67.62
48820000,1820,11.73,77.0
48820000,1840,24.46,99.66
48820000,1900,3.95,60.660000000000004
48820000,1920,7.15,30.02
48820000,1940,12.4,19.45
48820000,20,3.5,3.5
48840000,00,7.68,31.189999999999998
48840000,01,16.57,59.52
48840000,02,19.48,60.730000000000004
48840000,03,22.630000000000003,155.3
48840000,04,121.42,412.81
48840000,05,170.55,1193.6299999999999
48840000,06,283.98,1330.98
48840000,0700,85.6,453.62
48840000,0720,81.75999999999999,385.03
48840000,0740,67.83,333.95
48840000,0800,96.88,304.61
48840000,0820,77.26,292.59000000000003
48840000,0840,53.44,294.54
48840000,0900,92.52,417.24
48840000,0920,64.27,295.19
48840000,0940,48.51,233.23999999999998
48840000,10,148.51,692.79
48840000,11,147.02,718.97
48840000,12,155.56,741.1
48840000,13,136.36,691.38
48840000,14,168.01000000000002,881.21
48840000,15,110.09,501.14
48840000,16,117.51,488.96000000000004
48840000,1700,16.89,74.42
48840000,1720,15.2,76.88
48840000,1740,4.529999999999999,58.16
48840000,1800,15.65,39.28
48840000,1820,18.92,42.58
48840000,1840,3.84,29.83
48840000,1900,13.19,30.7
48840000,1920,11.82,31.72
48840000,1940,6.800000000000001,6.800000000000001
48840000,20,0.0,3.12
48850000,00,10.44,81.39
48850000,01,20.72,204.51
48850000,02,16.509999999999998,239.84
48850000,03,86.24,670.54
48850000,04,167.18,1578.77
48850000,05,342.13,4172.22
48850000,06,339.29,4223.2300000000005
48850000,0700,103.55,1286.79
48850000,0720,97.54,937.11
48850000,0740,81.83,795.45
48850000,0800,71.98,671.76
48850000,0820,63.7,620.08
48850000,0840,89.55,629.1
48850000,0900,79.26,435.25
48850000,0920,82.03,473.19
48850000,0940,45.0,341.19
48850000,10,96.59,736.78
48850000,11,116.84,624.65
48850000,12,134.71,804.79
48850000,13,145.66,851.33
48850000,14,136.76,758.94
48850000,15,74.51,518.27
48850000,16,74.71,484.18
48850000,1700,9.6,98.11
48850000,1720,21.990000000000002,138.73
48850000,1740,17.009999999999998,112.98
48850000,1800,23.25,105.09
48850000,1820,25.58,92.55
48850000,1840,20.25,92.04
48850000,1900,13.33,107.92999999999999
48850000,1920,9.870000000000001,94.53
48850000,1940,14.49,19.330000000000002
48850000,20,9.6,23.14
48860000,00,10.64,43.24
48860000,01,26.970000000000002,144.67000000000002
48860000,02,22.82,143.9
48860000,03,33.91,171.8
48860000,04,42.11,330.0
48860000,05,86.84,652.41
48860000,06,205.33,1121.99
48860000,0700,115.14,447.32
48860000,0720,178.48000000000002,512.49
48860000,0740,105.39,391.44
48860000,0800,90.89999999999999,400.59
48860000,0820,56.230000000000004,362.54
48860000,0840,66.8,373.95
48860000,0900,55.71,363.67
48860000,0920,45.79,286.39
48860000,0940,29.62,238.45
48860000,10,113.0,679.84
48860000,11,112.69,638.86
48860000,12,114.06,862.05
48860000,13,149.22,888.65
48860000,14,123.94,854.27
48860000,15,111.55,739.03
48860000,16,91.32,538.19
48860000,1700,35.39,132.02
48860000,1720,28.33,150.3
48860000,1740,13.0,91.44
48860000,1800,30.689999999999998,123.96000000000001
48860000,1820,18.48,80.29
48860000,1840,4.5,47.56
48860000,1900,36.5,108.84
48860000,1920,12.6,60.78
48860000,1940,2.5,42.71
48860000,20,8.29,45.129999999999995
48860000,21,9.25,36.5
48860000,22,0.0,22.9
48870000,00,2.15,25.33
48870000,01,12.32,77.3
48870000,02,28.35,159.0
48870000,03,57.83,158.06
48870000,04,43.31,341.86
48870000,05,115.83,800.64
48870000,06,146.65,1056.18
48870000,0700,47.25,337.15999999999997
48870000,0720,61.22,336.28
48870000,0740,53.410000000000004,300.68
48870000,0800,56.76,381.40000000000003
48870000,0820,49.370000000000005,342.46
48870000,0840,48.5,339.68
48870000,0900,99.36,387.46999999999997
48870000,0920,42.66,286.82
48870000,0940,51.24,264.67
48870000,10,118.5,860.2
48870000,11,128.73,763.1
48870000,12,157.0,894.89
48870000,13,198.15,1068.98
48870000,14,258.15,1292.79
48870000,15,140.0,1172.05
48870000,16,156.45000000000002,802.33
48870000,1700,23.939999999999998,261.67
48870000,1720,58.99,296.69
48870000,1740,45.97,162.78
48870000,1800,47.32,131.32
48870000,1820,45.39,190.86
48870000,1840,76.71000000000001,177.07
48870000,1900,40.0,159.66
48870000,1920,18.4,93.15
48870000,1940,37.099999999999994,108.94
48870000,20,29.33,99.84
48870000,21,3.35,6.550000000000001
48880000,00,0.0,35.37
48880000,01,0.0,80.21
48880000,02,31.16,90.41
48880000,03,8.809999999999999,136.47
48880000,04,48.47,367.82
48880000,05,78.85,579.37
48880000,06,207.9,1032.2
48880000,0700,69.34,429.13
48880000,0720,83.05,419.32
48880000,0740,102.33,446.97
48880000,0800,70.9,322.3
48880000,0820,62.89,454.71000000000004
48880000,0840,39.980000000000004,336.59
48880000,0900,72.38,389.57
48880000,0920,52.2,289.05
48880000,0940,98.83,321.09
48880000,10,155.0,931.78
48880000,11,151.35,922.31
48880000,12,213.41,1006.3199999999999
48880000,13,299.8,1524.94
48880000,14,326.12,1684.42
48880000,15,270.08,1398.68
48880000,16,294.38,1059.83
48880000,1700,97.87,482.9
48880000,1720,61.91,190.36
48880000,1740,78.91,264.65
48880000,1800,80.45,284.18
48880000,1820,21.619999999999997,118.4
48880000,1840,35.34,149.01
48880000,1900,42.56,209.68
48880000,1920,29.42,83.24
48880000,1940,22.72,67.01
48880000,20,26.299999999999997,66.48
48880000,21,0.0,3.5
48890000,01,3.19,50.72
48890000,02,33.29,105.5
48890000,03,44.879999999999995,157.84
48890000,04,55.089999999999996,263.16
48890000,05,80.65,554.6
48890000,06,87.33,872.15
48890000,0700,21.79,278.72
48890000,0720,30.740000000000002,184.56
48890000,0740,23.73,242.07
48890000,0800,35.92,230.52
48890000,0820,26.99,136.77
48890000,0840,35.5,203.24
48890000,0900,25.400000000000002,158.41
48890000,0920,21.22,123.29
48890000,0940,13.94,128.56
48890000,10,69.78,407.38
48890000,11,44.17,327.39
48890000,12,112.94,553.8199999999999
48890000,13,78.96000000000001,495.39
48890000,14,125.95,522.8
48890000,15,96.37,421.91
48890000,16,88.07,469.33
48890000,1700,23.22,156.12
48890000,1720,10.149999999999999,58.480000000000004
48890000,1740,3.1,29.259999999999998
48890000,1800,0.0,24.65
48890000,1820,2.43,41.99
48890000,1840,14.7,34.81
48890000,1900,3.5,35.56
48890000,1920,0.0,24.14
48890000,1940,11.08,23.490000000000002
48890000,20,12.76,21.96
50110000,00,10.52,33.68
50110000,01,24.42,49.74
50110000,02,31.52,97.77
50110000,03,307.73,975.51
50110000,04,2157.85,6352.17
50110000,05,7032.34,18817.7
50110000,06,13027.87,36281.14
50110000,0700,3455.13,10892.72
50110000,0720,3989.27,11098.95
50110000,0740,3044.87,8880.78
50110000,0800,2376.91,7577.8099999999995
50110000,0820,2598.13,8528.06
50110000,0840,3327.49,9101.48
50110000,0900,3067.11,8630.06
50110000,0920,2476.83,7412.74
50110000,0940,3512.21,9940.67
50110000,10,9557.0,25244.07
50110000,11,10518.84,24991.79
50110000,12,13012.380000000001,29262.13
50110000,13,13436.63,31949.45
50110000,14,12541.67,32583.75
50110000,15,9712.58,25188.27
50110000,16,8412.9,23684.45
50110000,1700,3408.4,9752.65
50110000,1720,3058.66,8199.36
50110000,1740,2475.61,7076.0199999999995
50110000,1800,3937.4300000000003,11661.73
50110000,1820,4076.66,11405.95
50110000,1840,4170.07,10823.84
50110000,1900,4327.36,10007.35
50110000,1920,3357.04,7598.76
50110000,1940,3510.5099999999998,7277.37
50110000,20,8084.75,17299.76
50110000,21,2194.66,4414.38
50110000,22,123.9,314.15
50110000,23,12.879999999999999,44.82
50130000,00,3.5,14.56
50130000,01,7.04,25.28
50130000,02,8.15,29.020000000000003
50130000,03,31.19,183.57
50130000,04,282.46999999999997,1048.59
50130000,05,810.74,2931.35
50130000,06,1302.22,4738.42
50130000,0700,467.31,1647.22
50130000,0720,422.33,1503.06
50130000,0740,353.1,1381.17
50130000,0800,347.15,1272.1399999999999
50130000,0820,488.48,1551.51
50130000,0840,437.04,1423.67
50130000,0900,395.18,1286.04
50130000,0920,326.02,1038.5
50130000,0940,406.87,1173.39
50130000,10,1144.36,3254.73
50130000,11,1355.96,3878.66
50130000,12,2135.03,6343.07
50130000,13,2815.62,8290.81
50130000,14,2565.6,7939.47
50130000,15,1953.65,6009.41
50130000,16,1613.03,5181.04
50130000,1700,676.9,1967.28
50130000,1720,391.77,1450.32
50130000,1740,362.52000000000004,1204.56
50130000,1800,748.26,2233.9700000000003
50130000,1820,667.41,2168.3
50130000,1840,662.39,2197.83
50130000,1900,660.94,1946.19
50130000,1920,464.31,1353.22
50130000,1940,509.9,1362.6
50130000,20,839.09,2379.3
50130000,21,70.69,242.64000000000001
50130000,22,20.02,108.71
50130000,23,2.12,8.06
51110000,00,365.74,1119.09
51110000,01,596.89,2128.91
51110000,02,331.98,1554.82
51110000,03,470.76,3048.15
51110000,04,1935.22,11930.98
51110000,05,6300.5599999999995,31045.03
51110000,06,14345.32,49161.39
51110000,0700,7244.96,21940.68
51110000,0720,6872.24,22227.5
51110000,0740,6825.26,22930.74
51110000,0800,6976.21,26052.32
51110000,0820,6993.17,26335.85
51110000,0840,6975.66,27262.18
51110000,0900,7037.96,30716.84
51110000,0920,7170.28,29865.99
51110000,0940,6800.93,29563.579999999998
51110000,10,21656.05,82076.54000000001
51110000,11,19565.23,65628.55
51110000,12,19074.13,62804.39
51110000,13,18729.97,62405.22
51110000,14,19145.82,63002.67
51110000,15,19336.83,62604.86
51110000,16,19175.27,61412.91
51110000,1700,6651.5199999999995,19904.36
51110000,1720,6677.82,18262.31
51110000,1740,5941.59,16906.38
51110000,1800,7264.3,18995.33
51110000,1820,5077.22,13296.66
51110000,1840,4829.5199999999995,12704.3
51110000,1900,4419.82,11295.75
51110000,1920,4513.16,11215.22
51110000,1940,4468.16,10918.8
51110000,20,11122.41,25162.25
51110000,21,4884.63,11330.44
51110000,22,729.54,2196.09
51110000,23,73.84,193.06
51130000,00,574.21,1863.77
51130000,01,953.32,3247.3
51130000,02,825.49,3199.7400000000002
51130000,03,914.3399999999999,4966.96
51130000,04,2509.37,14494.53
51130000,05,8020.14,34287.57
51130000,06,16282.25,54941.69
51130000,0700,6242.389999999999,20912.09
51130000,0720,5644.98,19660.4
51130000,0740,5585.88,20530.94
51130000,0800,5115.68,20799.08
51130000,0820,5181.97,21884.63
51130000,0840,5332.2699999999995,22648.77
51130000,0900,5730.87,24639.97
51130000,0920,5771.37,23938.77
51130000,0940,5779.82,23077.73
51130000,10,16189.94,64226.83
51130000,11,15020.12,56575.69
51130000,12,16693.36,60239.74
51130000,13,18577.64,67233.3
51130000,14,19982.65,69305.14
51130000,15,21910.28,72799.81
51130000,16,24257.74,78500.42
51130000,1700,8963.73,26966.86
51130000,1720,8983.65,24701.93
51130000,1740,9231.15,24872.2
51130000,1800,11685.58,30456.0
51130000,1820,7931.22,19539.0
51130000,1840,7170.41,18123.32
51130000,1900,6301.88,15850.07
51130000,1920,5389.0,13420.28
51130000,1940,5068.78,12882.06
51130000,20,12894.83,31459.95
51130000,21,6874.4800000000005,16823.69
51130000,22,946.2,2522.62
51130000,23,17.72,64.23
51150000,00,178.35,670.67
51150000,01,361.33,1511.92
51150000,02,368.05,1792.24
51150000,03,649.34,2789.9
51150000,04,1353.78,5738.37
51150000,05,2950.2,12411.38
51150000,06,5612.89,21623.68
51150000,0700,3096.28,10498.73
51150000,0720,3315.23,10532.98
51150000,0740,3475.62,11107.5
51150000,0800,4382.9400000000005,13846.630000000001
51150000,0820,4144.45,12132.51
51150000,0840,4335.6,12985.89
51150000,0900,4954.54,13634.52
51150000,0920,4129.18,12318.9
51150000,0940,3949.49,11008.62
51150000,10,11047.61,28882.9
51150000,11,10393.64,24737.19
51150000,12,10145.02,25769.11
51150000,13,8472.56,24555.64
51150000,14,7890.37,22341.12
51150000,15,7276.58,20129.49
51150000,16,6106.69,17135.02
51150000,1700,2044.27,5449.5199999999995
51150000,1720,1743.24,4729.07
51150000,1740,1714.84,4267.29
51150000,1800,1967.07,4503.01
51150000,1820,1724.72,4335.33
51150000,1840,1872.29,4781.46
51150000,1900,1547.91,3939.02
51150000,1920,1413.81,3559.05
51150000,1940,1360.01,3261.47
51150000,20,1849.82,4564.49
51150000,21,301.79,677.1
51150000,22,33.589999999999996,64.78999999999999
51150000,23,8.98,13.879999999999999
51170000,00,47.44,195.29
51170000,01,86.27,382.13
51170000,02,71.18,486.64
51170000,03,116.53999999999999,772.64
51170000,04,363.46,1496.73
51170000,05,1212.08,4074.87
51170000,06,1788.43,6019.08
51170000,0700,675.67,2194.25
51170000,0720,536.65,1994.66
51170000,0740,799.76,2241.82
51170000,0800,929.85,2829.45
51170000,0820,893.09,2532.45
51170000,0840,1101.85,2934.09
51170000,0900,1238.53,2942.15
51170000,0920,1473.25,3406.5
51170000,0940,1343.46,2801.42
51170000,10,3114.11,6963.32
51170000,11,1803.68,5057.89
51170000,12,1844.73,5136.59
51170000,13,1804.53,5794.47
51170000,14,1958.06,6009.11
51170000,15,1324.1,5030.45
51170000,16,1038.18,3613.29
51170000,1700,321.67,1018.96
51170000,1720,424.23,1341.98
51170000,1740,382.88,991.28
51170000,1800,494.2,1435.14
51170000,1820,487.21,1394.59
51170000,1840,411.95,1071.24
51170000,1900,389.55,983.1999999999999
51170000,1920,363.39,920.44
51170000,1940,309.49,884.53
51170000,20,335.01,911.3
51170000,21,28.259999999999998,64.06
51170000,22,12.08,18.72
51170000,23,2.83,10.74
51190000,00,20.45,61.19
51190000,01,22.49,126.72
51190000,02,44.97,197.60999999999999
51190000,03,37.44,349.92
51190000,04,113.12,755.66
51190000,05,284.64,1808.5
51190000,06,296.55,1923.23
51190000,0700,123.38,640.98
51190000,0720,99.61,594.21
51190000,0740,121.95,530.08
51190000,0800,169.51,615.26
51190000,0820,119.42,626.5600000000001
51190000,0840,153.93,701.37
51190000,0900,128.78,709.75
51190000,0920,122.83,584.63
51190000,0940,94.38,571.67
51190000,10,321.86,1527.5
51190000,11,359.97,1608.83
51190000,12,337.65,2082.61
51190000,13,323.13,1901.07
51190000,14,390.09,1964.09
51190000,15,494.56,2076.89
51190000,16,491.17,1863.3899999999999
51190000,1700,157.18,784.12
51190000,1720,99.09,436.62
51190000,1740,74.18,419.2
51190000,1800,91.51,311.66
51190000,1820,112.86,296.29
51190000,1840,88.16,444.07
51190000,1900,85.81,312.76
51190000,1920,79.88,273.09
51190000,1940,37.73,181.55
51190000,20,56.63,260.46
51190000,21,0.0,11.4
51210000,00,134.57,293.48
51210000,01,199.92,583.74
51210000,02,204.55,762.4
51210000,03,265.11,1104.32
51210000,04,489.34999999999997,2361.6
51210000,05,1291.11,6249.21
51210000,06,2499.16,11687.550000000001
51210000,0700,1319.75,5609.17
51210000,0720,1528.61,6122.11
51210000,0740,1503.1299999999999,6341.24
51210000,0800,1948.3500000000001,7859.67
51210000,0820,2044.64,7807.76
51210000,0840,2275.84,8379.17
51210000,0900,2685.15,9136.66
51210000,0920,2386.44,8514.45
51210000,0940,2387.9,8087.62
51210000,10,6100.92,20306.28
51210000,11,4990.64,15214.44
51210000,12,5058.59,15991.99
51210000,13,5243.14,16738.99
51210000,14,4824.6,15444.960000000001
51210000,15,4159.45,13412.54
51210000,16,3393.2,10262.24
51210000,1700,1067.85,3091.08
51210000,1720,892.44,2519.7400000000002
51210000,1740,898.36,2544.77
51210000,1800,940.09,2627.82
51210000,1820,774.39,2221.58
51210000,1840,882.02,2232.28
51210000,1900,984.9399999999999,2434.15
51210000,1920,741.18,2034.5900000000001
51210000,1940,731.69,2002.26
51210000,20,1390.6,3444.92
51210000,21,275.68,592.9
51210000,22,9.07,16.85
51230000,00,34.59,159.63
51230000,01,102.28999999999999,391.98
51230000,02,65.96,344.41999999999996
51230000,03,78.14999999999999,477.86
51230000,04,151.2,991.83
51230000,05,490.05,2580.08
51230000,06,832.78,4175.99
51230000,0700,274.22,1591.65
51230000,0720,317.6,1637.87
51230000,0740,262.81,1478.27
51230000,0800,320.09000000000003,1708.68
51230000,0820,275.46,1538.6
51230000,0840,319.03,1621.6499999999999
51230000,0900,324.81,1362.58
51230000,0920,325.84,1404.03
51230000,0940,330.32,1336.78
51230000,10,824.52,3156.35
51230000,11,746.53,3036.93
51230000,12,978.92,3619.8199999999997
51230000,13,1079.19,3924.63
51230000,14,1044.49,3553.8
51230000,15,781.78,2913.29
51230000,16,723.9200000000001,2402.9
51230000,1700,164.37,591.05
51230000,1720,215.78,739.37
51230000,1740,227.21,559.66
51230000,1800,228.41,657.22
51230000,1820,265.51,778.6999999999999
51230000,1840,223.82999999999998,610.06
51230000,1900,224.32999999999998,649.69
51230000,1920,236.76,600.9
51230000,1940,136.83,445.02
51230000,20,104.1,379.54
51230000,21,10.35,47.550000000000004
51230000,22,14.91,21.27
51230000,23,0.0,4.5
51720000,00,99.34,341.63
51720000,01,166.28,680.63
51720000,02,123.09,655.09
51720000,03,213.18,1603.97
51720000,04,635.5,6382.73
51720000,05,1804.27,15544.05
51720000,06,3310.26,20990.920000000002
51720000,0700,1469.08,8239.2
51720000,0720,1454.23,7501.7
51720000,0740,1436.92,8082.42
51720000,0800,1435.86,9488.82
51720000,0820,1717.18,9412.21
51720000,0840,2126.44,10863.81
51720000,0900,2057.67,12004.41
51720000,0920,2202.66,11559.61
51720000,0940,1849.35,11263.5
51720000,10,6020.0,31942.36
51720000,11,5320.21,26563.72
51720000,12,6136.87,27400.87
51720000,13,5748.4,25245.68
51720000,14,4763.86,21665.010000000002
51720000,15,4551.86,20929.89
51720000,16,3775.39,18329.01
51720000,1700,1162.39,5655.71
51720000,1720,1166.54,5209.99
51720000,1740,975.15,4410.04
51720000,1800,966.09,4069.05
51720000,1820,923.77,3694.68
51720000,1840,727.91,3105.89
51720000,1900,792.23,3254.96
51720000,1920,784.41,2812.29
51720000,1940,740.51,2519.54
51720000,20,1903.48,6347.4
51720000,21,990.87,3223.34
51720000,22,233.25,728.67
51720000,23,11.850000000000001,61.3
51730000,00,69.16,282.05
51730000,01,89.69,490.71
51730000,02,50.4,471.7
51730000,03,125.63,1193.45
51730000,04,524.99,4917.55
51730000,05,1163.51,11333.47
51730000,06,1834.23,12564.75
51730000,0700,815.46,4499.81
51730000,0720,767.88,3964.66
51730000,0740,813.75,4316.34
51730000,0800,759.97,4893.3
51730000,0820,721.06,5118.04
51730000,0840,852.43,6024.19
51730000,0900,908.39,6721.25
51730000,0920,975.9,6947.63
51730000,0940,723.08,6054.17
51730000,10,2360.07,16366.53
51730000,11,2022.8,11754.99
51730000,12,1827.97,10983.27
51730000,13,1707.49,10263.76
51730000,14,1516.39,9693.19
51730000,15,1456.03,9222.97
51730000,16,1407.69,8509.44
51730000,1700,391.44,2474.14
51730000,1720,415.7,2395.81
51730000,1740,528.31,1897.69
51730000,1800,554.25,2232.12
51730000,1820,429.96,1554.94
51730000,1840,340.3,1693.01
51730000,1900,365.65,1502.0
51730000,1920,336.85,1275.78
51730000,1940,221.39000000000001,1120.65
51730000,20,724.01,2839.0099999999998
51730000,21,407.2,1389.59
51730000,22,31.38,124.89
51730000,23,0.0,5.34
51750000,00,7.6899999999999995,100.68
51750000,01,22.14,265.78
51750000,02,42.18,318.17
51750000,03,58.35,529.96
51750000,04,218.9,1725.06
51750000,05,731.75,5498.49
51750000,06,1344.46,8477.23
51750000,0700,466.12,3245.33
51750000,0720,523.9,3264.74
51750000,0740,432.51,3217.18
51750000,0800,609.06,3874.75
51750000,0820,515.9499999999999,3548.38
51750000,0840,655.1,3556.97
51750000,0900,698.4,3797.04
51750000,0920,549.85,3105.63
51750000,0940,692.46,3264.04
51750000,10,1732.31,8182.88
51750000,11,1208.67,5426.39
51750000,12,1239.39,5718.08
51750000,13,1018.09,5284.79
51750000,14,875.34,4399.21
51750000,15,824.33,4501.21
51750000,16,623.4,3382.07
51750000,1700,212.12,1022.11
51750000,1720,190.73000000000002,881.11
51750000,1740,170.57,710.77
51750000,1800,275.09,1045.8
51750000,1820,191.2,762.76
51750000,1840,143.41,701.79
51750000,1900,139.83,744.32
51750000,1920,108.89,509.14
51750000,1940,151.59,543.0600000000001
51750000,20,353.39,1298.36
51750000,21,77.22,292.73
51750000,22,16.49,21.52
51760000,00,77.39,279.39
51760000,01,119.48,533.11
51760000,02,104.61,450.68
51760000,03,195.31,1019.43
51760000,04,812.79,3566.17
51760000,05,2424.94,10198.62
51760000,06,2835.87,13165.199999999999
51760000,0700,903.51,4674.46
51760000,0720,821.63,4170.01
51760000,0740,870.4300000000001,4153.56
51760000,0800,1026.72,5090.7699999999995
51760000,0820,1099.9,5005.2300000000005
51760000,0840,1029.46,5341.8099999999995
51760000,0900,1422.1399999999999,6741.05
51760000,0920,1201.03,5267.31
51760000,0940,1245.33,5198.3
51760000,10,2807.65,11468.9
51760000,11,2255.71,9106.47
51760000,12,2306.63,9201.53
51760000,13,2418.93,9891.369999999999
51760000,14,2322.59,9189.85
51760000,15,1769.97,7477.74
51760000,16,1432.81,6290.61
51760000,1700,452.61,1666.84
51760000,1720,389.32,1777.92
51760000,1740,368.15,1453.88
51760000,1800,469.84999999999997,1444.11
51760000,1820,332.42,1197.6100000000001
51760000,1840,365.19,1288.54
51760000,1900,341.37,1275.5
51760000,1920,441.5,1485.74
51760000,1940,433.3,1443.64
51760000,20,856.31,2732.88
51760000,21,165.12,574.14
51760000,22,6.890000000000001,29.81
51760000,23,0.0,3.73
51770000,00,21.35,131.4
51770000,01,45.22,256.49
51770000,02,90.28,329.76
51770000,03,104.06,604.57
51770000,04,210.02,1417.05
51770000,05,731.3100000000001,5091.43
51770000,06,765.55,6369.22
51770000,0700,348.41,2264.91
51770000,0720,358.13,2218.04
51770000,0740,297.11,2048.81
51770000,0800,313.19,2259.81
51770000,0820,352.6,2147.45
51770000,0840,362.75,2189.6
51770000,0900,366.69,2012.94
51770000,0920,311.65,2124.43
51770000,0940,286.64,1972.82
51770000,10,854.23,5210.92
51770000,11,897.76,4892.03
51770000,12,967.92,5773.48
51770000,13,960.16,5710.69
51770000,14,992.48,5835.82
51770000,15,760.3,5359.34
51770000,16,779.73,4477.58
51770000,1700,262.88,1635.83
51770000,1720,232.86,1213.6
51770000,1740,233.5,1371.57
51770000,1800,214.4,1252.6299999999999
51770000,1820,238.82999999999998,1109.29
51770000,1840,227.52,1246.53
51770000,1900,205.16,1223.58
51770000,1920,151.85,954.24
51770000,1940,166.7,913.63
51770000,20,323.46,1607.16
51770000,21,38.94,172.4
51780000,00,202.84,526.37
51780000,01,358.46,835.64
51780000,02,232.96,737.57
51780000,03,183.23,1112.05
51780000,04,385.06,3056.7
51780000,05,1027.96,7930.91
51780000,06,2987.7400000000002,15005.02
51780000,0700,1751.48,7447.03
51780000,0720,1657.47,6998.33
51780000,0740,1730.54,7743.64
51780000,0800,1819.97,9042.75
51780000,0820,1697.21,8986.01
51780000,0840,1771.93,9010.0
51780000,0900,2009.76,10180.6
51780000,0920,1786.99,9118.7
51780000,0940,1731.73,9160.77
51780000,10,4600.7,26407.22
51780000,11,5772.8099999999995,25482.51
51780000,12,6119.89,28267.25
51780000,13,5853.21,27125.85
51780000,14,6442.1,24333.37
51780000,15,6963.56,22988.68
51780000,16,6477.57,21334.91
51780000,1700,2174.37,7640.57
51780000,1720,2367.57,7695.76
51780000,1740,2177.1,6336.16
51780000,1800,1819.54,6192.18
51780000,1820,1498.2,4815.99
51780000,1840,1223.95,4283.52
51780000,1900,1333.36,4203.85
51780000,1920,1179.17,3605.84
51780000,1940,1100.89,3541.79
51780000,20,2358.39,7403.24
51780000,21,1501.95,4334.93
51780000,22,427.31,1191.29
51780000,23,67.93,221.20000000000002
51790000,00,10.54,44.98
51790000,01,20.76,78.05
51790000,02,25.17,96.58
51790000,03,30.15,375.35
51790000,04,158.18,1095.69
51790000,05,455.21000000000004,2999.4
51790000,06,553.4,3705.95
51790000,0700,196.56,1368.85
51790000,0720,212.06,1305.21
51790000,0740,203.98,1184.1100000000001
51790000,0800,230.51,1349.22
51790000,0820,184.94,1336.5
51790000,0840,239.16,1348.29
51790000,0900,325.93,1577.58
51790000,0920,268.04,1351.11
51790000,0940,202.88,1227.88
51790000,10,645.9300000000001,3390.89
51790000,11,694.98,2903.19
51790000,12,757.99,3041.58
51790000,13,1097.48,3807.51
51790000,14,1412.43,3980.44
51790000,15,1692.86,3985.11
51790000,16,1326.24,3654.6
51790000,1700,365.72,995.48
51790000,1720,307.55,753.8000000000001
51790000,1740,277.47,695.5
51790000,1800,321.85,742.28
51790000,1820,213.55,556.09
51790000,1840,142.79,519.97
51790000,1900,205.85,563.37
51790000,1920,200.0,567.9200000000001
51790000,1940,166.77,464.8
51790000,20,404.54,910.9
51790000,21,164.89000000000001,345.96
51790000,22,12.08,29.51
51800000,00,7.0,46.0
51800000,01,20.58,119.94
51800000,02,16.15,113.86999999999999
51800000,03,49.29,256.74
51800000,04,80.81,473.11
51800000,05,234.37,1963.23
51800000,06,357.38,3182.98
51800000,0700,105.23,946.84
51800000,0720,120.97,644.67
51800000,0740,148.23,894.41
51800000,0800,154.63,924.03
51800000,0820,135.89,743.24
51800000,0840,157.5,846.18
51800000,0900,148.65,875.86
51800000,0920,150.23,730.22
51800000,0940,127.12,742.03
51800000,10,326.26,1879.62
51800000,11,436.2,1751.39
51800000,12,660.16,1893.6200000000001
51800000,13,685.48,2203.05
51800000,14,794.41,2398.16
51800000,15,917.13,2361.27
51800000,16,863.65,2092.29
51800000,1700,197.91,490.04
51800000,1720,246.4,588.15
51800000,1740,133.9,333.64
51800000,1800,192.32999999999998,434.98
51800000,1820,115.28999999999999,366.59
51800000,1840,148.43,400.69
51800000,1900,124.65,360.40000000000003
51800000,1920,120.55,352.23
51800000,1940,121.06,300.01
51800000,20,270.57,642.54
51800000,21,66.11,175.67
51800000,22,1.0,12.46
51810000,00,42.1,126.75
51810000,01,77.28,292.53
51810000,02,52.650000000000006,344.66
51810000,03,119.80999999999999,691.87
51810000,04,244.92,1522.1200000000001
51810000,05,551.58,3493.59
51810000,06,1195.25,5887.64
51810000,0700,437.45,2267.37
51810000,0720,478.37,2064.83
51810000,0740,421.07,2070.86
51810000,0800,635.63,2958.72
51810000,0820,677.97,2955.17
51810000,0840,828.4200000000001,2905.7000000000003
51810000,0900,784.56,3276.17
51810000,0920,595.67,2739.7200000000003
51810000,0940,549.26,2548.07
51810000,10,1741.1399999999999,6947.43
51810000,11,1766.47,5756.96
51810000,12,1664.98,5417.87
51810000,13,1689.99,5101.54
51810000,14,1622.73,4714.02
51810000,15,1861.22,5006.11
51810000,16,1730.6100000000001,4245.18
51810000,1700,335.53,859.46
51810000,1720,524.6800000000001,1003.77
51810000,1740,363.76,900.52
51810000,1800,340.76,811.72
51810000,1820,281.7,682.8
51810000,1840,291.9,651.25
51810000,1900,301.0,680.04
51810000,1920,272.9,729.73
51810000,1940,214.56,603.01
51810000,20,579.89,1320.3700000000001
51810000,21,241.31,559.64
51810000,22,25.73,51.15
51820000,00,28.810000000000002,175.24
51820000,01,62.46,647.46
51820000,02,106.41,830.68
51820000,03,153.92,949.9399999999999
51820000,04,200.29,1219.74
51820000,05,459.0,2542.21
51820000,06,770.83,4813.02
51820000,0700,349.61,2152.53
51820000,0720,367.96999999999997,2158.28
51820000,0740,343.11,2043.27
51820000,0800,437.14,2554.09
51820000,0820,429.49,2299.25
51820000,0840,402.59000000000003,2154.74
51820000,0900,631.61,2615.44
51820000,0920,564.26,2198.04
51820000,0940,494.32,1991.04
51820000,10,1326.69,4775.54
51820000,11,1406.11,4570.88
51820000,12,1594.3700000000001,5188.97
51820000,13,1950.93,5978.85
51820000,14,1412.19,4253.3099999999995
51820000,15,1199.92,3360.22
51820000,16,914.19,2517.41
51820000,1700,174.08,575.1899999999999
51820000,1720,191.42,604.99
51820000,1740,207.13,540.77
51820000,1800,176.78,544.44
51820000,1820,146.62,488.91
51820000,1840,178.35,531.36
51820000,1900,226.72,656.92
51820000,1920,146.37,478.1
51820000,1940,150.22,535.26
51820000,20,235.06,860.57
51820000,21,55.51,193.62
51820000,23,0.0,2.88
51830000,00,36.11,153.60999999999999
51830000,01,82.06,475.2
51830000,02,121.26,612.0699999999999
51830000,03,278.59,1179.32
51830000,04,323.29,2041.38
51830000,05,640.06,4216.5599999999995
51830000,06,973.35,6479.04
51830000,0700,459.55,2962.85
51830000,0720,436.58,2827.31
51830000,0740,500.23,3423.47
51830000,0800,631.98,3927.24
51830000,0820,589.04,3581.94
51830000,0840,790.38,3850.7
51830000,0900,866.61,4466.54
51830000,0920,729.3,3771.73
51830000,0940,721.79,3453.39
51830000,10,2033.2,8693.31
51830000,11,1703.88,6846.45
51830000,12,1743.54,6908.03
51830000,13,1832.84,7137.93
51830000,14,1663.15,5899.5199999999995
51830000,15,1103.23,4855.38
51830000,16,894.87,3431.93
51830000,1700,230.81,953.52
51830000,1720,209.98,860.1999999999999
51830000,1740,252.38,885.29
51830000,1800,311.96000000000004,1024.3
51830000,1820,268.26,801.86
51830000,1840,217.74,736.57
51830000,1900,304.28,821.05
51830000,1920,261.64,760.6
51830000,1940,213.4,711.14
51830000,20,486.54,1580.17
51830000,21,130.17000000000002,355.76
51830000,22,7.0,30.32
52111000,00,120.27,226.28
52111000,01,143.89,374.91
52111000,02,167.94,452.34000000000003
52111000,03,162.11,946.81
52111000,04,354.87,1572.15
52111000,05,1130.99,4186.17
52111000,06,2429.2200000000003,7959.25
52111000,0700,1028.58,3318.24
52111000,0720,1138.13,3563.0
52111000,0740,1288.3899999999999,3796.09
52111000,0800,1354.53,4356.19
52111000,0820,1580.34,4300.03
52111000,0840,1469.01,4390.06
52111000,0900,1750.57,4786.47
52111000,0920,1699.85,4233.07
52111000,0940,1545.21,4058.01
52111000,10,3600.8,9748.119999999999
52111000,11,3252.95,8792.42
52111000,12,3514.1,10316.31
52111000,13,4025.6800000000003,12610.97
52111000,14,4045.79,12898.57
52111000,15,4051.64,12740.14
52111000,16,4139.95,12136.2
52111000,1700,1352.3899999999999,3708.7799999999997
52111000,1720,1262.48,3576.05
52111000,1740,1133.74,2896.44
52111000,1800,1270.65,3297.09
52111000,1820,1245.96,3243.4
52111000,1840,1126.64,2824.68
52111000,1900,1267.88,3158.53
52111000,1920,983.41,2516.51
52111000,1940,1131.08,2571.72
52111000,20,1537.06,3505.27
52111000,21,257.26,643.58
52111000,22,92.52000000000001,213.76
52111000,23,13.579999999999998,27.130000000000003
52113000,00,82.73,220.07
52113000,01,121.27,362.76
52113000,02,132.82,512.74
52113000,03,119.55,801.1
52113000,04,464.94,2377.95
52113000,05,1349.91,5666.21
52113000,06,2455.69,8797.64
52113000,0700,1029.04,3663.09
52113000,0720,1008.54,3699.95
52113000,0740,975.95,3503.97
52113000,0800,1009.61,3809.09
52113000,0820,1196.24,4117.0
52113000,0840,1343.6299999999999,4328.39
52113000,0900,1378.59,4279.16
52113000,0920,1231.01,3930.21
52113000,0940,1232.4,3985.7599999999998
52113000,10,2955.0,9479.6
52113000,11,2697.66,8356.24
52113000,12,3126.52,9824.29
52113000,13,4021.83,12867.789999999999
52113000,14,3917.52,12448.2
52113000,15,3772.98,12624.81
52113000,16,3933.9700000000003,12046.03
52113000,1700,1335.95,3596.78
52113000,1720,1291.1399999999999,3451.05
52113000,1740,1113.18,2987.85
52113000,1800,1345.9099999999999,3213.25
52113000,1820,1233.62,3151.85
52113000,1840,1074.44,2567.08
52113000,1900,1270.41,3109.18
52113000,1920,1124.0,2716.11
52113000,1940,1186.6,2477.63
52113000,20,1657.78,3895.58
52113000,21,303.71999999999997,693.21
52113000,22,65.14,142.52
52113000,23,14.100000000000001,16.96
52130000,00,73.24000000000001,409.64
52130000,01,173.61,804.32
52130000,02,262.59,984.53
52130000,03,318.76,1717.57
52130000,04,749.6,3861.06
52130000,05,1662.42,8743.52
52130000,06,2905.47,12260.789999999999
52130000,0700,1321.73,5259.25
52130000,0720,1355.08,5466.81
52130000,0740,1425.8,5465.11
52130000,0800,1769.58,6568.2
52130000,0820,1583.8700000000001,6260.7
52130000,0840,1513.09,5657.52
52130000,0900,1809.6,6628.74
52130000,0920,1272.73,5219.47
52130000,0940,1322.33,4781.62
52130000,10,3180.7,12257.369999999999
52130000,11,2611.04,9583.27
52130000,12,2917.88,10991.78
52130000,13,3226.98,12522.98
52130000,14,3657.36,13568.2
52130000,15,3674.78,13448.44
52130000,16,3127.88,10752.27
52130000,1700,1036.42,3288.59
52130000,1720,1019.84,2950.42
52130000,1740,935.12,2742.1800000000003
52130000,1800,1074.31,2938.82
52130000,1820,792.02,2369.25
52130000,1840,802.19,2177.81
52130000,1900,867.48,2316.38
52130000,1920,779.48,2197.73
52130000,1940,626.13,1714.19
52130000,20,1235.5,3287.12
52130000,21,260.09,657.9
52130000,22,8.030000000000001,22.52
52130000,23,0.0,2.78
52140000,00,90.0,445.53
52140000,01,130.64,795.87
52140000,02,125.03999999999999,813.24
52140000,03,180.23,1617.83
52140000,04,741.5,3923.81
52140000,05,1778.31,7757.22
52140000,06,2613.98,10635.78
52140000,0700,1095.44,4048.83
52140000,0720,899.71,3890.66
52140000,0740,976.96,4197.78
52140000,0800,1034.28,4225.88
52140000,0820,1117.18,4467.5599999999995
52140000,0840,1106.65,4547.32
52140000,0900,1177.32,5132.07
52140000,0920,1257.73,4705.49
52140000,0940,1204.7,4681.82
52140000,10,2721.62,11271.34
52140000,11,2353.96,8951.64
52140000,12,3076.48,10827.83
52140000,13,2998.05,11659.91
52140000,14,3488.7,13089.82
52140000,15,4168.34,14517.25
52140000,16,3390.63,11208.06
52140000,1700,1191.75,3745.42
52140000,1720,1159.71,3217.5
52140000,1740,905.87,2731.62
52140000,1800,1175.29,3081.36
52140000,1820,991.22,2507.52
52140000,1840,947.89,2776.14
52140000,1900,1105.47,2848.19
52140000,1920,961.98,2407.11
52140000,1940,963.6,2341.9900000000002
52140000,20,1799.68,4246.23
52140000,21,703.1,1731.86
52140000,22,30.0,98.1
52140000,23,10.620000000000001,10.620000000000001
52180000,00,45.9,153.13
52180000,01,27.73,260.48
52180000,02,63.46,300.26
52180000,03,99.9,493.96999999999997
52180000,04,163.56,1143.97
52180000,05,559.06,2600.77
52180000,06,723.46,3846.19
52180000,0700,253.27,1422.16
52180000,0720,264.84,1481.95
52180000,0740,245.74,1402.64
52180000,0800,237.07,1495.75
52180000,0820,257.61,1363.28
52180000,0840,229.02,1390.71
52180000,0900,302.7,1533.22
52180000,0920,251.45,1283.96
52180000,0940,252.76,1211.7
52180000,10,490.43,3413.06
52180000,11,441.57,2566.17
52180000,12,607.07,3270.75
52180000,13,764.45,4140.8
52180000,14,963.65,4349.05
52180000,15,781.04,3749.4
52180000,16,751.26,3199.65
52180000,1700,242.19,1312.48
52180000,1720,194.42000000000002,791.91
52180000,1740,225.51,764.72
52180000,1800,178.83,855.19
52180000,1820,193.33,682.96
52180000,1840,211.03,680.42
52180000,1900,221.39,935.52
52180000,1920,197.22,701.86
52180000,1940,139.56,528.92
52180000,20,250.41,840.25
52180000,21,31.48,50.74
52180000,22,0.0,7.57
52190000,00,8.31,52.74
52190000,01,22.7,153.81
52190000,02,32.72,195.25
52190000,03,43.49,407.74
52190000,04,140.94,1002.95
52190000,05,227.37,2296.21
52190000,06,491.37,3239.01
52190000,0700,205.17,1190.6
52190000,0720,182.10999999999999,1101.17
52190000,0740,184.59,1065.86
52190000,0800,175.99,1078.22
52190000,0820,200.96,1195.8899999999999
52190000,0840,181.0,1029.04
52190000,0900,175.12,1162.96
52190000,0920,194.89,1007.5699999999999
52190000,0940,155.04999999999998,831.96
52190000,10,465.01,2344.24
52190000,11,434.47,1740.65
52190000,12,373.88,2142.73
52190000,13,452.33,2612.14
52190000,14,445.06,2769.22
52190000,15,435.44,2209.2200000000003
52190000,16,453.35,2109.2400000000002
52190000,1700,171.32999999999998,567.94
52190000,1720,129.67,525.85
52190000,1740,85.93,342.27
52190000,1800,97.71,360.67
52190000,1820,181.14,642.54
52190000,1840,80.96,405.14
52190000,1900,144.88,507.58
52190000,1920,75.29,340.9
52190000,1940,126.36,369.22
52190000,20,117.25999999999999,365.51
52190000,21,2.3,4.89
52190000,23,0.0,4.5
52210000,00,26.09,200.78
52210000,01,43.410000000000004,238.98999999999998
52210000,02,55.25,261.77
52210000,03,66.76,456.25
52210000,04,151.22,977.55
52210000,05,285.88,1985.6
52210000,06,427.5,2721.88
52210000,0700,180.32,1252.66
52210000,0720,197.92,1142.5
52210000,0740,211.16,1194.14
52210000,0800,205.12,1312.49
52210000,0820,176.16,1273.29
52210000,0840,166.51,1143.41
52210000,0900,212.98,1147.33
52210000,0920,164.47,992.45
52210000,0940,149.04,978.6
52210000,10,477.32,2439.08
52210000,11,343.8,2365.75
52210000,12,498.51,2779.49
52210000,13,602.77,3221.32
52210000,14,614.15,3121.14
52210000,15,669.07,3376.3
52210000,16,522.84,2694.16
52210000,1700,239.4,887.95
52210000,1720,158.79,681.07
52210000,1740,138.94,523.39
52210000,1800,182.35,674.76
52210000,1820,154.19,597.04
52210000,1840,161.21,516.74
52210000,1900,182.73,516.6
52210000,1920,123.86,528.73
52210000,1940,140.59,461.48
52210000,20,252.81,819.99
52210000,21,101.53,308.78000000000003
52210000,22,27.03,100.37
52210000,23,13.44,20.66
52710000,00,165.69,499.11
52710000,01,327.0,1061.89
52710000,02,357.04,1223.95
52710000,03,244.57,1134.09
52710000,04,470.58,2142.08
52710000,05,897.99,4758.8
52710000,06,1579.43,7296.32
52710000,0700,615.3000000000001,2699.38
52710000,0720,609.96,2584.11
52710000,0740,596.67,2887.34
52710000,0800,630.98,2866.14
52710000,0820,574.27,2585.93
52710000,0840,541.12,2337.29
52710000,0900,530.73,2546.36
52710000,0920,569.78,2317.22
52710000,0940,480.94,2070.14
52710000,10,1147.01,5388.2300000000005
52710000,11,1141.38,4705.4
52710000,12,1503.14,5606.7699999999995
52710000,13,1456.47,6285.49
52710000,14,1686.86,6885.71
52710000,15,1676.99,6691.57
52710000,16,1842.8999999999999,6839.7300000000005
52710000,1700,652.24,2155.54
52710000,1720,654.6,2122.5
52710000,1740,711.64,2087.0699999999997
52710000,1800,662.02,2060.51
52710000,1820,625.72,1591.61
52710000,1840,594.8,1668.36
52710000,1900,662.39,1762.27
52710000,1920,550.22,1493.04
52710000,1940,589.5200000000001,1575.04
52710000,20,1158.68,3346.23
52710000,21,830.12,2257.92
52710000,22,530.61,1357.22
52710000,23,89.41,325.25
52720000,00,5.609999999999999,30.2
52720000,01,2.75,12.22
52720000,02,6.5,38.93
52720000,03,13.36,194.87
52720000,04,31.3,395.42
52720000,05,129.43,1210.41
52720000,06,222.91,1810.3
52720000,0700,45.94,663.67
52720000,0720,65.26,623.6800000000001
52720000,0740,40.84,396.31
52720000,0800,89.24000000000001,539.62
52720000,0820,85.74,507.82
52720000,0840,76.43,375.69
52720000,0900,81.74,408.29
52720000,0920,50.09,349.93
52720000,0940,24.11,279.54
52720000,10,151.0,820.56
52720000,11,85.09,581.41
52720000,12,101.15,645.9499999999999
52720000,13,141.81,764.89
52720000,14,103.33,840.36
52720000,15,94.33,647.07
52720000,16,104.59,505.17
52720000,1700,12.05,124.92
52720000,1720,22.869999999999997,143.89
52720000,1740,14.73,90.89
52720000,1800,25.5,126.73
52720000,1820,36.32,121.02
52720000,1840,30.52,116.87
52720000,1900,22.53,90.53999999999999
52720000,1920,23.58,75.94
52720000,1940,6.73,69.93
52720000,20,28.05,187.09
52720000,21,0.0,23.979999999999997
52730000,00,6.68,43.64
52730000,01,14.39,63.25
52730000,02,11.43,119.19999999999999
52730000,03,21.22,219.9
52730000,04,92.59,561.9
52730000,05,146.36,1163.28
52730000,06,256.93,1593.6200000000001
52730000,0700,150.7,635.97
52730000,0720,102.72,620.9300000000001
52730000,0740,131.28,620.31
52730000,0800,96.25,577.88
52730000,0820,83.53,611.06
52730000,0840,141.39,689.97
52730000,0900,129.79,693.53
52730000,0920,121.84,677.02
52730000,0940,69.8,587.53
52730000,10,177.49,1271.0
52730000,11,149.29999999999998,1033.3899999999999
52730000,12,226.10999999999999,1064.12
52730000,13,208.83,1345.17
52730000,14,205.86,1396.5
52730000,15,250.04999999999998,1339.0
52730000,16,192.01999999999998,1083.7
52730000,1700,48.94,277.98
52730000,1720,48.41,205.35
52730000,1740,64.45,204.26
52730000,1800,36.54,219.08
52730000,1820,26.62,145.97
52730000,1840,42.19,143.47
52730000,1900,19.939999999999998,191.4
52730000,1920,40.6,171.58
52730000,1940,37.7,135.63
52730000,20,69.81,271.81
52730000,21,11.35,40.73
52730000,22,1.82,15.28
52740000,00,5.3100000000000005,12.780000000000001
52740000,01,4.5,17.71
52740000,02,4.86,22.95
52740000,03,14.85,113.44
52740000,04,31.81,198.33
52740000,05,61.9,483.55
52740000,06,65.76,572.79
52740000,0700,34.57,201.48
52740000,0720,29.13,182.81
52740000,0740,39.49,253.98
52740000,0800,61.92,265.37
52740000,0820,66.97,288.4
52740000,0840,43.09,269.58
52740000,0900,45.3,219.29999999999998
52740000,0920,33.04,238.54999999999998
52740000,0940,17.94,198.05
52740000,10,58.81,361.13
52740000,11,49.81,325.98
52740000,12,69.27,429.05
52740000,13,87.78999999999999,546.55
52740000,14,111.73,624.1
52740000,15,73.85,511.89
52740000,16,95.51,485.59000000000003
52740000,1700,56.37,219.64
52740000,1720,18.19,137.97
52740000,1740,5.72,70.85
52740000,1800,19.43,77.53999999999999
52740000,1820,10.08,57.48
52740000,1840,11.36,94.3
52740000,1900,20.419999999999998,141.47
52740000,1920,19.65,89.46
52740000,1940,15.77,67.92999999999999
52740000,20,20.66,78.73
52740000,21,0.0,13.540000000000001
52750000,00,12.54,73.98
52750000,01,32.2,251.94
52750000,02,30.619999999999997,212.66
52750000,03,53.87,501.21999999999997
52750000,04,105.41,1130.85
52750000,05,215.37,1796.29
52750000,06,326.02000000000004,2430.8
52750000,0700,166.4,905.54
52750000,0720,113.12,764.92
52750000,0740,141.09,776.37
52750000,0800,147.96,933.19
52750000,0820,124.05,872.15
52750000,0840,153.14000000000001,832.9
52750000,0900,101.35,766.67
52750000,0920,119.82000000000001,771.29
52750000,0940,104.84,684.72
52750000,10,210.89000000000001,1476.27
52750000,11,158.91,999.89
52750000,12,145.82999999999998,879.2
52750000,13,198.01,1109.18
52750000,14,215.25,1103.5
52750000,15,184.85,1044.92
52750000,16,233.09,879.97
52750000,1700,38.13,207.9
52750000,1720,30.32,205.69
52750000,1740,29.07,155.54
52750000,1800,44.74,257.46
52750000,1820,26.5,149.38
52750000,1840,37.790000000000006,145.09
52750000,1900,23.78,158.32
52750000,1920,24.96,128.64
52750000,1940,31.16,146.56
52750000,20,53.18,221.3
52750000,21,3.06,18.89
52770000,00,3.5,17.68
52770000,01,6.300000000000001,37.64
52770000,02,25.56,54.36
52770000,03,44.19,172.81
52770000,04,63.87,401.63
52770000,05,79.17,1040.16
52770000,06,117.51,1144.5
52770000,0700,42.25,348.58
52770000,0720,49.47,322.41
52770000,0740,34.81,351.5
52770000,0800,55.44,363.39
52770000,0820,51.81,317.08
52770000,0840,37.55,295.31
52770000,0900,29.98,274.57
52770000,0920,44.9,289.59
52770000,0940,35.38,180.04
52770000,10,70.72,592.15
52770000,11,50.260000000000005,459.82
52770000,12,96.12,555.02
52770000,13,146.57,912.44
52770000,14,89.53999999999999,652.04
52770000,15,111.6,530.26
52770000,16,86.61,421.35
52770000,1700,74.13,284.18
52770000,1720,30.03,92.94999999999999
52770000,1740,19.38,100.99
52770000,1800,19.04,120.58
52770000,1820,14.15,97.91
52770000,1840,15.52,63.35
52770000,1900,14.870000000000001,88.91
52770000,1920,5.46,86.9
52770000,1940,8.85,103.9
52770000,20,14.280000000000001,97.35
52770000,21,5.95,8.45
52790000,00,32.33,78.58
52790000,01,31.64,168.42
52790000,02,22.37,198.6
52790000,03,44.230000000000004,470.81
52790000,04,205.36,1263.23
52790000,05,354.3,2648.1
52790000,06,494.02,3671.09
52790000,0700,176.84,1381.86
52790000,0720,164.60999999999999,1300.27
52790000,0740,161.52,1145.56
52790000,0800,180.6,1376.14
52790000,0820,141.27,1390.35
52790000,0840,147.68,1244.08
52790000,0900,179.89000000000001,1140.53
52790000,0920,135.56,973.71
52790000,0940,185.31,960.02
52790000,10,272.14,2015.49
52790000,11,280.72,1690.55
52790000,12,383.6,2206.02
52790000,13,370.59000000000003,2610.31
52790000,14,436.71,2853.79
52790000,15,323.08,2203.41
52790000,16,270.3,1722.97
52790000,1700,85.75,441.46
52790000,1720,118.45,603.7
52790000,1740,93.75,318.67
52790000,1800,89.31,426.89
52790000,1820,122.52,491.32
52790000,1840,85.54,389.89
52790000,1900,77.51,308.94
52790000,1920,110.00999999999999,373.82
52790000,1940,32.15,230.15
52790000,20,85.78999999999999,346.13
52790000,21,6.32,26.53
52800000,00,11.88,125.19
52800000,01,31.189999999999998,246.99
52800000,02,56.18,279.76
52800000,03,56.93,574.59
52800000,04,164.25,1079.02
52800000,05,322.21,2587.93
52800000,06,476.61,3435.4
52800000,0700,164.36,1127.11
52800000,0720,172.4,1212.3700000000001
52800000,0740,173.1,1226.1399999999999
52800000,0800,212.03,1314.46
52800000,0820,167.9,1196.64
52800000,0840,158.28,1322.36
52800000,0900,278.14,1331.54
52800000,0920,151.82,1135.21
52800000,0940,192.23,1122.34
52800000,10,364.75,2450.7
52800000,11,343.01,2113.01
52800000,12,406.95,2492.31
52800000,13,572.37,2670.6
52800000,14,495.13,2904.35
52800000,15,487.48,2563.2
52800000,16,442.55,1972.21
52800000,1700,118.43,550.31
52800000,1720,103.53,423.77
52800000,1740,88.51,503.67
52800000,1800,87.84,419.91
52800000,1820,55.06,387.67
52800000,1840,74.03,370.96
52800000,1900,71.13,312.48
52800000,1920,131.82999999999998,451.48
52800000,1940,59.87,344.0
52800000,20,98.75,372.11
52800000,21,15.3,58.83
52800000,22,3.0,6.99
