d_admdong_cd,d_gu_name,d_admdong_name,observed_months,first_month,latest_month,avg_adjusted_mobility_score,latest_adjusted_mobility_score,score_slope,avg_monthly_2030,latest_monthly_2030,avg_share_2030,latest_share_2030,avg_evening_2030_ratio,latest_evening_2030_ratio,visitor_months,top20_visitor_months,latest_visitor_rank,residential_dominance_score,young_single_ratio,residential_filter,score_change_6m,trend_type,trend_candidate_score
11710710,송파구,잠실6동,39,202301,202603,2.9598153844806476,3.0830444490719935,-0.027557576338505852,56977.0182051282,54579.42,0.45025191587661073,0.4375538730903913,0.06018224620607571,0.06874935644240998,39,39,2.0,-3.173074755875258,0.05383744855967078,방문성 검토,0.5450633962538043,유지/변동,12.496552635347754
11440655,마포구,서강동,39,202301,202603,3.078595321579611,3.052315100865874,-0.0194125974761159,25679.451538461537,31096.17,0.5134228646848087,0.516458623911691,0.14000440621277743,0.10721609767376498,0,39,4.0,1.6023392492961441,0.3004368980240294,혼재형 (상권+거주),-0.02730064613473271,유지/변동,10.765154034739215
11560540,영등포구,여의동,39,202301,202603,3.164101951996697,3.076468636187025,-0.03144754643016574,117481.3,135818.43,0.44577339324537024,0.42309080093958273,0.047865241932529556,0.04368059621952632,39,38,3.0,-0.027530506584676456,0.1506593169044531,방문성 검토,0.0065527652929349145,유지/변동,10.012718871057109
11650531,서초구,서초4동,39,202301,202603,3.0600540174722197,2.6827637044673587,-0.02680735336796674,39761.41282051282,37618.33,0.43632627490272113,0.40601128442007695,0.09711198071655718,0.07938470421201578,39,39,9.0,-1.8296549099165325,0.10268600458865947,방문성 검토,0.010364996141163374,유지/변동,9.901385428864144
11560605,영등포구,문래동,39,202301,202603,2.639795368249905,2.510509970961242,-0.024441009349652282,27501.848461538462,34394.54,0.4006649068312231,0.3783854370649527,0.11968104471472493,0.09745035113131328,39,34,12.0,-0.4631396189398658,0.15770632968016104,방문성 검토,0.30639940553378286,유지/변동,9.896105293367054
11200690,성동구,성수2가3동,39,202301,202603,3.006285394167996,2.7337088886177363,-0.027216867676475368,41052.61743589744,41132.56,0.5190754251043275,0.4871935760305729,0.0599265110857829,0.049610089914170194,39,38,7.0,0.7474965405181784,0.2946514075243357,방문성 검토,-0.01033636163943763,유지/변동,9.639218504639073
11440680,마포구,합정동,39,202301,202603,3.1193625484642293,2.560121295808366,-0.032674065937804524,24867.290512820513,21290.66,0.5397334121540501,0.4910052426849059,0.13256735534228756,0.12283414417401808,0,39,11.0,1.8102025487404827,0.3530507005633396,혼재형 (상권+거주),0.05627056775517536,유지/변동,9.58262157001604
11590510,동작구,노량진1동,39,202301,202603,2.65747076590684,3.1042228967411147,-0.028240424384363843,21313.632564102565,22095.81,0.4483572016415546,0.44772589116374073,0.17702752558630985,0.18957802406881666,0,30,1.0,1.6619816520725266,0.2550168693605335,혼재형 (상권+거주),0.18778962673399757,유지/변동,9.294107587827222
11200535,성동구,왕십리도선동,39,202301,202603,2.6141388972545383,2.4907439530311164,-0.01360247490171284,21236.854615384615,21598.34,0.3649653494172244,0.3468753046433631,0.16141754585547377,0.1467418329371609,39,32,14.0,-0.06573635571892486,0.2000353866317169,방문성 검토,0.010907839223963212,유지/변동,9.088367798432515
11200660,성동구,성수1가2동,39,202301,202603,2.58513947726098,2.482951876729483,-0.01837413094310005,23941.241282051284,26499.45,0.519273721277447,0.4836726078105804,0.06721427792449654,0.0669391251516541,39,30,15.0,0.9957638208811109,0.3010395256916996,방문성 검토,-0.03947511027668105,유지/변동,8.190846705575298
11170560,용산구,원효로1동,39,202301,202603,2.5727246017975993,2.7757965330370435,-0.019641312865715053,12277.623846153847,10976.68,0.4271911833209644,0.3948511378245827,0.16242022849562876,0.18665935419452878,39,26,6.0,0.5210045724731556,0.2683905146316852,방문성 검토,-0.006941534453162035,유지/변동,8.002643064966069
11680580,강남구,삼성1동,39,202301,202603,2.7045840966777,2.8184140354445875,-0.027600369174509122,58467.33666666666,60682.1,0.4487580452938569,0.447042179415805,0.04215383729732858,0.036039458093902486,39,29,5.0,-1.0736342058696589,0.1645640362225097,방문성 검토,-0.1766242970467271,유지/변동,7.347709635497931
11680565,강남구,청담동,39,202301,202603,2.470478912876337,2.3729701338456173,-0.017918121847685202,38780.98025641026,40803.06,0.4256049498320485,0.4030089075079966,0.08630986547099649,0.07713710687384721,39,23,17.0,0.412301006320716,0.2174990043807248,방문성 검토,0.03501983421866406,유지/변동,7.245080913252499
11710562,송파구,방이2동,39,202301,202603,2.5976620195362203,2.406242010778074,-0.03674877897082349,31094.19615384615,29756.95,0.46995738854374236,0.43270122814823864,0.19775279230933063,0.20107672325288714,0,28,16.0,2.81769661367326,0.38860288534548215,혼재형 (상권+거주),0.11549018799341315,유지/변동,7.13208366231559
11680510,강남구,신사동,39,202301,202603,2.7284074978559953,2.191704005239818,-0.03274627660244042,33599.405641025645,30030.65,0.45210627149254706,0.4075114831482111,0.08564447211083001,0.07180663755196774,39,34,24.0,0.39599382051964616,0.26104171468080206,방문성 검토,-0.14861387859334707,하락,7.066227216678635
11680545,강남구,압구정동,39,202301,202603,2.9747262074380467,2.3434596366945573,-0.04366760531062563,43736.55256410257,41295.590000000004,0.43377752895155214,0.3893887311313705,0.08734452304034918,0.06455410856219757,39,34,18.0,-1.6798804634594113,0.10049937799893371,방문성 검토,-0.07983679767515683,하락,7.034283665972161
11200560,성동구,행당1동,39,202301,202603,2.374188397205712,2.716331017961268,-0.018761194292073822,18486.5441025641,26363.789999999997,0.37819533030398916,0.39718045429947796,0.14142832247747228,0.1086918838300563,39,18,8.0,-0.25027712719998274,0.21360270093661513,방문성 검토,0.053255620915622526,유지/변동,6.847434332679934
11500510,강서구,염창동,39,202301,202603,2.3454295765220836,2.2726774083192747,-0.017330724885058844,17456.90358974359,17374.29,0.34219473184134724,0.3100519837891953,0.18206436470705928,0.18172310926086763,39,16,22.0,-0.39565080539458314,0.14740111063648012,방문성 검토,0.044243203568333556,유지/변동,6.032614807578891
11215847,광진구,자양4동,39,202301,202603,2.252067030949621,2.49782964478491,-0.027505423552811485,17535.93076923077,17494.42,0.41500970596846726,0.40628837746800206,0.15358737665912287,0.1538684906387294,39,14,13.0,0.9721337694906385,0.261156833198099,방문성 검토,0.10016477815219238,유지/변동,5.408380909839097
11200670,성동구,성수2가1동,39,202301,202603,2.165139881756775,2.2209892191332017,-0.018207790927352627,15261.75358974359,13878.8,0.4310051878108311,0.4060611326983837,0.10164469300848814,0.10722829063031385,39,3,23.0,0.3039569023466759,0.22585786212238573,방문성 검토,0.3905620494611677,유지/변동,5.259710359532965
11740620,강동구,천호3동,39,202301,202603,2.1478844247372857,2.6276037104469787,-0.027214613220825135,14925.241794871796,13881.33,0.36352500204997035,0.3493000325613066,0.19464761255402901,0.2252125696889275,39,9,10.0,0.7391673272165001,0.24527738598965682,방문성 검토,0.21717002492427095,유지/변동,5.2354579459881965
11440710,마포구,연남동,39,202301,202603,2.4033303212921675,1.8813885473348364,-0.028207331185467168,19781.028974358975,15922.1,0.5709335222802363,0.5051871627043366,0.12389876930510581,0.13400054012975673,0,19,52.0,2.9515160236932174,0.44255233253588516,혼재형 (상권+거주),0.020927400303683008,유지/변동,5.15660732025844
11500591,강서구,화곡6동,39,202301,202603,2.1944269651807877,2.279155764654524,-0.014700377881502786,13879.34,14259.33,0.3678054317394562,0.3511323442066351,0.20733171059692596,0.20024783773150634,39,5,21.0,0.7544130809326841,0.24093574249132463,방문성 검토,0.1804827736650454,유지/변동,5.0252227157022995
11440690,마포구,망원1동,39,202301,202603,2.231842537299925,2.101820997771647,-0.022359254871187225,15517.33923076923,14073.33,0.4399049535253083,0.4003960906462064,0.15448567320507683,0.16041334922154174,0,7,29.0,1.290415297026079,0.30487956151738066,혼재형 (상권+거주),0.20573135135096265,유지/변동,4.6873649515638
11710580,송파구,송파1동,39,202301,202603,2.2798702840416225,2.312442406467092,-0.03624601138781988,21987.570256410258,24163.91,0.4566933371753032,0.427384360475749,0.14753886474039765,0.14895602574252265,0,10,19.0,1.684832059046276,0.3213441607009296,혼재형 (상권+거주),0.26234131522301407,유지/변동,4.67193541979717
11230600,동대문구,답십리1동,39,202301,202603,1.7540433972069895,2.1097268971581538,-0.018184412289397704,12218.294871794871,12579.0,0.30915029063408456,0.29857782107263,0.18938305940736866,0.19746482232291915,39,0,27.0,0.06179332669649859,0.1932956594926055,방문성 검토,0.3947573443827115,유지/변동,4.227142050333521
11200650,성동구,성수1가1동,39,202301,202603,2.24684235025684,2.2961196391535306,-0.024155508561300647,15261.865128205129,15069.880000000001,0.425399365046559,0.40174133730012745,0.0978819895166566,0.09786275670410115,39,13,20.0,-0.1103385975767581,0.21785419532324624,방문성 검토,-0.14716296332201662,유지/변동,4.200520922538995
11710680,송파구,잠실3동,39,202301,202603,1.421396657020543,1.9706409108246525,-0.03761826167287189,29125.51358974359,27301.989999999998,0.30810970994458103,0.30894477024614764,0.10238795955401223,0.12732295338178648,39,1,44.0,-3.4470109035306127,0.03101620399447306,방문성 검토,0.7595438633444129,유지/변동,3.9432468687606015
11560550,영등포구,당산1동,39,202301,202603,1.8164560264423442,1.9892100916364335,-0.02073315165519346,19464.855128205127,19186.78,0.3965570763324461,0.37777008153445674,0.13871959156125493,0.14800242667086402,39,1,42.0,1.121123387991104,0.2883527156549521,방문성 검토,0.3395678088414402,유지/변동,3.87495538222315
11170660,용산구,이태원2동,39,202301,202603,2.3496901813092426,1.7051535354790477,-0.048344094887346895,9594.152051282052,7647.16,0.4755977665320025,0.40788290426606616,0.14050483489988055,0.1370417252940961,0,15,74.0,0.9893183139918853,0.35889286780065655,혼재형 (상권+거주),0.25332506924172504,유지/변동,3.8036570267852348
11215840,광진구,자양3동,39,202301,202603,2.00870758660775,2.1046029061820217,-0.021888634358284503,18939.111538461537,17439.15,0.3413476066070085,0.3161709756126746,0.14378856922500718,0.15438653833472388,39,1,28.0,-1.9025800528875205,0.09041501723917762,방문성 검토,0.24673951529417582,유지/변동,3.7633597030717203
11440585,마포구,도화동,39,202301,202603,2.1919663003314853,2.0717119471777656,-0.014282118870403577,13482.693076923078,15143.39,0.3772618973529009,0.3475669220658113,0.1444868840501095,0.12752494652782503,39,8,31.0,-0.20335465973635192,0.20166450356911095,방문성 검토,-0.1670410761188279,유지/변동,3.760730886704752
11200645,성동구,옥수동,39,202301,202603,1.3985563600856605,1.7826171198354586,-0.015853924578417593,10776.151025641026,11353.07,0.28498028043661955,0.2683210785906719,0.18671123591617844,0.19804863354141217,39,0,66.0,-1.7014747452537682,0.11087267943283147,방문성 검토,0.3988148085395933,유지/변동,3.5955540648102744
11530510,구로구,신도림동,39,202301,202603,1.9603499809580411,1.9573170276343084,-0.016682842203173388,20464.817692307694,17030.42,0.33960953960982493,0.28737470695843054,0.1409404430583785,0.17195113215058702,39,0,46.0,-1.3924418468613609,0.10002388458966276,방문성 검토,0.2051729839808405,유지/변동,3.5807636650025003
11440565,마포구,공덕동,39,202301,202603,1.8094460940950512,2.0449254900306255,-0.02047614546378093,20607.586410256412,21340.26,0.3606702745857371,0.34578859255063127,0.16426185601589896,0.16967834506233756,39,0,34.0,1.0762257336865853,0.2416732798649219,방문성 검토,0.2797577215574245,유지/변동,3.5556249930747734
11215750,광진구,중곡2동,39,202301,202603,1.5632334483280412,1.8565038481546283,-0.020025172041225194,9044.441025641026,9304.630000000001,0.354747809333898,0.33554671948116394,0.19891396642250575,0.20449711595195078,39,0,55.0,0.90463978577358,0.26494617642947016,방문성 검토,0.358636429070573,유지/변동,3.403197384573372
11215870,광진구,구의3동,39,202301,202603,1.8816505747635262,2.0604309308853415,-0.016262980200506035,20243.277948717947,20124.59,0.32987501249720363,0.32594113472259695,0.135352409370827,0.12961754748792398,39,0,32.0,-0.008074339822324639,0.19402499410516388,방문성 검토,0.12425865489759991,유지/변동,3.3070508294980123
11440555,마포구,아현동,39,202301,202603,1.859190981066145,2.043600050809499,-0.01813671454042181,14803.38,15779.9,0.3267963257169696,0.3084775967214371,0.16095190549126032,0.1602576695669808,39,0,35.0,-1.0841778691891846,0.12136099955377065,방문성 검토,0.15839965524693933,유지/변동,3.2679944771823908
11650651,서초구,양재1동,39,202301,202603,1.616171294261972,2.0601125080390883,-0.030715131267972384,28647.73692307692,38574.43,0.33690097581523326,0.35766561762231325,0.10764361888315882,0.08536017252879693,39,0,33.0,0.19652585477459403,0.17811521443158612,방문성 검토,0.390029916861385,유지/변동,3.071892283995666
11440700,마포구,망원2동,39,202301,202603,1.9305843407406122,2.143639465010347,-0.03460123214132469,7977.0630769230775,7699.73,0.34341014852808993,0.3297866462562977,0.20135592101303415,0.19828097868366815,39,5,25.0,-0.36660364179404864,0.18300401466224472,방문성 검토,0.13602358872576126,유지/변동,2.9113269250288445
11650610,서초구,방배2동,39,202301,202603,1.739411894889954,1.7979677817911743,-0.015732078995147534,13171.396923076923,12405.61,0.3635958138764927,0.33176697811916495,0.12486232542672074,0.13362905975602973,39,0,64.0,-0.7464518684224275,0.16602353669866832,방문성 검토,0.13031528118025348,유지/변동,2.8791854383207456
11710620,송파구,가락본동,39,202301,202603,1.8816158664432208,2.036407468265106,-0.014580689905286461,20526.861282051283,26750.79,0.3320271063569501,0.34061632289626614,0.14368093909575722,0.10663946746993266,39,0,36.0,-0.3555838407337819,0.16762999385371852,방문성 검토,-0.004781374640742353,유지/변동,2.8531874541350586
11200520,성동구,왕십리2동,39,202301,202603,1.4282640300552027,1.9163021575671235,-0.024403106088181116,6637.570512820513,6630.11,0.3178193854363892,0.29986901866212695,0.19780535068581553,0.21569325395807912,39,0,48.0,-0.1997728223885621,0.19670809943865278,방문성 검토,0.3132374441181156,유지/변동,2.8108037415761844
11560620,영등포구,양평2동,39,202301,202603,2.139197045363423,2.12482246314187,-0.016798387439990008,16595.84487179487,18323.2,0.4038441796372485,0.3804199335128801,0.15515301773938883,0.14527538857841424,39,3,26.0,0.887601393026331,0.26957760194765673,방문성 검토,-0.1883406453774259,유지/변동,2.7605477331422312
11500540,강서구,화곡1동,39,202301,202603,1.5852723953534946,1.6355524813812616,-0.016268333010475772,23088.550256410257,18871.55,0.37270139709047784,0.3285614872253703,0.2002224036411509,0.23749824471227854,0,0,86.0,2.256594124908272,0.289100855063997,혼재형 (상권+거주),0.2004675706468273,유지/변동,2.756379909019332
11215740,광진구,중곡1동,39,202301,202603,1.6028512109703728,2.010080611645045,-0.022548523014398525,7685.131794871795,7914.56,0.36363963514891284,0.3462705269117252,0.2019726140546922,0.2163379897303198,39,0,38.0,0.8942535844065947,0.28492177887150644,방문성 검토,0.18794825486984323,유지/변동,2.733965855417805
11500535,강서구,등촌3동,39,202301,202603,1.629339926060803,1.8444574872657187,-0.01836792221611387,20404.982820512818,28171.32,0.326740908717264,0.32955013776234826,0.1309664753011556,0.0996548972501111,39,0,56.0,-1.0920983695702213,0.10818035611717404,방문성 검토,0.15553107525808807,유지/변동,2.725008012074132
11590630,동작구,사당2동,39,202301,202603,1.786091259584169,1.7962303864091376,-0.01266353650617308,15359.399743589744,14439.77,0.30267139925766656,0.2699546697012747,0.17300278315595397,0.1796919203006696,39,0,65.0,-0.764297446107324,0.1420340175953079,방문성 검토,0.02398252534514045,유지/변동,2.7043436596297354
11650520,서초구,서초2동,39,202301,202603,1.3949349470974552,1.8080624760036967,-0.02252212095630339,33600.88256410256,45072.94,0.40971646460346,0.43207400014034064,0.09089843724196572,0.06798136531586357,0,0,62.0,1.5695430475165153,0.3299362725972168,혼재형 (상권+거주),0.2771503654394989,유지/변동,2.6213905842228122
11740570,강동구,암사1동,39,202301,202603,1.2503598750396943,1.4808192137626404,-0.019590105798351687,11980.454871794871,16159.98,0.2745742627482729,0.28016890599801453,0.18962576868521214,0.14827184192059642,39,0,118.0,-0.38002557060489073,0.14675664704688451,방문성 검토,0.3537618499561783,유지/변동,2.583798929560504
11260610,중랑구,중화2동,39,202301,202603,0.834358039193433,1.5025744730567139,-0.020610891313572875,7542.214358974358,8097.119999999999,0.269607645016722,0.26530606895430914,0.21236260996152895,0.2289962356986188,39,0,115.0,0.48319956876881276,0.21771413131586057,방문성 검토,0.47677370284579323,유지/변동,2.5782508438215688
11290810,성북구,석관동,39,202301,202603,1.4165038601986821,1.7018537016738478,-0.017324216395559932,12428.302820512821,13565.78,0.291159436529647,0.2842614342380702,0.1963272627926729,0.19497072781660915,39,0,76.0,0.37796763240015935,0.1959127798963528,방문성 검토,0.19899965159115007,유지/변동,2.561637160408423
11440660,마포구,서교동,39,202301,202603,2.205573189243707,1.567843064031389,-0.03678031587813008,112299.83153846153,90305.04,0.594861196489148,0.5598002535883796,0.11896429330133455,0.10304740466312844,0,9,99.0,5.232562683831354,0.5421915126839962,혼재형 (상권+거주),0.03868858672398012,유지/변동,2.5221122574148067
11290610,성북구,보문동,39,202301,202603,1.194885650806631,1.7556885341025228,-0.022839825605740223,8393.359743589743,9689.39,0.3624990954626116,0.38009413119682656,0.17417514028368408,0.16421363986793805,0,0,70.0,1.0381283977507596,0.3028909681115142,혼재형 (상권+거주),0.328196287784182,유지/변동,2.518398725221264
11560515,영등포구,영등포본동,39,202301,202603,2.099458804339874,1.9016703180896561,-0.02850526707815824,11908.167948717948,8988.77,0.3455434421356494,0.28307716435649555,0.17782361113127512,0.20713290027445355,39,8,49.0,-0.20376361324986642,0.16116561844863733,방문성 검토,-0.14335440205565986,유지/변동,2.5039228664164472
11260520,중랑구,면목2동,39,202301,202603,0.8665612903040694,1.3459345708063393,-0.01904435802050699,6149.42,5843.34,0.25889393420237417,0.24516495540883904,0.21185069054751096,0.2314344193560532,39,0,142.0,-0.4458157293202596,0.1424471730439749,방문성 검토,0.46951304286723516,유지/변동,2.5029228786021576
11470640,양천구,신정3동,39,202301,202603,1.1637222935098077,1.3384020057140136,-0.01656671827771291,13331.333076923076,13710.380000000001,0.2416330906927091,0.2301445018978422,0.20578148605115607,0.20000102112414098,39,0,144.0,-1.656694217475675,0.0766498382898162,방문성 검토,0.3372829447763961,유지/변동,2.456609753898987
11650540,서초구,잠원동,39,202301,202603,1.6847843583284838,1.7555779740100128,-0.01599843507800137,16912.842820512822,20039.87,0.33291321446365074,0.30410201990909963,0.1296124619019531,0.1257732709842928,39,0,71.0,-0.5717038372609142,0.16948865053629333,방문성 검토,0.056447742126563005,유지/변동,2.430931771511166
11380510,은평구,녹번동,39,202301,202603,1.7276019229592616,1.831923412907604,-0.014882031923344082,14735.11923076923,14217.98,0.2934826177710733,0.2730725293028094,0.19077585541430203,0.19217427510799706,39,0,59.0,-0.4309772051664965,0.16112097550540164,방문성 검토,0.0009275212715877945,유지/변동,2.422099098297195
11410565,서대문구,충현동,39,202301,202603,1.2960630233418697,1.6512996676372944,-0.023788372928338533,22654.488717948716,44512.689999999995,0.3780336696465958,0.4028054231653688,0.10424533695680772,0.05520043834690737,39,0,85.0,1.067707832722658,0.30085778443113775,방문성 검토,0.30365540901784227,유지/변동,2.331208849023392
11380520,은평구,불광1동,39,202301,202603,1.329945703350125,1.6194881561036996,-0.019863363026611486,12298.44564102564,11575.14,0.2621343161849235,0.2524714089130163,0.20146540498434748,0.2045063817802636,39,0,88.0,-0.38646456000919827,0.147086629181359,방문성 검토,0.226117259633412,유지/변동,2.2884414944263973
11230610,동대문구,답십리2동,39,202301,202603,1.3280697007126314,1.775029786471452,-0.021953652627979853,9416.835897435896,10022.94,0.2874596175356859,0.27723452001187165,0.19186405244934543,0.19944646979828273,39,0,68.0,-1.153969884612102,0.1179488877118644,방문성 검토,0.20703093298761566,유지/변동,2.2475328952049884
11260620,중랑구,묵1동,39,202301,202603,1.4960572360885764,1.687160441320446,-0.017177491226416593,12126.111025641027,11944.12,0.278291434854603,0.264948452693512,0.19812316349139594,0.19745531692581791,39,0,80.0,-0.3810018765530435,0.14747649572649574,방문성 검토,0.08795683911143937,유지/변동,2.175318726734905
11500605,강서구,가양3동,39,202301,202603,1.1704932380118305,1.5050576413725723,-0.03178260412552723,5414.264358974359,5620.69,0.34981936312238643,0.317746447979929,0.17375886842074278,0.18375857768352283,39,0,113.0,-1.0628511039894168,0.16190525659671723,방문성 검토,0.4817239245072007,유지/변동,2.1744285404393042
11560560,영등포구,당산2동,39,202301,202603,1.6290414756412135,1.5487518507431444,-0.013959467076968443,28732.672564102562,31254.13,0.43621786998828116,0.41410091624117074,0.15881223804930986,0.14863187681116063,0,0,100.0,2.8321712285164615,0.38705366688047893,혼재형 (상권+거주),0.036981661343253425,유지/변동,2.17426997385785
11500590,강서구,화곡본동,39,202301,202603,1.9494239317999467,1.8299785459543756,-0.01756809567543686,11952.411282051282,11908.34,0.3519543445453167,0.3204440881664303,0.22876802655071776,0.22205949779734205,39,3,60.0,1.1102070321008728,0.2435598265158602,방문성 검토,-0.17958880494705287,유지/변동,2.1539201845092797
11200540,성동구,마장동,39,202301,202603,0.9551362182988584,1.158087861317027,-0.016668797079968697,12069.339487179486,12995.06,0.3236396571429116,0.3076498031003002,0.16908326492776346,0.16695652040082926,39,0,198.0,1.1299126262259869,0.2845644187877198,방문성 검토,0.37701177149844245,유지/변동,2.1515119676993577
11170685,용산구,한남동,39,202301,202603,2.128008372516991,1.347024155931825,-0.05426561294577421,29184.615384615383,25237.53,0.4696205508942377,0.4204777721427205,0.10210474249381066,0.07384478592001674,0,15,141.0,1.697960171912857,0.35869029035279426,혼재형 (상권+거주),0.12870733847275417,유지/변동,2.1403303756482237
11740685,강동구,길동,39,202301,202603,1.5113190712012208,1.5244662293305635,-0.012370199185257318,26468.968974358977,32279.55,0.29370327326902423,0.28509066327426424,0.17900217569182325,0.15474596145237465,39,0,110.0,0.8063418673075642,0.208652272085803,방문성 검토,0.03283478375661275,유지/변동,2.1066573940527618
11380650,은평구,수색동,39,202301,202603,1.0126855968348702,1.8373272310646072,-0.03325753902504588,7800.134102564102,8330.76,0.2945082118560469,0.2883685574718373,0.1836454766958196,0.21397567568865264,39,0,57.0,-1.2750370636465302,0.15995849802371542,방문성 검토,0.43330458446689724,유지/변동,2.0956553306229404
11710600,송파구,석촌동,39,202301,202603,1.4472222154756995,1.524819710839583,-0.017294108579949632,19401.841025641028,20177.06,0.3748838697981288,0.3500066351360377,0.1834707830495953,0.18565886209388285,0,0,109.0,2.0210019215080552,0.3230808294540838,혼재형 (상권+거주),0.11913949238372723,유지/변동,2.039499581333173
11350710,노원구,상계9동,39,202301,202603,0.5855663198279916,1.1239245290595288,-0.020818635240125165,5768.745384615385,4852.18,0.24698855588078716,0.23903377187407943,0.21593304134292424,0.23631233795943263,39,0,206.0,-2.3941076942113573,0.07385952076092922,방문성 검토,0.5246857687710503,유지/변동,2.0056312348135217
11410720,서대문구,북가좌2동,39,202301,202603,1.2708072356978586,1.4801168929099582,-0.017198436995025632,11326.135641025641,11406.46,0.27280151545308023,0.2544375319260943,0.20290463499857322,0.20418780235059783,39,0,119.0,0.1875719242683979,0.18145639379347245,방문성 검토,0.1680523720146394,유지/변동,1.9944625949798067
11740660,강동구,성내3동,39,202301,202603,1.3852021710718818,1.5161073570679602,-0.013190305209797765,16088.836923076924,16294.19,0.30021515067819743,0.2834928824873592,0.14907227692759784,0.1448976598407162,39,0,111.0,-0.07843434317754669,0.1930456781447646,방문성 검토,0.04926561376033156,유지/변동,1.9606505529927198
11590640,동작구,사당3동,39,202301,202603,1.3870268696555068,2.0097382907079426,-0.032508418174211004,6464.433846153846,7841.94,0.293123612570421,0.3030626488852063,0.22128704498271057,0.20909621853775978,39,0,39.0,-0.8694400542249752,0.15179599943254363,방문성 검토,0.22738177780007462,유지/변동,1.9251696479261244
11710641,송파구,문정1동,39,202301,202603,1.553102429974355,1.7499021772342385,-0.02020300277345419,10024.062051282051,9914.560000000001,0.3281121557168799,0.3030487167464542,0.17363794919861555,0.18152091469515536,39,0,73.0,-0.7420619422997752,0.15387071281808123,방문성 검토,0.0423242250552438,유지/변동,1.905516045102964
11260580,중랑구,상봉1동,39,202301,202603,1.1153272802726217,1.3745092755796673,-0.018903646828744573,7735.584871794872,7567.1900000000005,0.3038237669374991,0.27949199994090446,0.1788423492587119,0.18610210659438972,39,0,136.0,-1.5363231969616176,0.09878547953391097,방문성 검토,0.24752378688953636,유지/변동,1.895363290235894
11380600,은평구,응암3동,39,202301,202603,0.743303112346209,0.9958378930396872,-0.014835304075239043,10507.103846153846,11001.66,0.26379308471872787,0.2548249616662111,0.19597247090240844,0.19113297447839692,39,0,226.0,0.4592646116525609,0.2245565927654609,방문성 검토,0.38828763395673516,유지/변동,1.885999552077534
11215830,광진구,자양2동,39,202301,202603,1.6040012332704539,1.8368770303412738,-0.020834578614954555,10489.743076923076,12487.25,0.2948893204635454,0.2890171738079351,0.1993348672002944,0.17808965144447336,39,0,58.0,-0.17349594200850704,0.17875301689460982,방문성 검토,0.002671950597511241,유지/변동,1.858954901682329
11230650,동대문구,장안1동,39,202301,202603,1.5835912979119993,1.610485199371881,-0.017190942334654444,16979.740512820514,17755.57,0.3154471521872695,0.3037572825416594,0.17359490711253256,0.1588448019410247,39,0,91.0,0.5708256296172807,0.19585229357798165,방문성 검토,0.010386356422521725,유지/변동,1.8507214640772447
11530520,구로구,구로1동,39,202301,202603,1.1542051272257392,1.5295608206241678,-0.0199126290544552,6266.8941025641025,6167.46,0.2962740955017066,0.26687742944416004,0.20412438780440212,0.22453651908565278,39,0,107.0,-1.258873838373955,0.1306635220125786,방문성 검토,0.19714762593876323,유지/변동,1.8471717598784818
11380530,은평구,불광2동,39,202301,202603,1.0315172611271606,1.3128709819327407,-0.018954245722464375,8754.224871794871,9082.75,0.2691740990718226,0.25509752700532873,0.20999259090572864,0.21048030607470206,39,0,148.0,0.16607012813903643,0.20611388087116242,방문성 검토,0.27609940172818637,유지/변동,1.8390202902172281
11470650,양천구,신정4동,39,202301,202603,1.313241363219515,1.2189992878085867,-0.011836264154796081,15720.375128205129,15929.92,0.30304773452199313,0.27506359042842965,0.18221857326905141,0.1731665946847191,39,0,176.0,0.7187715701479676,0.22829045330317593,방문성 검토,0.10399814155266562,유지/변동,1.8366201363453498
11380551,은평구,갈현1동,39,202301,202603,1.91008940039035,1.6899560221460779,-0.03168978469778889,9600.120256410257,8919.98,0.3282968962910608,0.2971259660362941,0.2077052734178659,0.19032441776775286,39,3,79.0,-0.03907903748653413,0.1949056603773585,방문성 검토,0.038246883763632944,유지/변동,1.8256015563969825
11200720,성동구,송정동,39,202301,202603,1.72366854438551,1.9924337127052982,-0.03683292906049911,3908.2102564102565,4417.04,0.39501064464265623,0.36722765996539763,0.19906565338956073,0.19567629000416567,39,2,41.0,0.19665638092379037,0.2660715332746995,방문성 검토,0.12233974869914732,유지/변동,1.823751301677763
11350600,노원구,공릉2동,39,202301,202603,1.4760224784277771,1.972797441759825,-0.02649605234465424,24843.044615384617,35701.71,0.3437880810826491,0.38426151004526643,0.14778467143966403,0.10764722474077573,39,0,43.0,1.0198085855782586,0.20865926833989287,방문성 검토,0.08496534445457193,유지/변동,1.8170096191324012
11140625,중구,다산동,39,202301,202603,1.3802465332679485,1.4781362110547733,-0.0193578591841712,10376.402564102564,10477.93,0.34799947072475207,0.32896520631260756,0.14034500508445993,0.13351873891121624,39,0,120.0,0.33466447854463466,0.26524073285044736,방문성 검토,0.12597568097663148,유지/변동,1.7822993857843683
11170625,용산구,한강로동,39,202301,202603,1.8486631014271342,1.5993612995282598,-0.029829162997687692,71116.92666666667,65090.299999999996,0.49123630858207973,0.45941436196504215,0.07563825561697882,0.07571420011891174,0,2,93.0,2.8315717059748904,0.38080669710806697,혼재형 (상권+거주),0.07370569814506522,유지/변동,1.7810172678314702
11290630,성북구,정릉2동,39,202301,202603,1.2056946801774227,1.5118499499691094,-0.030541518035170908,7993.876153846153,8583.55,0.27292483052219463,0.2656302705646796,0.20459143198993474,0.19606340034135064,39,0,112.0,-1.6210119887288132,0.11461148112908341,방문성 검토,0.3493141583572732,유지/변동,1.753251263708628
11305545,강북구,송중동,39,202301,202603,1.1751117633241124,1.2495759211491613,-0.017448138533406463,15233.521025641025,15296.93,0.2787178707644058,0.26625356011549717,0.17548391374857877,0.16225935530854885,39,0,166.0,0.33207718143818743,0.21992641648270786,방문성 검토,0.20784411393111113,유지/변동,1.7460778534473307
11215770,광진구,중곡4동,39,202301,202603,1.221646124592127,1.3882973494221367,-0.016857368888232832,10583.26564102564,10017.26,0.2656549426666796,0.23435854640176437,0.19086994472147348,0.20278998448677582,39,0,131.0,-0.6620976011001805,0.14553782505910165,방문성 검토,0.13856035949791723,유지/변동,1.722924431711045
11440610,마포구,염리동,39,202301,202603,1.7619031704387709,2.00933421325275,-0.024355393678076123,13426.034615384615,14018.62,0.3697851719420696,0.38098444984723795,0.1245311213442399,0.10558885254040697,39,0,40.0,0.08146208646285208,0.22640130114706386,방문성 검토,-0.06764521271152324,유지/변동,1.7019341339071015
11470520,양천구,목2동,39,202301,202603,1.7363488689251478,1.8667900231337817,-0.022541367719620592,9297.043076923077,8849.36,0.2955864628501979,0.27126603650738573,0.2305510371402034,0.23425422855438133,39,0,53.0,0.19090773552268128,0.1968104547386315,방문성 검토,-0.05026062275651677,유지/변동,1.7001374996166132
11260540,중랑구,면목4동,39,202301,202603,0.4450508116772984,1.046135235645545,-0.023502055717367704,5194.369487179487,5053.36,0.252962831994476,0.23227121903596612,0.1993032720270294,0.22572901989963115,39,0,219.0,-0.8641893084590565,0.16155396966993754,방문성 검토,0.5599551927012123,유지/변동,1.6999955419611115
11170510,용산구,후암동,39,202301,202603,1.6852934360207388,1.9012915272012925,-0.022284075074193478,6900.56794871795,7244.46,0.35566347907645446,0.33523863643725593,0.17132078232161183,0.17077325294086793,39,0,50.0,0.027344397156424866,0.23776067718353214,방문성 검토,-0.05141631471131225,유지/변동,1.6983629851701476
11560660,영등포구,신길4동,39,202301,202603,0.37806781381649635,1.3012366221459029,-0.029427995851270827,3432.484871794872,3156.47,0.27821491568600165,0.2963779852865922,0.20626765935686928,0.2277132366219226,39,0,151.0,-0.6000579124189485,0.19985726049958827,방문성 검토,0.5993510024679741,유지/변동,1.6764583477807067
11560680,영등포구,신길6동,39,202301,202603,0.8815736059700984,1.2575248033258752,-0.018502214533411762,9212.965128205129,9746.06,0.3239465174592587,0.30966248395061574,0.18044509755438504,0.1889071070771163,39,0,163.0,1.0165229840857868,0.2651284046692607,방문성 검토,0.2681076762757536,유지/변동,1.5961613095867748
11740650,강동구,성내2동,39,202301,202603,1.4625611007972732,1.684181408911777,-0.01796009130713015,14601.288461538461,15797.64,0.3601911174682773,0.34884481991839345,0.1805107730294281,0.17724609498633975,0,0,81.0,1.2750846670445053,0.29662040418797175,혼재형 (상권+거주),-0.0348818232090764,유지/변동,1.5556467970328685
11170590,용산구,용문동,39,202301,202603,1.2950441724230548,1.6711736153354992,-0.02814106462670339,4469.580512820512,4229.11,0.3192453911699758,0.30500295691557644,0.21104745368840902,0.21805297095606407,39,0,84.0,-0.9164290157288519,0.1910677156504636,방문성 검토,0.18291107203876011,유지/변동,1.5259221887116867
11350630,노원구,상계1동,39,202301,202603,0.7092000655148847,0.9703327754492707,-0.018062188045823675,11288.930769230768,10460.16,0.22672568363235288,0.20784687443617927,0.19173504564242952,0.19941568771414586,39,0,235.0,-1.7808631239486425,0.07318127608825284,방문성 검토,0.37397728810667996,유지/변동,1.5187395323147026
11650530,서초구,서초3동,39,202301,202603,1.5769044669795174,1.5440263194632515,-0.02230680629004487,57947.146410256406,61223.52,0.36801240018854303,0.3552816527481098,0.08019815102612082,0.069984868560318,39,0,102.0,1.0068412325057994,0.2584918586179507,방문성 검토,0.03758400310919807,유지/변동,1.5017733483976525
11650621,서초구,방배4동,39,202301,202603,0.7704400123844888,1.142946684899963,-0.021214477594945706,10580.538205128205,11930.4,0.2905915942590681,0.27424681201643497,0.14228601937468682,0.14703195198819824,39,0,202.0,0.23360060850360523,0.23295748031496064,방문성 검토,0.355272128919069,유지/변동,1.4960308952947254
11590560,동작구,상도4동,39,202301,202603,1.486389968944854,1.7821705211410697,-0.022351464768820446,8281.285897435899,8421.14,0.30835155069078346,0.28985659892099824,0.23617371727807807,0.24522926824634192,39,0,67.0,0.7844094480314074,0.2316370067425666,방문성 검토,-0.015282594241615932,유지/변동,1.4682876852620153
11140680,중구,중림동,39,202301,202603,1.4723502262522268,1.5035023159296688,-0.018123174263050247,8136.1002564102555,7588.3,0.37158591064804536,0.34461210645132134,0.12227726680548542,0.1231619730374392,39,0,114.0,-1.6103920624842287,0.17434215046375814,방문성 검토,-0.0035499335234006058,유지/변동,1.461665176659758
11560720,영등포구,대림3동,39,202301,202603,0.8441417621886596,1.1314671930805273,-0.017850639260956973,8145.597179487179,8342.92,0.2671440151570021,0.2519296522805997,0.1804791723114639,0.18058665311425734,39,0,203.0,-0.7778369268585064,0.12612309955860718,방문성 검토,0.2722314599014355,유지/변동,1.460326376078262
11290590,성북구,돈암2동,39,202301,202603,-0.2926999928226209,0.5071751364275404,-0.028483586142185647,3054.2007692307693,3254.18,0.2222230704743565,0.2181012700646761,0.2139961697812114,0.22937882968981435,39,0,300.0,-3.2802082466556546,0.04880480365993138,방문성 검토,0.9469823951757517,유지/변동,1.4513914732271185
11530740,구로구,개봉1동,39,202301,202603,1.505069527959903,1.5374458633131702,-0.01640308447678342,11309.89794871795,11098.36,0.2801803178468513,0.2582177734988467,0.20522593101077383,0.2022280769410976,39,0,105.0,-1.6263684489706898,0.08396746741355166,방문성 검토,-0.05514881079518963,유지/변동,1.4488031658443998
11440730,마포구,성산2동,39,202301,202603,1.3836584758260932,1.6783152627391198,-0.02721997676061475,22140.567435897436,17839.6,0.34541607548706027,0.3266632595754857,0.17957088514567582,0.20688468351308326,0,1,82.0,1.6958289002457747,0.304472819216182,혼재형 (상권+거주),0.08118063694055833,유지/변동,1.4197093171159632
11650600,서초구,방배1동,39,202301,202603,1.3408674803385234,1.5420581024843776,-0.024644305458924837,11198.073846153846,13276.49,0.3409618877488549,0.33090769695895683,0.12913452086712668,0.11303590030196234,39,0,103.0,0.058287026439807654,0.2379863344051447,방문성 검토,0.119685271050048,유지/변동,1.4045373896206281
11545610,금천구,독산1동,39,202301,202603,0.9118505145455961,1.2332397369447405,-0.018772839690825355,25022.213333333333,24872.11,0.3813421677334515,0.3704023446400463,0.18104242489886113,0.19471689374162468,0,0,171.0,3.059939274792828,0.3590003904724717,혼재형 (상권+거주),0.21293032372811327,유지/변동,1.3472227236052086
11440720,마포구,성산1동,39,202301,202603,1.3622149422994676,1.5265646324076676,-0.019777964876538972,10891.142564102563,10996.99,0.37395049689169124,0.359576525258827,0.17207055313023245,0.17217256722066676,0,0,108.0,1.3122477079717196,0.30275783040488924,혼재형 (상권+거주),0.015847768425082176,유지/변동,1.3250455410571502
11500640,강서구,방화2동,39,202301,202603,1.3882011707224915,1.5820854985051007,-0.015135532987171182,20737.464358974357,18241.23,0.35110510338198553,0.3293713331922525,0.10275502271133141,0.11705515472366722,39,0,96.0,0.199088050683338,0.23088205425794284,방문성 검토,-0.0884162672791513,유지/변동,1.321604030311655
11740640,강동구,성내1동,39,202301,202603,0.7954946145475977,1.1143083084368823,-0.01922798696381573,10680.291794871795,11289.67,0.2902684249862087,0.27505490904528307,0.14658073053521475,0.14943749463004674,39,0,207.0,-1.3136577643982434,0.14196100073583517,방문성 검토,0.2815079706903154,유지/변동,1.321601386125259
11170570,용산구,원효로2동,39,202301,202603,1.4004560900117557,1.7016213756627085,-0.020211250008050623,6371.9756410256405,6294.93,0.32395451928181657,0.3085377939719034,0.1811914282361426,0.18010843647189087,39,0,77.0,-1.369228943296756,0.16196058615462353,방문성 검토,-0.04228122106961796,유지/변동,1.31032116416721
11620715,관악구,난향동,39,202301,202603,-0.5340370022291963,0.40116033476162316,-0.03126237632394143,2526.75,3979.74,0.2160319618041529,0.26082425850290203,0.22138331136036946,0.16618171036298854,39,0,313.0,-2.404504859488405,0.09354934924078091,방문성 검토,1.0581307316846527,유지/변동,1.3086929137954382
11440740,마포구,상암동,39,202301,202603,1.7227038965012564,1.883693166551387,-0.04207819383673589,36517.41128205128,40831.83,0.3990578418422043,0.405418342595415,0.08469420795886629,0.06433118476443499,39,3,51.0,0.8615953825167671,0.26118347599553404,방문성 검토,0.08683500386677112,유지/변동,1.2998986416602298
11230660,동대문구,장안2동,39,202301,202603,1.2840863526983315,1.3892306779788233,-0.016136312472638362,14274.958974358975,14289.88,0.26430448150823893,0.24828026681752413,0.17897391051782713,0.1736746564701733,39,0,130.0,-1.1606347645169524,0.11524338374291117,방문성 검토,0.005549210155217477,유지/변동,1.2853067663482949
11260590,중랑구,상봉2동,39,202301,202603,0.9694362071749086,0.9899474942064737,-0.020369188057957146,19456.783846153845,18985.809999999998,0.37623620829624926,0.3502728266300044,0.18816703638134386,0.188188968498052,0,0,228.0,2.8113668651310277,0.40100896860986546,혼재형 (상권+거주),0.281401879028385,유지/변동,1.2826841894848133
11710590,송파구,송파2동,39,202301,202603,0.5424765710804825,0.9638068522021146,-0.02271233207266368,6192.076666666667,6883.86,0.2633100986541459,0.23918203916216482,0.195609648952488,0.20511021432742674,39,0,240.0,-2.595573802401569,0.07714014071116182,방문성 검토,0.44396512814960054,유지/변동,1.2756093652064782
11290660,성북구,길음1동,39,202301,202603,0.48818212387719523,1.0850952718425173,-0.022172233545656374,10275.616410256409,12108.04,0.22612066462895727,0.23087084622618556,0.17772756186744776,0.17630846941371187,39,0,213.0,-3.1857297135677163,0.03798192035182018,방문성 검토,0.40542206468808795,유지/변동,1.240978001013643
11710650,송파구,잠실본동,39,202301,202603,1.53800997815255,1.546921260930391,-0.026837727106775042,25517.348974358974,23592.75,0.3984552546173449,0.3678541664880103,0.19051374802095652,0.20191753822678576,0,1,101.0,2.819749243895637,0.3935054076161047,혼재형 (상권+거주),0.02776259494496225,유지/변동,1.2347936239328736
11200615,성동구,금호2·3가동,39,202301,202603,1.2770341517816928,1.5712147857359011,-0.0194014731365065,7861.4794871794875,8006.45,0.28358916218374675,0.260971871642694,0.20576556367276666,0.2140961349911634,39,0,98.0,-1.160790050526711,0.12759899037703107,방문성 검토,-0.0036430215764633456,유지/변동,1.227697125233128
11380625,은평구,역촌동,39,202301,202603,1.5486832555074448,1.5984057463176318,-0.016775866387522795,15148.794615384615,15653.619999999999,0.26703130007095627,0.24680691517607686,0.20671333856063584,0.19705793292541915,39,0,94.0,0.08822250131204021,0.15676050815558343,방문성 검토,-0.13124045598176126,유지/변동,1.2258536856056303
11350640,노원구,상계2동,39,202301,202603,2.075654702635405,1.5774725701406183,-0.0353831520044665,20725.581794871792,16311.77,0.3451736021200044,0.31169334690036354,0.15251174145593058,0.13202368596418415,39,4,97.0,-0.6308849217929084,0.15231968104385646,방문성 검토,-0.08969532470878039,하락,1.2106630313328415
11110530,종로구,사직동,39,202301,202603,1.6283491089554127,1.6751816011373148,-0.026090555085817355,32003.947435897433,33908.23,0.40087938766750403,0.3879037939223022,0.04904690314483156,0.04114635296504712,0,0,83.0,0.3186081940989401,0.31400463857750294,혼재형 (상권+거주),-0.020851824327966728,유지/변동,1.2015645765578231
11260575,중랑구,면목3·8동,39,202301,202603,1.3091034395886247,1.3765596914925633,-0.016522481793362114,11162.261538461538,12977.61,0.28902460435612143,0.283458648915713,0.184909823477969,0.15292723390516436,39,0,135.0,0.18349288703656585,0.19664350334338535,방문성 검토,-0.01126631339130113,유지/변동,1.1988803042624263
11350695,노원구,상계6·7동,39,202301,202603,1.2912514049875092,1.1678313148302748,-0.015433343814389608,21041.924102564102,19998.72,0.30312923179444673,0.2753728994243512,0.12934507037746493,0.11931263600870455,39,0,194.0,-0.6871494271971946,0.12814199890770073,방문성 검토,0.021599383517945325,유지/변동,1.1358247367272958
11470540,양천구,목4동,39,202301,202603,1.0388569924042674,1.2294207598256475,-0.018145083835114095,7399.39282051282,7263.46,0.26051589121941315,0.23602080412911142,0.21677955743493582,0.22006591899728228,39,0,173.0,-1.1333626728954511,0.11931344696969698,방문성 검토,0.118519222259442,유지/변동,1.134717818999369
11680740,강남구,일원2동,1,202301,202301,0.7950771347054002,0.7950771347054002,0.0,5876.88,5876.88,0.30449271938223554,0.30449271938223554,0.15361722546657408,0.15361722546657408,1,0,258.0,-2.397481474171145,0.11285785288270378,방문성 검토,,유지/변동,1.13243995466941
11710646,송파구,장지동,39,202301,202603,1.2100595892070918,1.2185242854148397,-0.016896646473331483,10659.313333333334,11126.6,0.2865429793715529,0.2562267975380894,0.18541615771602368,0.17635216508187587,39,0,177.0,-1.4420688389508411,0.10098460842009958,방문성 검토,0.052672914029878726,유지/변동,1.1305427863123885
11350580,노원구,월계3동,39,202301,202603,0.9819727284206116,1.2890006594020564,-0.022088631104900277,10566.60564102564,10112.11,0.2652378492959121,0.2549550807920465,0.17996377527898508,0.1835007728357385,39,0,155.0,-1.9864738760912581,0.07851742816768724,방문성 검토,0.1808853276198621,유지/변동,1.1201181699318883
11710610,송파구,삼전동,39,202301,202603,0.8747594543678627,1.180285975869008,-0.020472181513617092,12688.35923076923,13889.12,0.3533104667264345,0.3451056005565771,0.2112376627469694,0.2086611678781665,0,0,188.0,2.4877835173376215,0.35595059169042065,혼재형 (상권+거주),0.20957873862220744,유지/변동,1.1000487393578244
11260655,중랑구,망우본동,39,202301,202603,1.4118559866300175,1.3833130937425204,-0.014108199176871054,15726.778717948719,14555.66,0.2795099474367607,0.25361509264589654,0.174580941710655,0.17239754157489254,39,0,133.0,0.024515170788972737,0.17077581760033012,방문성 검토,-0.11312266374253843,유지/변동,1.070483156857819
11680700,강남구,세곡동,39,202301,202603,1.3781859508766034,1.6226750508598995,-0.02041918202818982,16168.705128205129,18103.67,0.28837413283980035,0.2760873271715814,0.18083401535850996,0.17509875069530104,39,0,87.0,0.3980886047799372,0.21041659538066723,방문성 검토,-0.07845452983361989,유지/변동,1.017515105984419
11470530,양천구,목3동,39,202301,202603,1.1201799248506155,1.381414933572584,-0.026065507826799564,5666.522307692308,5196.54,0.3015310842809402,0.28011684337457204,0.21033951620255273,0.21825868751130562,39,0,134.0,-0.7511258585466487,0.15788877292381095,방문성 검토,0.15423966489524354,유지/변동,0.9919434948623538
11545670,금천구,시흥1동,39,202301,202603,1.332838955294198,1.197065156734263,-0.019064188673205567,14183.109743589745,12930.07,0.2941534507543589,0.2672683237488634,0.17194660293966726,0.15904476928585848,39,0,182.0,0.02096025358284201,0.17820057533974804,방문성 검토,0.02908266495308398,유지/변동,0.9870799148797001
11500630,강서구,방화1동,39,202301,202603,1.0834429130353362,1.283298590030969,-0.015629990969086745,12669.805384615383,16912.95,0.2716555751055223,0.2748377667500732,0.17934742353359526,0.1370021196775252,39,0,156.0,-0.9390473193473751,0.11444040697674418,방문성 검토,0.012250819415292158,유지/변동,0.9869374183841301
11410655,서대문구,홍제2동,39,202301,202603,0.2629646282387508,1.1961342234799432,-0.03451968474559377,3319.647435897436,3825.3,0.25711273328698303,0.2608907372978341,0.22133717293970948,0.23478942828013488,39,0,183.0,-1.9849288636525866,0.11090507726269316,방문성 검토,0.583214123473472,유지/변동,0.9724878785593651
11680730,강남구,일원1동,39,202301,202603,0.6109924007142149,0.9086338175941769,-0.015630746560356994,5590.411794871795,5847.2699999999995,0.28957531755204496,0.27906280842485454,0.19251708665523123,0.18302558287884776,39,0,249.0,0.25719994386625167,0.2426465284039675,방문성 검토,0.24582462837638708,유지/변동,0.9630549650022012
11500615,강서구,우장산동,39,202301,202603,1.0410212387028017,1.4959576180995708,-0.031482718007335965,10800.83717948718,12062.27,0.2725631823727245,0.24777598200244194,0.18460338158087505,0.19938950131277114,39,0,116.0,-1.378022576192567,0.09467680608365019,방문성 검토,0.22248776785834856,유지/변동,0.937833865145185
11710632,송파구,가락2동,39,202301,202603,1.0614012585238872,1.3217087812547983,-0.01777661215390714,10906.359487179488,10533.53,0.2775017689594401,0.2658364480202705,0.1774097309603099,0.17827072216056725,39,0,146.0,-1.4568523093855603,0.10491507918292403,방문성 검토,0.02840689249534467,유지/변동,0.9213960395993629
11590620,동작구,사당1동,39,202301,202603,0.9421721912540633,0.9413509253922312,-0.015138407487098176,18022.468974358977,16930.49,0.42880523110229063,0.39131427636342964,0.16979113019137565,0.18249973863721605,0,0,245.0,3.410196014228772,0.4612211153332649,혼재형 (상권+거주),0.12366296668251797,유지/변동,0.9040766473510504
11530780,구로구,오류2동,39,202301,202603,0.8719051907198729,1.1448131748265908,-0.017855021080886303,11900.96076923077,12172.6,0.25115206825064657,0.23163623562097413,0.17740819166263075,0.18314575357770732,39,0,201.0,-0.1875194299401982,0.14929632221444677,방문성 검토,0.12206006839978545,유지/변동,0.872678420112734
11380690,은평구,진관동,39,202301,202603,0.7148957606164351,0.8818005083137579,-0.01083746288365937,25784.664102564104,22139.87,0.24985877548882435,0.22028217775383688,0.15190900873022553,0.17465323870465366,39,0,254.0,0.6343016884932475,0.2137262200165426,방문성 검토,0.12094390518399223,유지/변동,0.8700329282276991
11500593,강서구,화곡8동,39,202301,202603,1.8481961470530455,1.698956061676634,-0.016936264585701664,21315.743076923078,18764.87,0.34967901435371745,0.32402839589378146,0.12376421440027098,0.11449319926010679,39,0,78.0,-0.05791510839775127,0.18599749216300943,방문성 검토,-0.32500641449698264,유지/변동,0.8643736214529232
11560650,영등포구,신길3동,39,202301,202603,0.606150434548912,1.3851743555014329,-0.033856572921168435,3839.940769230769,4135.96,0.30284002177479974,0.296991282618374,0.19696259447862494,0.2161698855888355,39,0,132.0,-1.521271674623658,0.12159863945578231,방문성 검토,0.3948539760582941,유지/변동,0.8550204118565408
11170580,용산구,효창동,39,202301,202603,1.5497301049748582,1.9281949040234645,-0.033291521319098384,6299.428974358974,7951.65,0.3635269420007302,0.3641824198220685,0.16097091851840065,0.13720925845579218,39,0,47.0,-1.0277531794955135,0.1858389694041868,방문성 검토,-0.032129686101558974,하락,0.854360867442389
11500560,강서구,화곡3동,39,202301,202603,1.3145560833407621,1.130132347316568,-0.019227812699626246,10248.096666666666,9641.59,0.3045403155773438,0.2694410606849437,0.17901543603700068,0.1686205283568374,39,0,204.0,-1.0726627808079938,0.12168021680216802,방문성 검토,0.01974875829441647,유지/변동,0.830802641082323
11620585,관악구,낙성대동,39,202301,202603,1.853356245099533,1.6162944422191492,-0.02106862496696179,21825.44153846154,24278.16,0.5286822276277925,0.4839149855591854,0.17944229103502704,0.17693680245949445,0,1,90.0,4.088688735443177,0.49248804565787446,혼재형 (상권+거주),-0.2796941204329766,유지/변동,0.8036894882872119
11290525,성북구,성북동,39,202301,202603,0.8394048645216424,1.2199151176404108,-0.018112868384408058,10189.550256410257,12081.599999999999,0.3139198811938426,0.3280284651902815,0.1782748897276317,0.15895907826777914,0,0,175.0,1.153453889388818,0.3241491178144565,혼재형 (상권+거주),0.0911671912959231,유지/변동,0.7795469077992101
11215850,광진구,구의1동,39,202301,202603,1.2060515059463333,1.3971728210903356,-0.018539419787774472,14462.294102564101,15052.9,0.41381665247361227,0.39274083420345846,0.20382309308620966,0.21002398208982986,0,0,127.0,3.0628799097275934,0.4303460245145895,혼재형 (상권+거주),-0.053669060186945394,유지/변동,0.7791928668119694
11320514,도봉구,창4동,39,202301,202603,0.6722128385818513,0.9652130307011746,-0.0201780458355916,11302.505897435896,11471.41,0.22734493082182092,0.2212912328515552,0.18808904203132962,0.17888123604683295,39,0,239.0,-2.112292255129372,0.08072028469750889,방문성 검토,0.24396696063948875,유지/변동,0.7647114572518856
11710520,송파구,풍납2동,39,202301,202603,0.9378686502147087,1.0542593042776138,-0.024798949739094685,15115.73923076923,17874.21,0.2790968801428589,0.25955909452492704,0.13275598419899431,0.11790171425758116,39,0,216.0,-0.8503497015962873,0.1423401034439258,방문성 검토,0.22086853162807318,유지/변동,0.747186189727401
11320515,도봉구,창5동,39,202301,202603,0.9683356763597826,1.1275980508261036,-0.019260890663356317,9093.095897435896,8498.98,0.28035539944392823,0.25893974906641015,0.18166308305257312,0.18672946635949256,39,0,205.0,-1.6669243630257093,0.09492300987797793,방문성 검토,0.09541503809717411,유지/변동,0.7468074902571011
11260660,중랑구,망우3동,39,202301,202603,0.27560395524235143,0.763520992063713,-0.02232029682141508,3751.8548717948715,3410.2599999999998,0.25179150103165465,0.23237381394477283,0.21440963607498986,0.23156298933219172,39,0,268.0,-1.3854446055231022,0.13337780742717367,방문성 검토,0.4416239754434569,유지/변동,0.7362495319291127
11680690,강남구,개포4동,39,202301,202603,0.900529624861934,1.1639399192178268,-0.02245928503138123,8341.481282051283,8573.07,0.27273072309200425,0.25582876293941953,0.18136539498913626,0.17722356168793676,39,0,195.0,-0.9695784296753104,0.16254490057729312,방문성 검토,0.15493934219717675,유지/변동,0.7328853886281221
11710690,송파구,잠실4동,39,202301,202603,0.10027729383027804,0.6018248749557971,-0.023853974162460344,6115.215641025641,7432.07,0.23299657659057177,0.21952573200154066,0.1803610114905071,0.1757760623890787,39,0,291.0,-3.2192920651545727,0.049216760676873486,방문성 검토,0.5559201787964616,유지/변동,0.704116859002826
11740700,강동구,둔촌2동,39,202301,202603,0.6832570061069793,1.0103870499734318,-0.01587448848157414,10681.928974358974,9618.84,0.2519788921032268,0.2390239490126773,0.1697007787368348,0.18170590216699728,39,0,224.0,-1.430041519869141,0.11712070874861572,방문성 검토,0.13722594862047377,유지/변동,0.6958930701550994
11260680,중랑구,신내1동,39,202301,202603,0.8046629942821116,0.8753020910511313,-0.01306358420898089,13254.158974358974,14351.59,0.25044105713978104,0.23997893770168124,0.16319193198675241,0.14307404266704946,39,0,256.0,-2.4247869500609074,0.05120755495923212,방문성 검토,0.09566063013559423,유지/변동,0.6958108228270877
11500611,강서구,발산1동,39,202301,202603,1.073630802157567,1.3034448080790044,-0.02505599459992271,20100.69205128205,22651.03,0.29123413517309304,0.28178383323534584,0.12338178936342506,0.11616028057002266,39,0,150.0,-2.574229339493835,0.05325882483124931,방문성 검토,0.0995472632537795,유지/변동,0.6827861917604386
11260570,중랑구,면목7동,39,202301,202603,0.8627493517717182,1.4862965151291687,-0.029459444120364577,5860.859487179487,5102.0,0.2670728059638424,0.2474054433076876,0.21203384907818495,0.24931203449627598,39,0,117.0,-0.09927299324462321,0.17365178154660027,방문성 검토,0.17606852476292612,유지/변동,0.6713945305499411
11620775,관악구,난곡동,39,202301,202603,1.0820057200922155,1.4582432084162038,-0.03764662324862853,5547.753333333333,5817.9800000000005,0.298392004081044,0.27050835100927206,0.21805920367958626,0.22972578111303232,39,0,122.0,0.07081911487394071,0.15912203913491246,방문성 검토,0.2579449690630524,유지/변동,0.6382812917467524
11590670,동작구,신대방1동,39,202301,202603,1.6158983738149573,1.765271501272837,-0.030132255696314614,10231.902307692308,9868.630000000001,0.3193848463912602,0.2944729277059613,0.17925507959406514,0.18309633657356694,39,1,69.0,-0.09715365449901106,0.18225074037512337,방문성 검토,-0.14984614918944472,하락,0.6051152941550555
11500620,강서구,공항동,39,202301,202603,1.6144135060270561,1.4578470841858975,-0.013816807493884586,28648.89153846154,27296.7,0.3609834440806655,0.32373483836444095,0.09076366839949368,0.09685236676960951,39,0,123.0,0.32055842773681914,0.23340020844189682,방문성 검토,-0.3052008213104207,유지/변동,0.6048649925455369
11290650,성북구,정릉4동,39,202301,202603,0.9973293454882134,1.6172323575354732,-0.03406991128317444,7647.402051282051,8782.02,0.267654520317101,0.28073115242400987,0.20026408439658525,0.1911553378379917,39,0,89.0,-1.3040730757949115,0.11467816758480719,방문성 검토,0.15777019871314835,유지/변동,0.576360242174947
11530750,구로구,개봉2동,39,202301,202603,1.2239159930398766,1.703628566264056,-0.029154630173337175,7886.626153846153,8208.39,0.2798130510421181,0.2744872418653411,0.21439021928370805,0.2169182994472729,39,0,75.0,-2.409897947836139,0.06208260002346592,방문성 검토,-0.014958540345535676,유지/변동,0.5726017352377799
11380552,은평구,갈현2동,39,202301,202603,1.3638260464888095,1.1713952305552617,-0.01792340644694711,9076.57076923077,8511.02,0.2842749742715116,0.2533154753932467,0.21571647493800475,0.19714793291520874,39,0,193.0,-0.8073408967785173,0.1312364915807992,방문성 검토,-0.08968712206859131,유지/변동,0.570881804088919
11380631,은평구,신사1동,39,202301,202603,1.2606150293201377,1.4614404076770833,-0.019861161345585788,8452.384615384615,8659.13,0.2814952988594021,0.268979062877222,0.21203170584796324,0.2067182268888445,39,0,121.0,-0.7835129284268665,0.14940874374506188,방문성 검토,-0.11919343390407522,유지/변동,0.5485104457409489
11620765,관악구,미성동,39,202301,202603,1.4367372943331775,1.3366770311038219,-0.02414162394663407,9416.831794871794,10068.25,0.2946537108395266,0.2593147389261473,0.21316837756880547,0.20058699376753655,39,0,145.0,0.3381834885726356,0.20503464965350346,방문성 검토,-0.057112583484271395,유지/변동,0.5459203525794455
11350700,노원구,상계8동,39,202301,202603,1.184075069251873,1.368784087165093,-0.022857839513121293,7999.4771794871795,7947.57,0.28953793938167066,0.2680794783298568,0.19522063092287745,0.1928627240779257,39,0,137.0,-1.7243593739187044,0.09918574366004111,방문성 검토,-0.02225814772535384,유지/변동,0.5362918235158468
11350611,노원구,하계1동,39,202301,202603,0.734963904054159,1.1105425315577462,-0.018369167992094974,12103.078461538462,13196.77,0.268693122843038,0.26822387053160757,0.14953589153786137,0.14749215148858394,39,0,208.0,-1.3122311102774407,0.11150079907017289,방문성 검토,0.09031641567832249,유지/변동,0.5000751804586411
11650510,서초구,서초1동,39,202301,202603,0.9810877849458485,1.297314401477535,-0.024710903788912487,20358.290256410255,23698.5,0.3453004389047536,0.34733942412754765,0.09955148576888302,0.08820558263181215,39,0,152.0,0.8163920297793312,0.27549442379182154,방문성 검토,0.07429318563817366,유지/변동,0.4867212258123115
11740580,강동구,암사2동,39,202301,202603,0.8406486758338984,1.1061920052134127,-0.021589820156798504,6166.904358974359,5894.83,0.28884475933670356,0.2756838864551829,0.193307981874819,0.19547976786438284,39,0,209.0,-1.7502220404620086,0.12821788836583725,방문성 검토,0.11418259523886776,유지/변동,0.48247200365823406
11290760,성북구,장위1동,39,202301,202603,0.8733454449962742,1.155440113372763,-0.02080366447867613,7191.25282051282,7766.47,0.26089743222839795,0.2556926527215167,0.20347141896780432,0.18920436182718786,39,0,199.0,-1.252508573035657,0.12286447978793903,방문성 검토,0.07423586019809858,유지/변동,0.4699369923033154
11230560,동대문구,전농1동,39,202301,202603,1.0061095215444946,1.1800022301383213,-0.016115504785521505,20397.170000000002,23625.39,0.3224691305470464,0.3162846769464741,0.14593929465820094,0.1316007905054689,39,0,189.0,1.1782540052935986,0.25591352712771537,방문성 검토,-0.0538723367511027,유지/변동,0.45312924295174023
11590650,동작구,사당4동,39,202301,202603,0.918577452114361,1.2503178657324379,-0.02467463997305902,5815.03717948718,5887.71,0.3306490674876434,0.311836163548328,0.2129458288212029,0.21868434416776641,0,0,164.0,1.143762482162003,0.30247452692867544,혼재형 (상권+거주),0.09610671318473485,유지/변동,0.45093538271782896
11590651,동작구,사당5동,39,202301,202603,1.3069824551799785,1.8241209276547228,-0.029589069383116142,5161.303076923077,5809.71,0.30116089256584627,0.28781814533807937,0.22015621708108654,0.22710427887106238,39,0,61.0,-0.28369098933001674,0.2293429818515966,방문성 검토,-0.09594275698999066,유지/변동,0.44436968600706106
11290555,성북구,삼선동,39,202301,202603,0.5503533684090308,0.953494649707044,-0.019722033317057647,16041.240512820514,18865.170000000002,0.3487384422669806,0.3581919264855908,0.15599326493256874,0.14381953621409188,0,0,241.0,2.20849824951784,0.35201815142106524,혼재형 (상권+거주),0.19567122522299174,유지/변동,0.43838647173692824
11290705,성북구,종암동,39,202301,202603,0.7600285245480476,1.3404411270552536,-0.025066185476740725,17031.754615384616,24683.8,0.29568236296919836,0.3455217863581899,0.167844360460663,0.12074883121723559,0,0,143.0,1.2558893620721616,0.24097487355196606,혼재형 (상권+거주),0.11111708307863477,유지/변동,0.41603501726321135
11710647,송파구,위례동,39,202301,202603,1.241092048694151,1.1860008616744213,-0.019850434221948085,14754.576923076924,14296.59,0.27254314082009073,0.24091378318452095,0.17824541735743227,0.17714923628641516,39,0,186.0,-3.195939696088473,0.04000130140551796,방문성 검토,-0.06799659444848083,유지/변동,0.3990134210642242
11215760,광진구,중곡3동,39,202301,202603,0.8283718553632886,1.3139293709031759,-0.026859994921726558,6093.639999999999,6372.87,0.3029783789681081,0.2952998956026618,0.20115479104051776,0.20314709071423082,39,0,147.0,0.6036451824901309,0.25622222222222224,방문성 검토,0.12561749896176533,유지/변동,0.3921283046930904
11200570,성동구,행당2동,39,202301,202603,1.1895122401317832,1.5823086421004056,-0.020729939807780425,7380.50641025641,7252.05,0.269272724950357,0.24944621396091166,0.2136596514808346,0.2276459759654167,39,0,95.0,-2.5847048499604526,0.06937686860739575,방문성 검토,-0.1604869232521451,유지/변동,0.3795403736284707
11740610,강동구,천호2동,39,202301,202603,1.0913389832991256,1.2376454410994389,-0.01698532418881919,21200.56923076923,18550.36,0.3224035073963401,0.29461481567714276,0.15980552406836765,0.1805630726303964,0,0,170.0,1.2910647156435262,0.25401061551354875,혼재형 (상권+거주),-0.10122769061645309,유지/변동,0.359413447636852
11170530,용산구,남영동,39,202301,202603,0.84215773439414,0.912434063743448,-0.027210787932234512,19048.12128205128,19778.66,0.4298372194608456,0.4123997704750133,0.08135388981029361,0.07814584001140623,0,0,248.0,2.2012748593404705,0.4964844835572024,혼재형 (상권+거주),0.2379629811611892,유지/변동,0.355890903783744
11410640,서대문구,홍제3동,39,202301,202603,0.5913762158737259,0.834776337321772,-0.018045333780234013,7281.208974358975,7921.38,0.25958970777489737,0.2561860414573929,0.18476771660950037,0.16194021748735699,39,0,265.0,-1.219552942763247,0.14231319722163754,방문성 검토,0.1690086849309579,유지/변동,0.3465320732130419
11680590,강남구,삼성2동,39,202301,202603,1.3618950772172538,1.4560344054961802,-0.025074654859753465,26954.02025641026,29153.66,0.37729384419414824,0.37524115710102035,0.10891434096624966,0.0893479583695495,39,0,124.0,1.1855272004046522,0.2814800139843841,방문성 검토,-0.104917306919047,유지/변동,0.33848694521659506
11500530,강서구,등촌2동,39,202301,202603,1.621327462249773,1.969374987122068,-0.0367450930933084,6660.390769230769,7531.96,0.3124685892423423,0.29925436318913395,0.2238622941848302,0.21677226113787113,39,0,45.0,-1.1653632981937005,0.14252894475686403,방문성 검토,-0.12904924364506232,하락,0.3259002302916143
11680655,강남구,도곡1동,39,202301,202603,1.2402833770994162,1.3926262159618497,-0.032642725631482385,20320.344358974362,21664.63,0.33114367813832607,0.31222962275993216,0.09121534426545518,0.08928146938119876,39,0,128.0,-0.831922751446791,0.16680673790979897,방문성 검토,0.07383595350461958,유지/변동,0.32390008152045535
11260565,중랑구,면목본동,39,202301,202603,1.2241628071216135,1.2832782575961486,-0.02014156499288822,10641.987692307694,10276.56,0.29137751367242476,0.2729110206119449,0.21745319153227632,0.21396070280327273,39,0,157.0,0.8874034068717602,0.21788946135831383,방문성 검토,-0.1074946609278058,유지/변동,0.31269254563217297
11380590,은평구,응암2동,39,202301,202603,0.6611274368923059,1.0214310649063214,-0.02220187401705407,5999.357692307693,6934.36,0.2647167573039128,0.24808143975643915,0.21280280458898937,0.20973096291510684,39,0,222.0,-1.8684259442203162,0.08588628762541806,방문성 검토,0.15795143390854105,유지/변동,0.3103113826563656
11410620,서대문구,홍제1동,39,202301,202603,1.099274156428411,1.1958837249649372,-0.018642691038560984,8957.827948717948,8833.01,0.26410463923605193,0.2449854722919609,0.19802926438906165,0.19685814914734615,39,0,184.0,-0.9688125254900019,0.13697404580152672,방문성 검토,-0.07457868236617338,유지/변동,0.3082390569254626
11590530,동작구,상도1동,39,202301,202603,1.2812890853541639,1.8019114643871554,-0.03415604272977729,22860.944871794873,36172.82,0.39632590728573286,0.45192801549103956,0.19200600408385418,0.1381316137365016,0,1,63.0,2.9692373300353014,0.34813904945407836,혼재형 (상권+거주),-0.07349471013376929,하락,0.29522751994848095
11320512,도봉구,창2동,39,202301,202603,1.2675516322321525,1.3664403233008442,-0.02581422316595786,9327.732051282052,9272.78,0.2864555234290643,0.266369334023522,0.19520910520802154,0.1849801246228208,39,0,139.0,-1.2971787808835444,0.10093780727630286,방문성 검토,-0.05094901352057901,유지/변동,0.2923044252740557
11560585,영등포구,도림동,39,202301,202603,0.8972847453843215,1.2035878139745384,-0.02248156217427353,6796.780256410256,7126.28,0.3174662826986388,0.30649097960147414,0.2133797062153831,0.2094907862166516,39,0,180.0,1.063663009072153,0.26319897450505625,방문성 검토,0.04037390063253965,유지/변동,0.29191508935010635
11350560,노원구,월계1동,39,202301,202603,1.0750099749950324,1.599652655198946,-0.02858206973963719,12336.484615384616,15784.03,0.3298606306393635,0.3666450715669657,0.16660519093868054,0.12771579881690542,39,0,92.0,0.8918034922584719,0.2440227088402271,방문성 검토,-0.020296191060802826,유지/변동,0.29012983785642465
11290580,성북구,돈암1동,39,202301,202603,0.3073041373876196,1.0271563316913401,-0.03086813906922695,4433.713589743589,5302.61,0.2492505861324163,0.26018950136900265,0.20477678461680046,0.19883038729983912,39,0,220.0,-2.198808340256784,0.11013401559454192,방문성 검토,0.3963627946362178,유지/변동,0.2872296549848985
11590680,동작구,신대방2동,39,202301,202603,0.6567345453554498,0.8909670595741535,-0.020112583879500087,13935.52358974359,17403.43,0.3372368604094646,0.31552491820178263,0.15859412283794222,0.1531226890331389,0,0,251.0,1.7134988639239137,0.3192201090962701,혼재형 (상권+거주),0.15562803280669923,유지/변동,0.2846254772028532
11260630,중랑구,묵2동,39,202301,202603,0.5285678588935364,1.1776481433604422,-0.026737584773381267,5522.695641025641,5559.84,0.2589444843165901,0.25394180637293523,0.21391159463531415,0.23214516964516965,39,0,191.0,0.3631498696398616,0.21928819762122595,방문성 검토,0.21746746868289202,유지/변동,0.2741573601425834
11320511,도봉구,창1동,39,202301,202603,0.9996040885792014,1.0992264330742436,-0.020795439910791386,8192.489230769232,7646.82,0.2662506121171517,0.2433689393835718,0.20133828990490094,0.19736570234424244,39,0,211.0,-1.156288120917137,0.1233526192337764,방문성 검토,-0.0007809181200126858,유지/변동,0.2279515723231812
11680521,강남구,논현1동,39,202301,202603,1.1769087435241936,0.8655810397039962,-0.02157319742629056,46904.87743589743,49176.44,0.5196597971122328,0.498627660710315,0.10597184445492346,0.08197929740339072,0,0,259.0,4.378511063478357,0.5326916325336454,혼재형 (상권+거주),0.02951917135779425,유지/변동,0.21147298006109905
11170555,용산구,청파동,39,202301,202603,0.7753033122858708,0.9783567501090542,-0.015817516841698107,16724.209230769233,20800.08,0.43522945731370555,0.4491427668210877,0.1480187480404066,0.11753079795846938,0,0,231.0,3.3391853850138022,0.4393610608800482,혼재형 (상권+거주),0.0020873138073476127,유지/변동,0.19367564475473684
11215810,광진구,광장동,39,202301,202603,0.6091054975153473,0.8611711211383974,-0.013201760752968679,13022.772307692308,12399.43,0.23972110896845253,0.22621334833221104,0.15182448691740802,0.15891617598550903,39,0,260.0,-3.038584910126655,0.04803571428571429,방문성 검토,0.03444692828554485,유지/변동,0.18349474582674813
11740600,강동구,천호1동,39,202301,202603,0.9934603109805402,1.0710803722174136,-0.01686247146502392,8815.298974358973,7508.42,0.2647624318553713,0.23428559838867452,0.20168877174632616,0.2129795616121634,39,0,215.0,-0.5834105049454692,0.1522549404528203,방문성 검토,-0.06984989397776253,유지/변동,0.18010604320979184
11140650,중구,신당5동,39,202301,202603,0.5450018765738448,0.6801851902206256,-0.021518996657841034,5130.047948717948,4890.4,0.3153330345852147,0.2845461046264343,0.18035857975318256,0.18862874202519223,39,0,283.0,0.6460501358085937,0.28377702285361334,방문성 검토,0.24636596852350023,유지/변동,0.1738555022321855
11560610,영등포구,양평1동,39,202301,202603,1.082731238205412,1.3584089393696355,-0.0266913926897127,12861.839743589744,15514.67,0.378616442584089,0.3646583432383525,0.1524658616072043,0.14830930983385404,0,0,140.0,1.6034256470664516,0.3279946083570466,혼재형 (상권+거주),-0.012544119820318667,유지/변동,0.16797762491538565
11530560,구로구,구로5동,39,202301,202603,0.7689415489274567,0.7033245831075388,-0.013889316875078755,25916.05051282051,22562.23,0.36290367754808184,0.3267890256667698,0.13611271284148868,0.14894183775273986,0,0,,2.271983354756401,0.3053463184557603,혼재형 (상권+거주),0.038537149988971287,유지/변동,0.137303698217983
11170520,용산구,용산2가동,39,202301,202603,2.168035585877229,1.289167486419642,-0.05746173129403929,7492.74717948718,5938.35,0.4595661079892105,0.38229286233439835,0.1578556710318629,0.14350956073656823,0,10,154.0,0.9702245632556106,0.3345980290456432,혼재형 (상권+거주),-0.11243937022712558,하락,0.12750791145688145
11350612,노원구,하계2동,39,202301,202603,0.4288972251711199,1.0489009184401226,-0.029806136964736704,4492.655897435897,3716.7700000000004,0.25925259853237154,0.25184593420160173,0.2104366092608929,0.23283926635223592,39,0,218.0,-3.1782492628186945,0.05509981167608286,방문성 검토,0.29940007758898235,유지/변동,0.12135047966537194
11470560,양천구,신월1동,39,202301,202603,0.5856797005904125,0.7691042679916567,-0.023428201537452235,5482.079487179487,5378.25,0.25691440044818425,0.23225920961261412,0.21095850141505415,0.21213591781713384,39,0,267.0,-1.1869432332240621,0.12679943100995733,방문성 검토,0.2271365151667566,유지/변동,0.11122398814211776
11620630,관악구,남현동,39,202301,202603,1.2443803697391569,1.0150386758245373,-0.015300457861018529,14925.182307692306,13545.02,0.4138347948815296,0.37288968015225,0.17844989713573386,0.17932420919275127,0,0,223.0,2.676863792375974,0.3951742249551627,혼재형 (상권+거주),-0.16674310401342085,유지/변동,0.10267774258774076
11380560,은평구,구산동,39,202301,202603,0.7560632768977467,0.9807620987692667,-0.0176586641696949,9671.655128205128,10071.19,0.24293859256385408,0.21900971031287725,0.1961958997404351,0.1960364167491627,39,0,230.0,-1.7016075583709545,0.09090463348860015,방문성 검토,0.015471691035818358,유지/변동,0.09686450354779888
11215820,광진구,자양1동,39,202301,202603,1.1737255342397312,1.4221414988968872,-0.02183066043069691,13854.286923076925,14112.14,0.3892979143018974,0.37522417640679084,0.16990717532751887,0.17262867290148765,0,0,126.0,2.052198606794165,0.3251638006777959,혼재형 (상권+거주),-0.16304358741834246,유지/변동,0.06981536619401874
11230720,동대문구,휘경1동,39,202301,202603,1.355546278635025,1.7540650168068121,-0.027546157397859077,9623.508717948716,10502.87,0.39879352912308963,0.40130131289013504,0.20588098863678758,0.20392045221925054,0,0,72.0,2.121008473815244,0.3788869283928834,혼재형 (상권+거주),-0.2175626392604264,유지/변동,0.04664121938376753
11230570,동대문구,전농2동,39,202301,202603,0.9551166657729784,1.5343399200489096,-0.03716162693237338,8356.143846153846,10735.19,0.3034476119897024,0.3214505051339843,0.16024221901801902,0.135379066416151,39,0,106.0,-2.017431730303113,0.08318156682027651,방문성 검토,0.12167762389917991,유지/변동,0.04556624752017885
11590540,동작구,상도2동,39,202301,202603,1.5725364326567786,1.864624056767266,-0.025544878449733802,12157.187435897436,15131.050000000001,0.3230534157634372,0.32306059132852816,0.19114847555812753,0.1753176415384259,39,0,54.0,0.565556813923007,0.2229864785420341,방문성 검토,-0.34671774944541056,유지/변동,0.033981034227420714
11710570,송파구,오금동,39,202301,202603,0.9388468407636478,0.967331867019813,-0.015312680575275767,13788.246666666666,14361.21,0.2441935589273939,0.2223203865324208,0.1798814141660014,0.16896069342346504,39,0,237.0,-2.041569748664346,0.06971514398176921,방문성 검토,-0.08986209968860903,유지/변동,0.015705772599361234
11650581,서초구,반포4동,39,202301,202603,1.2995875331725646,0.9970471672974711,-0.027016990178966416,38876.55051282051,32184.64,0.3220593158963055,0.27920999993320056,0.0590256615352213,0.062250191395647116,39,0,225.0,-2.366601193722893,0.08857709987463436,방문성 검토,0.0014893051875368712,유지/변동,0.0013713953078549612
11440630,마포구,신수동,39,202301,202603,1.3535961798502605,1.3101565631591794,-0.02982224003166583,10312.959743589743,8535.28,0.33767579766525757,0.2948605098173065,0.16232731448609622,0.17638320008248118,39,0,149.0,0.3952651074254794,0.2253800547278808,방문성 검토,-0.0635559629782736,유지/변동,-0.024825751671379126
11680720,강남구,일원본동,39,202301,202603,0.047959354674211155,0.34313423794186315,-0.013743962257958512,9616.802051282051,10277.58,0.2373767643317943,0.23363058535286868,0.12906195292357164,0.11880520511637953,39,0,319.0,-3.1555377758223426,0.05644457432300799,방문성 검토,0.2997747798639522,유지/변동,-0.02697487511686414
11410520,서대문구,천연동,39,202301,202603,0.6181252177168174,1.3665267584556458,-0.03401052127247166,4709.879230769231,5769.87,0.27474651505691167,0.27442313957608516,0.2064365070972102,0.2067966869270885,39,0,138.0,-1.2113810375330067,0.15303745928338763,방문성 검토,0.19062995237393987,유지/변동,-0.030685603184925525
11740515,강동구,강일동,39,202301,202603,0.5544109509051071,0.6679229530940898,-0.01595999914972643,10639.525384615385,9898.21,0.23461496197626558,0.2097221462989636,0.18250521595742397,0.18659232325844774,39,0,285.0,-2.2021646598066087,0.07305486024196914,방문성 검토,0.10048246235257596,유지/변동,-0.0428824115406789
11590660,동작구,대방동,39,202301,202603,0.7735834085646961,0.5863139592519984,-0.01997886287626257,14542.788461538461,14065.14,0.29942194870271227,0.261621340499808,0.2107939178419109,0.20551732865794442,0,0,,2.002237860358556,0.3028095667870036,혼재형 (상권+거주),0.1258539655011679,유지/변동,-0.07826720453072372
11200620,성동구,금호4가동,39,202301,202603,0.7255004495155918,0.9858645254748124,-0.026261517646764976,5280.540769230769,5028.15,0.2784619564280035,0.26009506532443405,0.1971076199281707,0.1998408957568887,39,0,229.0,-1.8649836437652956,0.13124778537079218,방문성 검토,0.12079682081467835,유지/변동,-0.11359799262174014
11260690,중랑구,신내2동,39,202301,202603,0.43408765739164284,0.7547761383989967,-0.01780723970440642,5908.574871794872,5470.26,0.2508157314103047,0.23191823299424855,0.1905433737832841,0.19678772124176913,39,0,270.0,-2.198246352694255,0.07793743372216332,방문성 검토,0.11992104804458947,유지/변동,-0.1252961036651595
11350625,노원구,중계2·3동,39,202301,202603,0.6759940844283603,0.7577200457361534,-0.012199704457530275,9699.248461538462,9561.74,0.23800081279866517,0.21421002472824247,0.18937516569122756,0.18299598190287542,39,0,269.0,-1.836742869059201,0.07581912266258967,방문성 검토,-0.046206002124808854,유지/변동,-0.1373464515252661
11305660,강북구,인수동,39,202301,202603,0.3898992425866881,0.6867791859419813,-0.022679206852595807,7569.447692307693,7749.84,0.22418467330608832,0.20523527598491131,0.19593296861787401,0.1975537559485099,39,0,282.0,-1.0162978516893924,0.12137358291589771,방문성 검토,0.23074230354574776,유지/변동,-0.14741142238528437
11110550,종로구,부암동,39,202301,202603,0.21569171905727438,1.2402161568241468,-0.03817762278259675,5613.471538461539,7995.400000000001,0.2965308917958089,0.3555990822044351,0.12746246112052587,0.09177402006153537,39,0,169.0,-1.0486228774460415,0.20779094076655052,방문성 검토,0.37694471900739757,유지/변동,-0.16732553539370554
11710532,송파구,거여2동,39,202301,202603,0.6054579923740955,0.7471636596774209,-0.02433501817727062,6661.106666666667,7023.82,0.2661397437924041,0.2477100166778287,0.19496938365353228,0.1827481342061727,39,0,273.0,-1.8465756459256863,0.10364583333333333,방문성 검토,0.1762405337824403,유지/변동,-0.17516410183940018
11380632,은평구,신사2동,39,202301,202603,0.5599081605082883,0.6407764865106452,-0.02584273537048727,4942.233846153846,5131.56,0.26060941542689336,0.22793773727967723,0.2185836169965499,0.209365183297087,39,0,287.0,-1.4809640621627014,0.1374113407927176,방문성 검토,0.24457333384204372,유지/변동,-0.18135432746452185
11260600,중랑구,중화1동,39,202301,202603,0.8619624047406188,0.9711441140706932,-0.02231131278997727,6064.054102564102,6423.17,0.271042066316859,0.2580507659160238,0.20002745239123326,0.18036265582259228,39,0,234.0,-0.9877374815576515,0.12976107429368677,방문성 검토,0.003675449640594408,유지/변동,-0.18260763168215427
11110640,종로구,이화동,39,202301,202603,0.4820526124330746,0.8560565603740804,-0.03043973375450482,26491.271538461537,59507.63,0.4312986135593236,0.4250640335790389,0.06156294835088532,0.04082837780634182,0,0,261.0,2.5619255461280472,0.4273459119496855,혼재형 (상권+거주),0.2791457322991935,유지/변동,-0.19070162965864113
11710631,송파구,가락1동,39,202301,202603,0.8975311952144682,0.7410284380984655,-0.017811128155063933,13042.66282051282,11344.65,0.2636863732724489,0.22704793751255858,0.15977773091162936,0.15750596095957126,39,0,275.0,-2.04949978840564,0.08752449799196788,방문성 검토,-0.017819606663501908,유지/변동,-0.19221838714701162
11620525,관악구,보라매동,39,202301,202603,0.5816084759911366,0.9452618235799302,-0.023894898624413345,10183.129743589743,9646.75,0.3533925443897699,0.3487628846225458,0.19137971408341703,0.1970622230284811,0,0,243.0,2.276514153930804,0.3523279990655297,혼재형 (상권+거주),0.11164148223433301,유지/변동,-0.196267537406791
11140665,중구,동화동,39,202301,202603,0.3109315792366209,0.5916398415134685,-0.02437706863666191,4383.860512820513,4545.95,0.2892761117236855,0.280242962100822,0.1529753645797119,0.14115201443042708,39,0,292.0,-2.471558056980614,0.10731582786287382,방문성 검토,0.28769113178268413,유지/변동,-0.24011693693824732
11710670,송파구,잠실2동,39,202301,202603,0.8566659714835334,1.267464481310381,-0.04028672546732288,17598.683846153846,22345.15,0.2805778156500866,0.30608326998020646,0.11964083986310364,0.08553489235919204,39,1,161.0,-2.6773577896607943,0.05932771867612293,방문성 검토,0.17451018664529871,유지/변동,-0.2596214699286963
11620645,관악구,서원동,39,202301,202603,1.3790202793870903,1.2478773762186584,-0.023739604759413224,18342.334871794872,16707.12,0.5120576830955067,0.4939940255153015,0.22866869205785284,0.22420441105349098,0,0,167.0,5.159936900416741,0.5522457209427368,혼재형 (상권+거주),-0.21692846868842164,유지/변동,-0.27920226179291596
11200590,성동구,금호1가동,39,202301,202603,0.5988103276651779,0.836772231951419,-0.02079402356911675,5378.842307692308,4875.84,0.26972126899150217,0.23484668959338786,0.18858717676372524,0.20368797991730656,39,0,263.0,-2.1445262585548357,0.11086369770580297,방문성 검토,0.061571926231223095,유지/변동,-0.29798649234582714
11650652,서초구,양재2동,39,202301,202603,0.8155363392774165,1.2143093898366195,-0.03252127099159655,28818.325897435898,31944.75,0.33324409524853926,0.3447330113929513,0.08739585822285129,0.08075724493070066,39,0,178.0,0.9684396648471709,0.2878946666666667,방문성 검토,0.09103910513437086,유지/변동,-0.306826184626463
11680750,강남구,수서동,39,202301,202603,0.5005545569639888,0.40270540313368275,-0.011791232048119368,12725.964615384615,14820.7,0.2948424541590187,0.26258231664266274,0.09409242876363688,0.07432374989035605,39,0,312.0,-2.1151523188471915,0.12939192777482741,방문성 검토,0.058084854008353726,유지/변동,-0.31214612646941553
11320690,도봉구,방학1동,39,202301,202603,0.5216347185304512,0.6905020311148673,-0.018302255725251116,9706.306923076922,9481.380000000001,0.251802899861419,0.23589776763222225,0.1733865898187475,0.16479457631694963,39,0,281.0,-1.0027820441177726,0.11398216735253772,방문성 검토,0.07869700269124236,유지/변동,-0.3155643772106983
11440590,마포구,용강동,39,202301,202603,1.0264545515843624,1.2894002310765917,-0.02504876195108945,10506.476153846153,12988.46,0.30632599855797454,0.3004125553568244,0.1368914885944881,0.11623625895602713,39,0,153.0,-0.6679451514300659,0.1805497664390945,방문성 검토,-0.12095199950729763,유지/변동,-0.3224766836560427
11680531,강남구,논현2동,39,202301,202603,1.2097076266142093,1.3904121629270523,-0.028381291360631892,40533.28307692308,50268.21,0.46955547893307314,0.4685665649678512,0.0784095729692169,0.06327139955848836,0,0,129.0,2.7811779052518046,0.40818101040873317,혼재형 (상권+거주),-0.14501618520972803,유지/변동,-0.33004920190938436
11590550,동작구,상도3동,39,202301,202603,0.7916667604776904,0.9757899331844828,-0.030275153735787076,7396.121282051282,7657.1,0.31871071525679706,0.2966039159572527,0.22652403687230085,0.22611824319912235,0,0,232.0,1.5859289083370638,0.28996384490711885,혼재형 (상권+거주),0.11721495329169596,유지/변동,-0.3580012290397576
11710561,송파구,방이1동,39,202301,202603,0.2621256340804244,0.342264183033652,-0.014678487023683462,8447.878717948719,7712.5,0.25722276577668673,0.22369401848720483,0.14588299861233706,0.15356888168557536,39,0,321.0,-1.1459100147821542,0.15662575318009372,방문성 검토,0.17545651754610322,유지/변동,-0.37603145876796185
11320670,도봉구,쌍문2동,39,202301,202603,0.3108954916018197,0.4147436156434864,-0.021850243537112454,7168.1871794871795,6596.2,0.2551228739196105,0.22305076584302247,0.1686415619120733,0.17286922773718202,39,0,309.0,-1.2890737994831525,0.1244727131481841,방문성 검토,0.2619476641771227,유지/변동,-0.3861421030499762
11545630,금천구,독산3동,39,202301,202603,1.1895459412275011,1.250039445709333,-0.03315429551449158,6143.782820512821,5760.33,0.31154526848623293,0.274305347219246,0.21394191910662413,0.21813333611095198,39,0,165.0,0.27325377853700633,0.20100823761457245,방문성 검토,-0.029215065546734253,하락,-0.3867253908852127
11410555,서대문구,북아현동,39,202301,202603,0.8016183578194124,1.4388161334777443,-0.05249329442108809,4362.405128205128,5261.3,0.30112763190772757,0.296329630879155,0.19892845412197627,0.18781859996578792,39,0,125.0,-1.2493996625415897,0.15981530343007916,방문성 검토,0.3477121244284167,유지/변동,-0.41216682007058525
11305575,강북구,삼각산동,39,202301,202603,0.1512476981854306,0.6923021821565514,-0.021236390186401978,6452.098717948718,7864.06,0.218915385347186,0.21973706637607054,0.19921394028846587,0.18719592678590954,39,0,280.0,-3.208453903388434,0.042691425293948954,방문성 검토,0.2054716928104704,유지/변동,-0.4171994860683367
11140670,중구,황학동,39,202301,202603,1.0154109446333957,1.2254441832974714,-0.02919217156478595,7952.62282051282,7320.27,0.38195375767236867,0.36474055546143963,0.1919277505111017,0.19944619529061086,0,0,174.0,1.8917606958662285,0.38298561151079136,혼재형 (상권+거주),-0.05410646813094511,유지/변동,-0.43443863765464
11380580,은평구,응암1동,39,202301,202603,0.8257010237737702,0.884267704808542,-0.021174506796575353,12996.594358974358,12439.960000000001,0.28825644105885867,0.27066156295371047,0.18578587222520473,0.18249335206865616,39,0,253.0,0.8388520539554769,0.2441925262237762,방문성 검토,-0.04052899891032968,유지/변동,-0.4373487359158827
11500520,강서구,등촌1동,39,202301,202603,1.2232104165786264,1.2478156845309272,-0.018869598069024256,17789.08435897436,16149.57,0.417056507560752,0.39484342757669705,0.17300848390744425,0.17783197942731602,0,0,168.0,2.6954006078281205,0.38737027954879844,혼재형 (상권+거주),-0.29664516742045866,유지/변동,-0.44106208375484046
11410690,서대문구,남가좌1동,39,202301,202603,-0.34319929410480976,0.3613997306409993,-0.02777458466722937,4185.03358974359,4625.64,0.23809667603759366,0.23650799899990135,0.18397599653547847,0.18730813465812296,39,0,316.0,-3.0558737283806257,0.09189058429475251,방문성 검토,0.5433158981764903,유지/변동,-0.4470683556178905
11650590,서초구,방배본동,39,202301,202603,0.5677078052488035,0.8871299657744962,-0.022885278407381505,7454.01,7693.41,0.25768112160867684,0.2449685885046345,0.17139264233400667,0.16544939110225504,39,0,252.0,-1.8528186706394363,0.12126666666666666,방문성 검토,0.05541552419581952,유지/변동,-0.4494773694671109
11260550,중랑구,면목5동,39,202301,202603,0.4854628596660639,0.9688811993032611,-0.03151910034758721,4230.176666666667,4050.34,0.2633544554781705,0.2379331047017509,0.21216805708988262,0.23009920154851196,39,0,236.0,-1.3998949308424466,0.16383328686925006,방문성 검토,0.19823354175892915,유지/변동,-0.46705052680795434
11290725,성북구,월곡2동,39,202301,202603,0.3191236155277309,0.8361025038209997,-0.024769836233691393,10822.094871794872,14302.83,0.30993467072167713,0.34285054745754706,0.16469674709854124,0.1286668442538994,0,0,264.0,1.5858515371371296,0.3045011021307862,혼재형 (상권+거주),0.1643671256791399,유지/변동,-0.4757828891668392
11215780,광진구,능동,39,202301,202603,0.7146492256841339,0.9440092147181738,-0.025176263835065535,13903.66641025641,14768.960000000001,0.428281146322264,0.434896400794824,0.135185361594669,0.12012694191060169,0,0,244.0,2.775905088718794,0.45253639532499484,혼재형 (상권+거주),0.02779319899701793,유지/변동,-0.4931736739723314
11590605,동작구,흑석동,39,202301,202603,1.4171485988078498,2.085504795681838,-0.04676640570788078,21689.31358974359,31976.77,0.37633572566923845,0.42622639439627624,0.1358585427372833,0.09825664068009371,0,3,30.0,1.3039345743724349,0.23012316367413563,혼재형 (상권+거주),-0.24128479446038176,하락,-0.5313738454546717
11410615,서대문구,연희동,39,202301,202603,0.5368299240358705,0.6897377827201288,-0.01839600503805197,24109.325384615382,24098.239999999998,0.3892195625206397,0.3713020201691812,0.16072177890660605,0.1681956856600316,0,0,,3.4249578832738936,0.42504511227189473,혼재형 (상권+거주),0.022087155610425846,유지/변동,-0.5456112116494943
11545620,금천구,독산2동,39,202301,202603,0.9907445439309793,1.2789000325170694,-0.036564123648323114,4570.98435897436,4701.860000000001,0.30689750372966684,0.2892533816954124,0.21895443199630152,0.2139685145878439,39,0,159.0,-0.8690576445060743,0.14586846543001686,방문성 검토,0.03642991633510184,유지/변동,-0.550430534289547
11290685,성북구,길음2동,39,202301,202603,0.5307011676648058,1.0812105151942575,-0.025800900182794784,8833.01641025641,10001.57,0.26075009283493333,0.28198425985394376,0.16076189874905947,0.14684294565753175,39,0,214.0,-1.9211012709591793,0.11638132295719844,방문성 검토,0.03424227668284585,유지/변동,-0.551700693942113
11470510,양천구,목1동,39,202301,202603,0.8763358634676419,0.7415420449851501,-0.018848871879031844,18127.375128205127,17569.2,0.2704214552003894,0.24426265952002496,0.13234974396531443,0.11785226418960451,39,0,274.0,-3.3276181767782984,0.04841495266079007,방문성 검토,-0.08091955466484257,유지/변동,-0.5589577552558109
11410685,서대문구,홍은2동,39,202301,202603,0.8084716136565168,0.9756545474742895,-0.02452461200791819,8855.267435897436,10390.72,0.28008630905540777,0.27163803902951156,0.18891360796450962,0.16217451726155646,39,0,233.0,0.3878104019624632,0.21003823634842872,방문성 검토,-0.038738083980064175,유지/변동,-0.5797166989546529
11530720,구로구,고척1동,39,202301,202603,1.5432460812676423,1.541428766690087,-0.022806102564856566,15970.00717948718,16979.06,0.32040530275567164,0.3029945477591706,0.14921622421153208,0.13328653058532097,39,0,104.0,-1.8795194627745346,0.08166586015001209,방문성 검토,-0.43644953535155495,유지/변동,-0.5843317060859212
11710510,송파구,풍납1동,39,202301,202603,0.18030071309642665,0.48383147920738756,-0.026006891198087204,3936.368205128205,3874.08,0.2578141876392944,0.24369375234709226,0.19836770122274433,0.19199655143930947,39,0,301.0,-1.8613131484443055,0.13113797313797312,방문성 검토,0.29962101503263017,유지/변동,-0.5938954144289572
11650580,서초구,반포3동,39,202301,202603,0.7198782993276658,0.8749153914128971,-0.020749817928114356,12437.27,10699.69,0.25055078025619026,0.2328171098987347,0.14533639814800242,0.1542586747840358,39,0,257.0,-2.9866806508457375,0.06687389770723104,방문성 검토,-0.05402879679025441,유지/변동,-0.597154053335182
11215860,광진구,구의2동,39,202301,202603,1.072715878967938,1.2698577867597967,-0.023215376154574578,9665.668461538462,9874.52,0.2688960224484977,0.24970306018073057,0.18237675027452008,0.1780005509128545,39,0,160.0,-0.8886249523919327,0.15589229894856493,방문성 검토,-0.2308312496713134,유지/변동,-0.6252212768701759
11305635,강북구,수유3동,39,202301,202603,1.4322437371979517,0.842123269428509,-0.03135848294587056,16678.67794871795,14202.74,0.36578118338600724,0.31613511679272904,0.20601166740246363,0.18995489602710464,0,0,262.0,2.0417834365426235,0.32112696335078533,혼재형 (상권+거주),-0.07158579280170763,하락,-0.6659020535848392
11530770,구로구,오류1동,39,202301,202603,0.6836680651533246,0.9289896755822391,-0.025029812455827197,10451.89794871795,10460.45,0.367051297381708,0.36206804648116847,0.19667617879196028,0.18503984054223285,0,0,247.0,2.25406509103878,0.3271316183816184,혼재형 (상권+거주),-0.0036459208444541424,유지/변동,-0.6701247926448464
11410710,서대문구,북가좌1동,39,202301,202603,-0.10582276398585339,0.43247399028171707,-0.028114307571943168,4502.193846153846,4441.969999999999,0.22361960386921426,0.2026792904808076,0.2067040286061183,0.22446347003694309,39,0,307.0,-2.622774717874887,0.08550936056406516,방문성 검토,0.4106868507368693,유지/변동,-0.6711690672882136
11710531,송파구,거여1동,39,202301,202603,0.1713050154480858,0.3407313909118218,-0.0249950216260052,5035.742307692308,4816.87,0.257715910031496,0.22478319059814383,0.18642527030564474,0.18902523838094032,39,0,322.0,-1.7719495762130408,0.13112218741099402,방문성 검토,0.30480044207362034,유지/변동,-0.6875322911541588
11620565,관악구,성현동,39,202301,202603,1.1858762084793442,1.2318361854996167,-0.025879030138693228,7147.86358974359,7172.71,0.2559115322701574,0.2259725514003587,0.23360681537177563,0.23042755109296206,39,0,172.0,-1.5879553786884126,0.10378734963135429,방문성 검토,-0.22302399595863798,유지/변동,-0.7037115100997724
11410660,서대문구,홍은1동,39,202301,202603,0.7648748638634054,1.2635427103933032,-0.02696486975403422,5940.64282051282,6233.67,0.2500286549141775,0.24303517646714817,0.2205043232178329,0.22289919100626115,39,0,162.0,-1.381870419591877,0.12692187500000002,방문성 검토,-0.10450803152152499,유지/변동,-0.7263567349993835
11620625,관악구,인헌동,39,202301,202603,0.9235890632292985,1.1600453255688326,-0.035575228739573354,13274.211794871795,13305.720000000001,0.4106145130776658,0.3954749767498264,0.22430613977512623,0.23206635943038031,0,0,197.0,3.68747209122122,0.4870552036199095,혼재형 (상권+거주),0.026119144785520465,유지/변동,-0.7480187583942614
11110515,종로구,청운효자동,39,202301,202603,1.0606174412045706,1.0997712390745407,-0.028902922762913084,11998.74923076923,11623.16,0.3657879227510794,0.3394942676993599,0.07264060527483669,0.07350926942414972,39,0,210.0,-0.8881346013252057,0.19387339392040112,방문성 검토,-0.10955852802714583,유지/변동,-0.753341248058829
11740530,강동구,명일1동,39,202301,202603,0.41623256454792557,0.6104441952191799,-0.03433381870085729,10541.205897435899,9481.56,0.23627138030785283,0.21740239997523672,0.17259130733913994,0.1766650213677918,39,0,290.0,-2.5321988072843173,0.07041967934611758,방문성 검토,0.30084044794450815,유지/변동,-0.7660840596307892
11350720,노원구,상계10동,39,202301,202603,0.9636566088547784,0.9946720572035175,-0.021566415838486962,6580.252051282052,6408.01,0.30760588787581866,0.2817014777874687,0.18028674440850304,0.16648226204391064,39,0,227.0,-2.0310141327764994,0.08766522312182262,방문성 검토,-0.18245660827741883,유지/변동,-0.7699722016399557
11470570,양천구,신월2동,39,202301,202603,0.17568625016841677,0.40773732185954803,-0.028434940712680885,4128.127435897436,4530.85,0.25523134751349624,0.23625691169507826,0.208507048014341,0.1924186410938345,39,0,310.0,-2.7366610945277827,0.07283689184459223,방문성 검토,0.3086134520673576,유지/변동,-0.8334965833321506
11215730,광진구,군자동,39,202301,202603,0.6724389950754583,1.0855602844262604,-0.024984512339856366,17266.086666666666,24428.27,0.469212972627014,0.5061277285023961,0.1545586414536382,0.11083961328411712,0,0,212.0,4.0740315093019355,0.45346923150540724,혼재형 (상권+거주),-0.0877498877965599,유지/변동,-0.8400622131384985
11410700,서대문구,남가좌2동,39,202301,202603,1.1017030488044968,1.2038783352501299,-0.03411951994450478,12818.817435897436,18204.13,0.3355081789953027,0.3390429870434877,0.18378674548296464,0.13125483063458676,39,0,179.0,1.1936404748275333,0.25015309973045824,방문성 검토,-0.08224350210829057,하락,-0.8406992625695
11200790,성동구,용답동,39,202301,202603,0.2423086326111378,0.5321469428904066,-0.02164840708275035,8796.036153846153,10550.83,0.34840952908502426,0.3508839084660795,0.1837550014603068,0.16127072467284564,0,0,,2.453264394329433,0.3905724444444445,2030 자취/거주성 높음,0.12899316095811653,유지/변동,-0.8666371318485466
11470550,양천구,목5동,39,202301,202603,0.07174404211586252,0.3593266892257749,-0.015248388007969479,12323.326153846154,13194.8,0.20055204308206556,0.18806212828839347,0.159330481940721,0.15551959862976325,39,0,317.0,-3.3668375993026305,0.04211553891414817,방문성 검토,0.10858287349137768,유지/변동,-0.8988287351851292
11305534,강북구,삼양동,39,202301,202603,0.6679462358590817,0.9657706751122197,-0.022975082542680488,6077.463076923077,6442.030000000001,0.23571858381876742,0.21898304232043442,0.22269224686640593,0.22000673700681303,39,0,238.0,-1.3998293984443944,0.10515248065543922,방문성 검토,-0.10890089658543811,유지/변동,-0.9380743301478824
11140540,중구,회현동,39,202301,202603,1.09379028713029,1.1796048880467038,-0.028645902108826067,33694.153333333335,38506.79,0.3631378784809497,0.3473699574722746,0.030999860541580677,0.02330627923023446,0,0,190.0,0.20857481302723135,0.3176574307304786,혼재형 (상권+거주),-0.19070903292134544,유지/변동,-0.9401769904652555
11305603,강북구,번2동,39,202301,202603,-0.15480244651282835,0.2070077513420031,-0.026779999052702508,3859.245384615385,3910.02,0.229868572778003,0.22001730869002029,0.19496727915214834,0.1886435363501977,39,0,332.0,-2.0009539288992015,0.10644548593981253,방문성 검토,0.40116845972295756,유지/변동,-0.9526458845603847
11230750,동대문구,이문2동,39,202301,202603,0.5402146197118342,1.0227036436017285,-0.030335646596606883,4819.875897435898,4927.29,0.2462931663382777,0.24979417400914555,0.21971542554322987,0.21045442829628458,39,0,221.0,-0.7676259256801563,0.15863636363636363,방문성 검토,0.027184699672214596,유지/변동,-0.9747129779750466
11350570,노원구,월계2동,39,202301,202603,0.4167330526859052,0.7117190333220742,-0.023972030798212588,6574.159230769231,8926.61,0.24987549816543878,0.25503747446156805,0.1840481542912248,0.14258380280980124,39,0,277.0,-2.1291431161992076,0.08862650226314969,방문성 검토,0.0364043631961557,유지/변동,-1.0026926017244446
11620745,관악구,삼성동,39,202301,202603,0.09066192829415713,0.7530553629982824,-0.029660866022420594,4700.464358974358,5218.26,0.22631176920872534,0.20773518228869134,0.20723949773784417,0.22872949987160474,39,0,272.0,-1.505115313853943,0.1133564645726808,방문성 검토,0.20917691402127525,유지/변동,-1.0099924445472939
11230705,동대문구,청량리동,39,202301,202603,0.4015873770858706,0.6761582059756996,-0.027964845527582466,8483.314871794872,8896.89,0.2465139960034542,0.23597124706391592,0.15760910577154827,0.15274213798304803,39,0,284.0,-1.1118222315211528,0.13126254022335795,방문성 검토,0.11454205020661767,유지/변동,-1.0250403170453166
11140645,중구,청구동,39,202301,202603,0.9066936576541657,0.9510165766070471,-0.027884719522299324,4332.699230769231,3781.73,0.30296339092968366,0.28449782398543555,0.1948694081933437,0.18405597438209495,39,0,242.0,-1.0581903954964067,0.16593253012048192,방문성 검토,-0.10604640840098045,유지/변동,-1.027621835413676
11530790,구로구,수궁동,39,202301,202603,0.4183116145608544,0.5299556868071854,-0.024204167236792324,6603.669230769231,6508.07,0.23748407624505946,0.2139392337586431,0.20019904495354357,0.19124410155391694,39,0,298.0,-2.2070568595389384,0.0790253838921968,방문성 검토,0.07974520625576809,유지/변동,-1.061667791562391
11500570,강서구,화곡4동,39,202301,202603,0.6821176831541643,0.8980763516315765,-0.025438631422723103,5203.693846153846,4402.58,0.2709893292213444,0.25541110723706767,0.20949439484271812,0.2205615798009349,39,0,250.0,-1.2502306182465834,0.14555358295674628,방문성 검토,-0.08136021087965284,유지/변동,-1.0695569202864326
11680650,강남구,역삼2동,39,202301,202603,0.5661804128132093,0.8253581789059445,-0.02865512832261166,30548.468205128207,39027.58,0.34198890550609107,0.35610844142483233,0.10373275750864139,0.07668679431314983,0,0,,1.787551889265943,0.3275640599001664,혼재형 (상권+거주),0.01899825918216891,유지/변동,-1.1037600591979286
11350595,노원구,공릉1동,39,202301,202603,0.5329930986994135,0.5542577113893972,-0.012778648028442625,18317.507435897438,19147.44,0.32855743021445616,0.3199039257710297,0.18127038539652346,0.16505078485687907,0,0,,2.4341794630797735,0.33069889013993886,2030 자취/거주성 높음,-0.16654457588245197,유지/변동,-1.1085653827713116
11380570,은평구,대조동,39,202301,202603,0.608142127788575,0.5261995914559112,-0.01750605236944253,14677.038461538461,18973.06,0.30090953935699094,0.2821619009023412,0.19347691810898945,0.15603861475165312,0,0,,1.7302681174453798,0.2993617671009772,혼재형 (상권+거주),-0.10480548361924003,유지/변동,-1.140550551748194
11545640,금천구,독산4동,39,202301,202603,0.7628553995020109,0.735251157129649,-0.023684104603867644,5597.364615384616,6194.71,0.28857159679257355,0.2713023956750753,0.19653887476796778,0.16351047910233085,39,0,276.0,-0.5605206893632053,0.15955950697110527,방문성 검토,-0.10852535120947004,유지/변동,-1.1672909862293597
11620605,관악구,은천동,39,202301,202603,0.8735201252525915,1.1475961139957584,-0.025470608507994073,11679.19205128205,12050.039999999999,0.3091441328182287,0.2936958218313007,0.20797535237005654,0.21521920259185864,0,0,200.0,1.5306453248174487,0.2729886332131966,혼재형 (상권+거주),-0.23096406568954997,유지/변동,-1.172797657112778
11170630,용산구,이촌1동,39,202301,202603,0.5487055017870571,0.7533178186562675,-0.0208245280836866,8507.134871794871,7796.84,0.24604062932976284,0.22093999897986363,0.170341283530865,0.18088097229133857,39,0,271.0,-3.5688904136048363,0.04160157716860683,방문성 검토,-0.10761082348688744,유지/변동,-1.1788817636408684
11470611,양천구,신월7동,39,202301,202603,0.04667748757152948,0.5914169545249418,-0.02659102199805005,4715.847179487179,4617.11,0.23978851532070827,0.21605892086357867,0.20008230613427289,0.21949011394573661,39,0,293.0,-2.6762252126626773,0.07406279200149504,방문성 검토,0.17078661453867539,유지/변동,-1.2015006047345302
11650560,서초구,반포1동,39,202301,202603,0.781673613957984,0.6155497471068965,-0.020390981509044843,17207.945128205127,19207.03,0.3366759911551536,0.3040329134466011,0.14217706452427267,0.12532234291298552,0,0,,1.5812362332981535,0.31461670788087304,혼재형 (상권+거주),-0.145296591553691,유지/변동,-1.2108264407230989
11200580,성동구,응봉동,39,202301,202603,0.3237239977468421,0.6171863101485743,-0.029281576708921068,3653.7428205128203,3790.2599999999998,0.24352260338024637,0.21772454965990773,0.22872588960679233,0.22690527826587095,39,0,289.0,-2.4215526051556218,0.09541231732776619,방문성 검토,0.12583323815875846,유지/변동,-1.2367840598290691
11620575,관악구,행운동,39,202301,202603,-0.1339462891109537,0.5705124739526255,-0.033462570279783804,11833.90358974359,12917.9,0.41147291997123503,0.41476401805993734,0.2382718741559326,0.26030469348733154,0,0,,5.233757585782774,0.5693179113359119,2030 자취/거주성 높음,0.3227515378941028,유지/변동,-1.2935284356473138
11290715,성북구,월곡1동,39,202301,202603,0.3673816347608017,0.5417661971368193,-0.024262020982773913,8706.665897435896,9250.82,0.2501026145637882,0.2450669092569859,0.15865288482656353,0.14107073751299884,39,0,297.0,-2.2347260459739346,0.07972286020517533,방문성 검토,0.030655388192287303,유지/변동,-1.3176952381913332
11500550,강서구,화곡2동,39,202301,202603,0.8164331662312231,0.9397863010741989,-0.03014561381992018,4205.449487179487,4422.61,0.28604713712968394,0.25163122391293463,0.2216370020301675,0.22218101980504723,39,0,246.0,-1.5263578997875693,0.13324781659388646,방문성 검토,-0.1086958185743021,하락,-1.3218490456068872
11530800,구로구,항동,39,202301,202603,0.26500272850193823,0.6656577680993905,-0.046463638273462046,4269.278717948718,4518.4800000000005,0.3093132285369691,0.2933435994850478,0.17409169651752288,0.16978275880384555,39,0,286.0,0.0,0.0,방문성 검토,0.401540233347495,유지/변동,-1.3298051503944266
11500641,강서구,방화3동,39,202301,202603,0.3053163699363415,0.5476753188390069,-0.022292340505889855,6115.544358974359,6671.8,0.2561413990423437,0.22804224376778642,0.18872321288902155,0.1841227255013639,39,0,296.0,-1.1956150309717228,0.14738612918584354,방문성 검토,0.008163205503989746,유지/변동,-1.3333473300014824
11410585,서대문구,신촌동,39,202301,202603,0.8191896388778416,0.8726910107816108,-0.025387379911573252,73435.46487179487,98169.33,0.5567717303337543,0.5660842576930926,0.10909842541425778,0.08048226467472071,0,0,258.0,5.965457932386967,0.550938928970633,혼재형 (상권+거주),-0.1814314206821006,유지/변동,-1.3634854006727497
11740540,강동구,명일2동,39,202301,202603,-0.6308974338050155,-0.20989146283076843,-0.0227082213115552,6193.673333333333,5725.94,0.19596358430484184,0.17391217191425667,0.16908412304243653,0.18369560281805258,39,0,353.0,-2.540985213187013,0.09096682951915659,방문성 검토,0.4828956491309322,유지/변동,-1.3795210807322
11650620,서초구,방배3동,39,202301,202603,0.05722918195018377,0.5493671369048018,-0.03026838584557312,6575.172051282051,8230.13,0.26582118692193546,0.25941572809878694,0.13239509536379176,0.12314021771223542,39,0,295.0,-2.386977639177756,0.09374875572367111,방문성 검토,0.1996909587823238,유지/변동,-1.3878594874441594
11680610,강남구,대치2동,39,202301,202603,1.064395192547345,1.1850328213483514,-0.04486811356031197,31512.60358974359,31133.66,0.3059837654640445,0.3027031431145999,0.07632951341219284,0.06692338774175602,39,0,187.0,-1.9654581370177548,0.08791448058761804,방문성 검토,-0.013833419735651775,하락,-1.4018047142792245
11710540,송파구,마천1동,39,202301,202603,-0.26618667813445424,0.4233591922343467,-0.04060861993475081,3512.5433333333335,3045.81,0.2326105099184605,0.22415572066953587,0.21521849007843125,0.24244453856281253,39,0,308.0,-1.70784774020341,0.11548923470475378,방문성 검토,0.49647512684388095,유지/변동,-1.4156476780953218
11380640,은평구,증산동,39,202301,202603,0.7566892251784129,1.0538912800816134,-0.034071628534482055,4858.963846153846,4560.99,0.2820726265196084,0.26703954313362605,0.2155322794076097,0.2179614513515706,39,0,217.0,-1.6364056945551808,0.13017810686411846,방문성 검토,-0.080912366877403,하락,-1.4167103693579641
11320700,도봉구,방학2동,39,202301,202603,-0.25120905991399783,0.1400697711340979,-0.021663049177971065,3994.5505128205127,3692.21,0.22361943221352049,0.18864861799243712,0.20629291868651045,0.22612473288355756,39,0,338.0,-1.7226606467775203,0.09337052631578947,방문성 검토,0.2321181537689183,유지/변동,-1.4900718732090945
11170690,용산구,서빙고동,39,202301,202603,0.490523167083674,0.45416774630186046,-0.026357877226172832,8083.095128205129,7630.75,0.2876893706785237,0.26597561630218,0.12466859285484488,0.10805621989974773,39,0,305.0,-1.4891526205089387,0.17557157569515963,방문성 검토,0.01794066635934477,유지/변동,-1.4922005486031331
11560700,영등포구,대림1동,39,202301,202603,0.2369128383102548,0.5801019804161582,-0.025761377581267498,4486.223333333333,5655.94,0.272218132991728,0.261524106156979,0.18915430288424018,0.1639815839630548,39,0,294.0,0.1243623147343511,0.22211860854987428,방문성 검토,0.033779363928386874,유지/변동,-1.516213112211958
11230545,동대문구,제기동,39,202301,202603,-0.28411884773304996,0.25698204676352665,-0.029491197122184853,15110.205897435899,17498.76,0.28185338805124627,0.30328790856209503,0.1601340574797673,0.14929057830383413,0,0,,2.2840245237106025,0.33479113573407204,2030 자취/거주성 높음,0.32568328053616913,유지/변동,-1.556625984029337
11140635,중구,약수동,39,202301,202603,0.7368414136238782,0.8798421745696714,-0.02588840263962673,4706.151794871796,5069.650000000001,0.29190077180140267,0.2613822559206911,0.1848366381554577,0.17966131784245457,39,0,255.0,-1.9085141799888121,0.1339586144849303,방문성 검토,-0.20271171434569224,유지/변동,-1.5760950246424128
11500603,강서구,가양1동,39,202301,202603,0.6186841120157369,0.43751864738269797,-0.018476380562955516,50890.99102564102,56123.1,0.4667431412294933,0.4526015936470246,0.1198139055013927,0.09717228734692133,0,0,,4.564749483286043,0.5369398020444588,혼재형 (상권+거주),-0.16947584634430202,유지/변동,-1.5840543887592378
11290770,성북구,장위2동,39,202301,202603,0.41042685015626634,1.20352143048058,-0.036392826400581335,4973.786666666667,6441.2,0.26547991958324735,0.281380903475062,0.18414063485208113,0.17534776128671672,39,0,181.0,-0.8667405170342207,0.1520254010695187,방문성 검토,-0.03483377260553322,하락,-1.6026371462915554
11305535,강북구,미아동,39,202301,202603,-0.038048870899979215,0.15936904903218108,-0.02168752849811836,9697.488461538462,8919.66,0.2891615672891516,0.27064620762268293,0.17201252262315503,0.1781289869793243,0,0,,1.57993280520352,0.30777186761229314,2030 자취/거주성 높음,0.1418146882322575,유지/변동,-1.6045896140747757
11320522,도봉구,도봉2동,39,202301,202603,0.035918732987052934,0.12226077243015271,-0.022213289043176022,7416.903846153846,7313.6900000000005,0.22034234069566894,0.19713694563328818,0.17719296724527414,0.165793190578217,39,0,339.0,-2.0764479663773336,0.08595515830934707,방문성 검토,0.14069887603786452,유지/변동,-1.6088890920506898
11710720,송파구,잠실7동,39,202301,202603,-0.15483798299000973,0.5295740570593875,-0.038258110129008344,4554.299743589743,6107.51,0.2807055011378426,0.30639057196491976,0.13187031822907572,0.09912714019297554,39,0,299.0,-3.2383137885203186,0.1023015873015873,방문성 검토,0.3429556476953913,유지/변동,-1.633158291362599
11290780,성북구,장위3동,39,202301,202603,0.07492185445934607,1.1740103340293668,-0.0426463970861207,3813.636153846154,4751.54,0.2724055186214078,0.28884688964093075,0.1810576859168141,0.1939476464472571,39,0,192.0,-1.693952080353064,0.1262624007936508,방문성 검토,0.1591792384621038,유지/변동,-1.660694800325238
11305625,강북구,수유2동,39,202301,202603,0.39994301081802786,0.4510233004699644,-0.021777865401321584,6467.740256410257,6525.98,0.23813863813985087,0.22483190955431742,0.19825732292157783,0.17724081287408178,39,0,306.0,-1.6610000945280523,0.10990032585777267,방문성 검토,-0.07980048291643194,유지/변동,-1.6802647000396769
11440600,마포구,대흥동,39,202301,202603,0.42166324740913663,0.5023297310925221,-0.019357391291371668,23819.232564102564,29799.11,0.4595984672618735,0.4469649721988484,0.11663692720919372,0.10202318122923805,0,0,,3.9614661763303767,0.4832020997375328,혼재형 (상권+거주),-0.14515194250319974,유지/변동,-1.691216369147184
11320660,도봉구,쌍문1동,39,202301,202603,0.45683360036267673,1.1612347594520562,-0.03387746042288305,6814.118974358975,8909.21,0.2665477075425082,0.3055464862810838,0.17440456409514082,0.13207007130823048,39,0,196.0,-1.1699788009339647,0.13277999335327353,방문성 검토,-0.10134365480501906,하락,-1.7002299853675722
11560630,영등포구,신길1동,39,202301,202603,-0.020617951271415677,0.13205207650800244,-0.021667542291361006,8890.672564102564,8828.5,0.34665481882524396,0.33140114534878484,0.214840292179655,0.21079005493571956,0,0,,3.3941820273583665,0.445735910258143,2030 자취/거주성 높음,0.11788620905576996,유지/변동,-1.7185701260815744
11530730,구로구,고척2동,39,202301,202603,0.044986887306711805,0.47597627786830843,-0.02956472167457694,4396.275384615385,4492.95,0.24144720266768546,0.22593896713615022,0.20264756188260494,0.20407082206568072,39,0,302.0,-1.7818092143107018,0.0849053694097855,방문성 검토,0.13442914161647423,유지/변동,-1.7188434775179178
11560690,영등포구,신길7동,39,202301,202603,1.144807841890234,1.2811211122922765,-0.02911508251644928,5731.654102564103,6744.030000000001,0.3003163568550464,0.27810238031321016,0.20118359967475255,0.18172368746876866,39,0,158.0,-1.560806245827378,0.1218916797488226,방문성 검토,-0.4103788679331388,유지/변동,-1.7189762253455185
11320710,도봉구,방학3동,39,202301,202603,0.027388175184860416,0.20415950294384544,-0.02806892022111316,5310.417179487179,5115.0,0.209838106518389,0.1887912267997174,0.21183161943472661,0.20656109481915932,39,0,333.0,-3.560716308619086,0.0365368722186904,방문성 검토,0.1843496171438126,유지/변동,-1.7586372231745702
11650660,서초구,내곡동,39,202301,202603,0.03772534521054812,0.617630835265286,-0.04116632186625548,10336.203333333333,13166.69,0.283108388007235,0.3169795449850956,0.09616802638076158,0.06007964036519428,39,0,288.0,-1.7420436017587835,0.12238583013230901,방문성 검토,0.2816799858120934,유지/변동,-1.772852504380404
11500604,강서구,가양2동,39,202301,202603,0.49268622393949063,0.7106399179214333,-0.027950829652956467,5421.26564102564,5114.0,0.2906040129563543,0.2619609988530882,0.18126897414382195,0.1885197497066875,39,0,278.0,0.14390913717669104,0.24743096973713274,방문성 검토,-0.09858837145514143,유지/변동,-1.77858053443168
11530530,구로구,구로2동,39,202301,202603,0.30696786532398235,0.37525201168813954,-0.02144650012282438,12369.369487179487,13728.11,0.28169758560900143,0.25884448959605466,0.12974447895493926,0.11527078381510637,39,0,315.0,0.5197710269850024,0.19873663322676663,방문성 검토,-0.06536064016258081,유지/변동,-1.7968474717631917
11350670,노원구,상계5동,39,202301,202603,0.3037822545917391,0.46108685962270657,-0.026303447667052764,5390.648717948718,5717.76,0.2415517867862131,0.20624964830037096,0.20796848093214435,0.2076722352809492,39,0,304.0,-1.1555142520231616,0.12328818392443415,방문성 검토,-0.007229020047894941,유지/변동,-1.8013134506173611
11560535,영등포구,영등포동,39,202301,202603,-0.08592346290539109,0.014264596800789509,-0.012328352181896653,53487.86820512821,48208.39,0.4434066325075393,0.42684196960900556,0.12455679915412791,0.1379579363675078,0,0,,5.436137554525891,0.5855185395652792,2030 자취/거주성 높음,-0.011544788396669947,유지/변동,-1.8079099575871358
11305555,강북구,송천동,39,202301,202603,0.21172351686752328,0.146207373542949,-0.017923835361821686,9013.100256410256,7667.05,0.22389187435023103,0.19666278234340379,0.16709105523021475,0.16149236016460047,39,0,337.0,-0.34776031475819724,0.1585157377995957,방문성 검토,-0.040916566326076764,유지/변동,-1.8325882679613552
11200550,성동구,사근동,39,202301,202603,0.25362851426381333,0.4744073540396516,-0.02090710723795126,26776.803589743588,39250.14,0.523071831362568,0.5478394753712489,0.13586810592320678,0.09249113506346729,0,0,,5.6672629807715955,0.5871760241098337,2030 자취/거주성 높음,-0.09929823392719506,유지/변동,-1.8386166847672718
11560710,영등포구,대림2동,39,202301,202603,-0.3269644115741262,0.6559769567580611,-0.04461790503064772,4203.2302564102565,4526.59,0.32203519733306724,0.32165982121285336,0.20999324870191038,0.23659089955131787,0,0,,2.15849676502196,0.34535358255451715,2030 자취/거주성 높음,0.3989905415537762,유지/변동,-1.9000379401936103
11620595,관악구,청룡동,39,202301,202603,0.5723563041158128,0.45551787542866506,-0.023804847697387933,31311.52794871795,27419.6,0.48475611477525776,0.4458741244185827,0.19756739115653274,0.21344512684357175,0,0,,5.909322440429031,0.6454271780360046,혼재형 (상권+거주),-0.15026693264586477,유지/변동,-1.9223487789266474
11680640,강남구,역삼1동,39,202301,202603,0.38435738740438147,0.2340740817836302,-0.020572387682664825,139068.33923076926,149226.81,0.5317449713766934,0.5160437785171462,0.07292298433012748,0.06203898615805029,0,0,,6.041550922688604,0.6298305376838236,혼재형 (상권+거주),-0.09385584783432677,유지/변동,-1.941227943582637
11110600,종로구,가회동,39,202301,202603,0.6157422295231983,0.14219406563706688,-0.035922093922353945,9153.049743589743,9431.16,0.4218287748352215,0.35701980023735297,0.03365822381722596,0.022981266355358198,0,0,,0.5736674818731987,0.3556928838951311,혼재형 (상권+거주),0.12603761099698252,유지/변동,-1.9783085494603332
11545710,금천구,시흥5동,39,202301,202603,-0.19253803108461007,0.1463273872646812,-0.03455299666513201,4512.472564102564,4508.349999999999,0.2388860960296813,0.21192428102701022,0.19083609515660738,0.19581665132476406,39,0,336.0,-1.326778110293933,0.11358505564387916,방문성 검토,0.31399527163787855,유지/변동,-2.0084025125956453
11470680,양천구,신정7동,39,202301,202603,-0.034097325497343636,0.10965029914395885,-0.017220810939529412,7884.129743589743,7391.91,0.20785584137441335,0.1778661290834874,0.1789119720099135,0.1847979750835711,39,0,342.0,-3.182548740601444,0.0521042654028436,방문성 검토,-0.019920497218916977,유지/변동,-2.0213136972011227
11545680,금천구,시흥2동,39,202301,202603,-0.2941962736235418,-0.07096055290582548,-0.02379147659348279,4629.404615384616,4331.07,0.21186103042538562,0.1914610884062039,0.207763851203608,0.20086491328932576,39,0,347.0,-3.2051335917907533,0.04986018237082067,방문성 검토,0.21733376296608264,유지/변동,-2.0215467660357325
11620665,관악구,서림동,39,202301,202603,-0.23891029110282366,0.40283508668955026,-0.03603983924260024,8611.623076923077,9370.18,0.4116725308688592,0.4150447969575188,0.24771417558788072,0.26258620432051466,0,0,,5.114685324862386,0.5754418181818183,2030 자취/거주성 높음,0.26818063944705584,유지/변동,-2.043419988926582
11680670,강남구,개포2동,39,202301,202603,1.0447316901284012,0.7965949357807163,-0.029693808841712906,11760.630000000001,10178.22,0.24011177700775768,0.1993923542579769,0.20418314005218213,0.20121789468099532,39,0,266.0,-1.9582126896386327,0.07379906122041346,방문성 검토,-0.30774122168791096,유지/변동,-2.048023594644255
11560670,영등포구,신길5동,39,202301,202603,-0.24021899724169501,-0.16191327892289276,-0.0261148595509577,3162.0892307692307,2623.06,0.262097173497016,0.2153823668034638,0.1829383648892751,0.19633557753158526,39,0,350.0,-0.7441389623412151,0.19502556818181818,방문성 검토,0.2538236423408916,유지/변동,-2.0881402736382086
11350624,노원구,중계4동,39,202301,202603,-0.3994925175671284,-0.18622556959286418,-0.017370056083549572,4884.792307692308,4785.49,0.20909275216862008,0.19748475169402693,0.18880918099283855,0.17508342928310372,39,0,351.0,-2.3211277731948674,0.08757312420517167,방문성 검토,0.15293571021888952,유지/변동,-2.0912701063999592
11470600,양천구,신월5동,39,202301,202603,-0.08066077298011211,0.40529211325158565,-0.025656334421116585,3763.7,3769.34,0.2581664564608728,0.23909121817056217,0.19790919007908833,0.20514466723617397,39,0,311.0,-2.0697786644811673,0.11404502721425037,방문성 검토,0.0306588309720226,유지/변동,-2.1063517777955107
11350665,노원구,상계3·4동,39,202301,202603,0.07652255486427897,0.27223384039174936,-0.024427147090659317,6334.084102564103,5894.4,0.20522158245789562,0.18729921672677585,0.20772146448900694,0.20927490499457116,39,0,329.0,-1.4316161206954088,0.11373055279708705,방문성 검토,0.004754499271127033,유지/변동,-2.1117626850014206
11590520,동작구,노량진2동,39,202301,202603,0.8979053519462514,1.1934721121872447,-0.03185422090474303,10872.320512820514,12777.449999999999,0.4128168619543098,0.4286470534362515,0.11527939978317939,0.0882335677306505,0,0,185.0,1.6548552723670218,0.33181069958847736,혼재형 (상권+거주),-0.37097925383755204,하락,-2.146088079869719
11620695,관악구,신림동,39,202301,202603,-0.2375744559059523,-0.15522425076591784,-0.01641818262001813,22572.355897435897,21581.96,0.5459879062823614,0.5320773044522296,0.21480419110732996,0.22140111463463005,0,0,,8.08394400108597,0.804471485119484,2030 자취/거주성 높음,0.06989710626671641,유지/변동,-2.148173433212892
11470580,양천구,신월3동,39,202301,202603,0.012074346194704143,0.32252228980977715,-0.03012815829465566,3291.7548717948716,3338.07,0.27492235096363177,0.25710212393633736,0.19878590834485607,0.19827025796343395,39,0,323.0,-1.5479925424818886,0.13925348452634068,방문성 검토,0.090458764669612,유지/변동,-2.1760934813336252
11470620,양천구,신정1동,39,202301,202603,-0.2943293753633919,-0.1877447552771102,-0.02151146526737219,5250.274615384616,5154.44,0.23285613401995028,0.20626200241138673,0.1730723944909966,0.16404691877294142,39,0,352.0,-3.457357464382873,0.0549622588761532,방문성 검토,0.16677490899056624,유지/변동,-2.215582097723887
11740550,강동구,고덕1동,39,202301,202603,-0.6437939485767173,-0.3010506659195178,-0.020508428886199543,5171.293076923077,5090.67,0.184350219057681,0.16200107689487672,0.19156913341043644,0.1976439250629092,39,0,354.0,-3.59998626995331,0.054512722035525686,방문성 검토,0.2673050280640783,유지/변동,-2.2610025550843806
11620545,관악구,청림동,39,202301,202603,0.20699603441732137,0.35496970387699966,-0.0496414652114423,2627.1833333333334,2409.42,0.2725696782377946,0.2399323646097223,0.2223432411283342,0.21909007146948228,39,0,318.0,-2.0972944769327473,0.10114559561843907,방문성 검토,0.34360356649352175,유지/변동,-2.2626018080169503
11470590,양천구,신월4동,39,202301,202603,-0.5013626858648106,0.044639418902818306,-0.032571233633875554,2863.1920512820516,2826.65,0.24241062877462527,0.23117777866832637,0.2010533181999663,0.20457431942405319,39,0,345.0,-2.956240838731201,0.05877170418006431,방문성 검토,0.33073289328729727,유지/변동,-2.2759343971854067
11710550,송파구,마천2동,39,202301,202603,-0.46197384735370545,0.046056666503296206,-0.030929313748663718,4200.454615384616,4126.21,0.21659536335481575,0.19748584501548314,0.20133266211249415,0.2128684676737248,39,0,344.0,-2.0340584240376485,0.0904659574468085,방문성 검토,0.2840769541619619,유지/변동,-2.3065772672945477
11305645,강북구,우이동,39,202301,202603,-0.13286226015907923,0.19899876895886498,-0.028872669351095098,7723.319230769231,6717.91,0.22310391291750425,0.20946711761839118,0.15169770414916295,0.16789001341190934,39,0,334.0,-1.6127455099775636,0.11572373696872494,방문성 검토,0.11092260680712579,유지/변동,-2.3193435749885403
11680656,강남구,도곡2동,39,202301,202603,0.11273229904499232,0.2766425522842244,-0.026026503791883662,11640.955384615385,13475.07,0.24369555577732777,0.23384828279893854,0.11879589571325916,0.09927072735058148,39,0,328.0,-2.985202781775814,0.05276450511945392,방문성 검토,-0.03103831435662696,유지/변동,-2.3328192266180063
11545700,금천구,시흥4동,39,202301,202603,-0.10807531502608334,0.2975760105944001,-0.03789412396253396,4021.508205128205,3803.4100000000003,0.22985187554144998,0.2109337651750013,0.21241618938746654,0.2186564162159746,39,0,324.0,-1.8377352049239961,0.08115516929205142,방문성 검토,0.21149539008804075,유지/변동,-2.399757390282739
11620615,관악구,중앙동,39,202301,202603,0.2559115761625797,0.5794327932845524,-0.03429339388793505,9454.731538461538,9960.59,0.4457136286387106,0.4267990808080765,0.21048360782534517,0.21836357083265145,0,0,,4.472003969341374,0.5540545891670202,혼재형 (상권+거주),-0.033168839900092895,하락,-2.401248025691687
11620655,관악구,신원동,39,202301,202603,0.4409587186857557,0.716935017899575,-0.03266152721605791,6595.946923076923,6817.44,0.422006237679422,0.3924607722867007,0.2467060115472613,0.25997295172381424,0,0,,4.041908951460701,0.4656250832112901,혼재형 (상권+거주),-0.15699662734877018,하락,-2.4213910242251244
11350621,노원구,중계1동,39,202301,202603,-0.5857884425028222,-0.5310517714834678,-0.016216365413441892,6984.386666666667,6676.58,0.18778846937762983,0.16497175141242937,0.16485739122411286,0.14993304955531125,39,0,364.0,-3.365657550809968,0.05320507117437722,방문성 검토,0.1922415384358579,유지/변동,-2.4866818555910015
11290575,성북구,동선동,39,202301,202603,0.18493178327568666,0.09966594463571177,-0.014577723680797888,19652.255128205128,21270.75,0.4594252461136847,0.4491448494911032,0.17284416717748236,0.149746012716994,0,0,,5.122909558326405,0.6025824244703523,2030 자취/거주성 높음,-0.2345387274471986,유지/변동,-2.497570678503063
11230536,동대문구,용신동,31,202301,202507,-0.021380719055051834,0.1717954801868431,-0.026355515331538914,25038.121612903225,25303.02,0.3229261861289601,0.32399008785485645,0.1652273296619695,0.16741124182014638,0,0,,3.215394101734295,0.4180347979474022,2030 자취/거주성 높음,,유지/변동,-2.511061075744178
11110580,종로구,교남동,39,202301,202603,0.13899288374223248,0.28205328913549993,-0.022431604571142495,6641.708205128205,6600.400000000001,0.28474242933922667,0.2736472900195273,0.11721735687422094,0.10051663535543301,39,0,327.0,-2.569219593111443,0.14956140350877195,방문성 검토,-0.1553672027752599,유지/변동,-2.5600537521786153
11110680,종로구,창신2동,39,202301,202603,-0.4435687522170869,-0.030611720391682473,-0.0344870152998964,2137.754615384615,1898.06,0.25168361609471407,0.23152211832382308,0.2022952006693129,0.21192691484989937,39,0,346.0,-1.2709678903794643,0.1600033478406428,방문성 검토,0.2915178246627337,유지/변동,-2.6093734213136086
11305615,강북구,수유1동,39,202301,202603,0.5954959718137436,0.2936626521147707,-0.0267964153607554,5482.428974358974,5606.22,0.25446263253469015,0.22586945853890839,0.20995261547944616,0.17557284587476055,39,0,326.0,-0.25666204278100013,0.1866397526198248,방문성 검토,-0.24326722254980016,유지/변동,-2.7103567298767683
11350619,노원구,중계본동,39,202301,202603,-0.8000729420384874,-0.35013080101276894,-0.018022466021646106,5709.922564102564,5057.7,0.17787988252055204,0.16324513656856315,0.17319243497228853,0.18489234236906102,39,0,358.0,-3.011196263002568,0.06073404255319149,방문성 검토,0.17100069491107184,유지/변동,-2.728938619812043
11110650,종로구,혜화동,39,202301,202603,0.10303154434840864,0.04938054224195154,-0.01677113394131337,25305.906153846154,25473.76,0.4832434108440455,0.45722425253433024,0.11468569491490016,0.11433098215575557,0,0,,4.908842613871819,0.561241466744685,2030 자취/거주성 높음,-0.233745357020819,유지/변동,-2.8115252909785537
11305595,강북구,번1동,39,202301,202603,-0.09818061739067262,0.005044172906996103,-0.024446559708427268,11604.825897435898,11317.460000000001,0.31669937977768703,0.29924181229995944,0.16070177625363483,0.15394090193382612,0,0,,2.1180468738402163,0.35085523012552305,2030 자취/거주성 높음,-0.052280544307631294,유지/변동,-2.890306018773834
11290620,성북구,정릉1동,39,202301,202603,0.1080845752357815,0.2940530302901667,-0.029151448981079225,3929.601025641026,4075.39,0.24679961723494784,0.22683587281708759,0.20660778386136874,0.1939863424114011,39,0,325.0,-1.336153430285234,0.13686653386454184,방문성 검토,-0.13087964330709811,유지/변동,-2.967256261707737
11530760,구로구,개봉3동,39,202301,202603,0.03847656944119372,0.19206192292825486,-0.024037471408386406,6335.952820512821,5748.72,0.23285011875313946,0.217424044435485,0.1837588567226189,0.17653668990662272,39,0,335.0,-2.3589013818087627,0.08598559024570479,방문성 검토,-0.1713104298096274,유지/변동,-2.9731471809104173
11620725,관악구,조원동,39,202301,202603,-0.49530064998194434,-0.4843524778450874,-0.02150378742694883,13938.708717948719,17471.7,0.4001199088493244,0.3789262055002934,0.17392619608626975,0.15556814734685234,0,0,,4.600565005875769,0.5104773502191914,2030 자취/거주성 높음,0.09414184347671517,유지/변동,-3.1252799064943266
11530595,구로구,가리봉동,39,202301,202603,-0.263904930433644,0.4048321144299598,-0.037109997777661864,4164.086153846153,7639.360000000001,0.3869885112066501,0.4388948574908508,0.18657339346750693,0.10664898630251748,0,0,,2.657568943171849,0.4453954998840176,2030 자취/거주성 높음,0.015881962476051115,유지/변동,-3.2163478712640474
11140570,중구,필동,39,202301,202603,-0.1730736390696564,0.1320648147435941,-0.026678007242596058,17505.540769230767,25539.85,0.4078294133652414,0.41363323052365564,0.08020129039298714,0.05357196694577298,0,0,,2.950335694643991,0.48831526271893244,2030 자취/거주성 높음,-0.11278911847176287,유지/변동,-3.2367536684746647
11110560,종로구,평창동,39,202301,202603,-0.06439698183297932,0.21611899670197443,-0.03301433379571387,5402.971794871794,5559.46,0.22435096064053675,0.21577457594819044,0.18006632790871185,0.1693941497915265,39,0,331.0,-2.1581903653145966,0.10989304812834225,방문성 검토,-0.06039789410433666,하락,-3.246828379079556
11650570,서초구,반포2동,39,202301,202603,0.5521672351790371,0.4759299627585298,-0.04409774250156595,9580.722307692307,11301.91,0.2294086349071236,0.21246188551555598,0.17679423739715638,0.14285815406422456,39,0,303.0,-3.103681596894821,0.0707254550115355,방문성 검토,-0.12997974811267515,하락,-3.3148325777392125
11530540,구로구,구로3동,39,202301,202603,-0.16650355823264923,-0.4300829801109556,-0.021382913407435956,41486.47358974359,46648.61,0.4574321199075662,0.4435288683620338,0.11086142222753356,0.07635747345955217,0,0,,5.089819831231124,0.5267232437529467,2030 자취/거주성 높음,-0.062002022970734316,유지/변동,-3.3310648551178215
11110570,종로구,무악동,39,202301,202603,-1.2281304921504737,-0.7739948783127235,-0.038726832017060626,2040.194358974359,1711.94,0.2470357810071529,0.21856906296720457,0.1473670312524409,0.17061345607906817,39,0,367.0,-3.1821889894318933,0.12130644190246839,방문성 검토,0.6266619650483873,유지/변동,-3.3332910228001524
11215710,광진구,화양동,39,202301,202603,0.765708780141308,0.30736861666389803,-0.025631501311572224,43277.641282051285,49961.990000000005,0.5957903335275634,0.5701715604823395,0.17615821678426555,0.14496940574224526,0,0,,7.495292110105046,0.7152765088407589,혼재형 (상권+거주),-0.46435526381758496,유지/변동,-3.3484710161091806
11545690,금천구,시흥3동,39,202301,202603,-0.9053533071391462,-0.3088661095005031,-0.029153821213367768,3464.290769230769,3883.84,0.23277205678240692,0.22340499575777623,0.1610233203473144,0.155536788333196,39,0,356.0,-2.4263412379816667,0.11111809923130678,방문성 검토,0.19936345022786228,유지/변동,-3.490685384326177
11470670,양천구,신정6동,39,202301,202603,-0.5244242846370335,-0.33556393185124267,-0.030069114804294843,4016.078974358975,3749.02,0.20666175386634053,0.17654028101257957,0.19782209335135756,0.2010552090946434,39,0,357.0,-3.9420716449123434,0.03639015677713832,방문성 검토,0.1153773057218972,유지/변동,-3.507712107134839
11290640,성북구,정릉3동,39,202301,202603,1.0314186855391063,2.0358528802594043,-0.07459753149638203,10894.861025641027,18090.19,0.4392758380841279,0.5042966515500059,0.13796784891765632,0.09219416711488382,0,2,37.0,1.9839995671558792,0.3246784830997527,혼재형 (상권+거주),-0.318955129423387,하락,-3.5439645476765955
11110700,종로구,숭인1동,39,202301,202603,-0.46634943629648246,0.052408380123671106,-0.03567975076574436,2704.2902564102565,2830.66,0.25158930219466635,0.22995977860767852,0.17691907839886506,0.18416199755534043,39,0,343.0,-0.3680341338776378,0.2659895287958115,방문성 검토,0.05641928095992321,유지/변동,-3.6144751240376287
11740560,강동구,고덕2동,39,202301,202603,0.3563566584611666,0.2552757930387144,-0.02202440166239241,8668.665128205128,8260.57,0.2545767871262186,0.22604313349689772,0.16533215373660562,0.14801642017439476,39,0,330.0,-1.7728927222548552,0.12012807271224953,방문성 검토,-0.4727392634931583,유지/변동,-3.657570198576208
11620685,관악구,신사동,39,202301,202603,0.10478498938524904,0.1388437834588494,-0.03377309802513934,9076.381282051281,9503.93,0.4354783948463852,0.4209805233060326,0.23854298432726673,0.2264957759579458,0,0,,4.97670455328652,0.5398314825638029,혼재형 (상권+거주),-0.17527188791384773,하락,-3.6904824900201314
11680600,강남구,대치1동,39,202301,202603,-0.8466522922860068,-0.6401467983930351,-0.017961263731473408,9932.590512820514,10506.42,0.17918231573775323,0.16581602416972593,0.11201097215873407,0.10270767778177532,39,0,366.0,-3.8415154374762515,0.044368149580915534,방문성 검토,0.029045777471710332,유지/변동,-3.7422056479569576
11320521,도봉구,도봉1동,39,202301,202603,-0.8396252214407491,-0.5314755205497207,-0.03424379807326619,5602.1446153846155,5385.09,0.17819755564581374,0.17545324664534764,0.16907690381336793,0.15744397958065695,39,0,365.0,-1.175927875769429,0.11915516175561508,방문성 검토,0.26498145530684936,유지/변동,-3.786966003073549
11230730,동대문구,휘경2동,39,202301,202603,0.20343407247159845,0.3530477126477858,-0.028282473608594833,12053.293846153847,13701.59,0.35319349030824587,0.3554858330686958,0.19253446616836453,0.17047145623245186,0,0,,3.041146851891104,0.412340986487971,혼재형 (상권+거주),-0.38592216905496013,유지/변동,-3.800354943410828
11110540,종로구,삼청동,39,202301,202603,-0.9273363238927502,-1.0368172243084426,-0.03497188232888695,6403.455897435897,5947.61,0.39777829742549703,0.36541693008761855,0.03215338422289552,0.02514119116754461,0,0,,1.8777087493165385,0.4661026200873362,2030 자취/거주성 높음,0.4034787421938708,유지/변동,-3.98683507277394
11470630,양천구,신정2동,39,202301,202603,-0.5434020852200206,-0.42764669513038683,-0.023823021820829713,5204.967435897436,5683.82,0.21212993574841071,0.1894995140670504,0.16450213682872927,0.14187993286205405,39,0,361.0,-3.1971357099966062,0.07111083743842365,방문성 검토,-0.07720042872136262,유지/변동,-4.0046492223149315
11305608,강북구,번3동,39,202301,202603,-0.4099807172881547,-0.30364790013361254,-0.026036382492713835,3871.682307692308,3943.91,0.2117742218687164,0.19149544653833978,0.19498398817692228,0.17495328240248892,39,0,355.0,-3.0592796412587213,0.0646232790988736,방문성 검토,-0.13885890898975284,유지/변동,-4.118431978349226
11530550,구로구,구로4동,39,202301,202603,-0.42047137070667706,-0.4463804569471189,-0.03693018697167908,5472.789487179487,4923.62,0.25442705502028506,0.22211876331112423,0.18988050228736894,0.18585715388271232,39,0,362.0,1.0471069194668634,0.2312963202065849,방문성 검토,0.07101857502076203,유지/변동,-4.215090898658099
11110615,종로구,종로1·2·3·4가동,39,202301,202603,0.03263781732224015,-0.43490390145670066,-0.04093173478695671,90047.20128205129,90971.37,0.4038789419220618,0.3759281114948713,0.07154437440188986,0.047435253530863614,0,0,,4.034398523674198,0.5436151515151515,혼재형 (상권+거주),0.0001769137433349499,유지/변동,-4.270718128906844
11740590,강동구,암사3동,39,202301,202603,-0.25346620731705133,-0.12473373484533601,-0.027236880275750296,4090.5305128205127,4536.16,0.23538072653176634,0.19720497029422324,0.19457899269843315,0.1849802476103136,39,0,349.0,-3.4452256878075707,0.05541444498303441,방문성 검토,-0.2550090277960875,유지/변동,-4.293782641745677
11710642,송파구,문정2동,39,202301,202603,-0.4212456232996443,-0.27011909163738634,-0.03071418961107965,39610.76666666666,44049.05,0.39316045143997197,0.3911614433129576,0.09711781684214336,0.08419409726202948,0,0,,4.140138786278234,0.4995533472803348,2030 자취/거주성 높음,-0.10848855580974659,하락,-4.3021537070204925
11140520,중구,소공동,39,202301,202603,-0.46585652896510876,-0.29353157181830847,-0.03465789865403862,37274.45615384616,44444.97,0.39160639205010184,0.3844169235934846,0.033719871400789525,0.023656670259874172,0,0,,2.9386686902845884,0.4831957547169811,2030 자취/거주성 높음,-0.02999606058926041,하락,-4.338162670051591
11320680,도봉구,쌍문3동,39,202301,202603,0.3293871845235511,0.11749661260685387,-0.029235510795615035,5303.2705128205125,5009.849999999999,0.27429707130412023,0.2443236932314458,0.19172960094218672,0.17269379322734216,39,0,341.0,0.2847557465550619,0.22717209121029036,방문성 검토,-0.4918165246342472,유지/변동,-4.4679849657472355
11680630,강남구,대치4동,39,202301,202603,-0.35145577305075915,-0.10383268507344123,-0.03554811846642384,28545.251282051282,32219.61,0.32563532170611714,0.33688523973094026,0.09742315804260336,0.07813067880089176,0,0,,2.6520898676128826,0.4111050394656952,2030 자취/거주성 높음,-0.15303622939613426,하락,-4.555079998468802
11290600,성북구,안암동,39,202301,202603,-0.6362881856608354,-0.17863341421347467,-0.039301365429489664,27708.451538461533,44651.09,0.5184104298177711,0.5461884985663055,0.12313334308515433,0.08816156559671892,0,0,,6.597023456529541,0.6482784616852754,2030 자취/거주성 높음,0.005207303104721284,유지/변동,-4.580477616239015
11680660,강남구,개포1동,39,202301,202603,-0.3641799575246287,0.3424511919412797,-0.06347006157864601,5528.098717948718,6693.679999999999,0.2068032166510534,0.18688639198767953,0.18331152070071832,0.19923121511634856,39,0,320.0,-0.7752990251978796,0.20386096759041802,방문성 검토,0.12776106306083634,유지/변동,-4.8594658212534245
11320513,도봉구,창3동,39,202301,202603,-0.4230179673118125,-0.3666150405944265,-0.028787304525516467,3243.2602564102563,3294.55,0.21996502946205082,0.20379827957148886,0.20454329034999044,0.17909274407733983,39,0,359.0,-1.76949103067448,0.13194586894586893,방문성 검토,-0.25282151615671145,유지/변동,-4.89561578813141
11170700,용산구,보광동,39,202301,202603,0.0166234749985704,-0.2702404188000026,-0.05419265766432474,3984.1812820512823,3266.04,0.3264988593238825,0.2936439363629416,0.17577312846845408,0.15225165644021507,0,0,,1.1788424218028155,0.33537013536379023,혼재형 (상권+거주),0.03262274509863816,유지/변동,-4.913323765790295
11140590,중구,광희동,39,202301,202603,-0.16231872061718466,-0.6185575856483743,-0.04074718463842099,22775.681282051282,19663.96,0.3851127517605696,0.3573423517150705,0.10324814742423873,0.07922870062795083,0,1,,3.371929332227351,0.4836180904522613,혼재형 (상권+거주),-0.09761605108290539,하락,-4.979410043054026
11110710,종로구,숭인2동,39,202301,202603,-1.367898699967946,-0.840542875491608,-0.040628436439600756,7291.197435897436,7192.94,0.28704793730142786,0.2898097948711337,0.1769784643038612,0.18666637007955023,0,0,,3.484341080011757,0.5198518175503588,2030 자취/거주성 높음,0.26315265170956526,유지/변동,-5.255879459662053
11545510,금천구,가산동,39,202301,202603,-1.165765786785479,-1.085287772935783,-0.02389599433752722,62468.69564102564,80669.11,0.4661259699365004,0.46026524054187856,0.08375919880912938,0.06080183604356116,0,0,,6.48714326224849,0.6512593132491091,2030 자취/거주성 높음,-0.014691377892074975,유지/변동,-5.285062622297525
11470610,양천구,신월6동,39,202301,202603,-1.120133342549557,0.7075016128223084,-0.06976304670525839,2346.61717948718,5049.83,0.2576683944943325,0.28263272571781334,0.16260003874245493,0.1620509997366248,39,0,279.0,-1.7626951939032813,0.15868226600985222,방문성 검토,0.1619336545448966,유지/변동,-5.588095813990185
11710566,송파구,오륜동,39,202301,202603,0.7354948472718192,0.379441524322402,-0.08753813479531405,11478.462307692309,10121.86,0.31449080684685377,0.2543530480194137,0.10929896685141444,0.11424184883015573,39,3,314.0,-3.7077630281291474,0.05239307268433482,방문성 검토,-0.10487501837527652,하락,-5.848460424378296
11110690,종로구,창신3동,39,202301,202603,-0.21052235877075345,-0.11515836242161526,-0.04265492231537572,1971.1807692307693,2082.04,0.2884942291303911,0.26648133642558375,0.1932397164855274,0.17025609498376593,39,0,348.0,-1.739986526904239,0.16160965794768611,방문성 검토,-0.3740669832138761,하락,-5.861553811819663
11320681,도봉구,쌍문4동,39,202301,202603,-0.12175711692479826,-0.39330773286858456,-0.03071670370222251,3576.9482051282052,3621.1800000000003,0.21781586723973353,0.18398444466235375,0.22573909145064897,0.18495352343711163,39,0,360.0,-3.007931715656809,0.06684597105206308,방문성 검토,-0.539385644996565,하락,-5.93638213531816
11110670,종로구,창신1동,39,202301,202603,-0.9015837246471197,-0.4860219497565739,-0.03140066842899896,3881.4235897435897,4407.29,0.22520865546542573,0.22001258986251493,0.12979363343132244,0.11422438732191437,39,0,363.0,-0.46690805023689724,0.2582188721384701,방문성 검토,-0.30736460552159056,하락,-6.018050623736095
11170650,용산구,이태원1동,39,202301,202603,3.478683089032985,0.8248295819241009,-0.16659329713823778,13145.422051282052,7210.17,0.5366796228545576,0.4067936893737951,0.2093412587227904,0.1312632018385142,0,26,,2.1043732118115273,0.3865322302654257,혼재형 (상권+거주),-0.4707375082559917,하락,-6.081317471994901
11140550,중구,명동,39,202301,202603,-1.112466849378819,-1.0216330629464365,-0.03451314668465691,62550.2823076923,70961.86,0.4156138702724527,0.41167002889852494,0.033925358807753346,0.022947679218103922,0,0,,4.796532315467213,0.5390777576853526,2030 자취/거주성 높음,-0.05644978830070535,하락,-6.095559807894268
11110630,종로구,종로5·6가동,39,202301,202603,-1.7194373152060412,-1.7511824319988123,-0.01603233693890778,16337.94358974359,15856.98,0.31287083004175725,0.28974634326570503,0.0738745668880127,0.06448958124434792,0,0,,3.457971533356197,0.5878988505747127,2030 자취/거주성 높음,0.004844233574787138,유지/변동,-6.0995648265444
11620735,관악구,대학동,39,202301,202603,-0.6288924482251557,-0.13112126236201682,-0.04574101258076907,28017.678974358972,43022.280000000006,0.4980406650092512,0.5270973337418877,0.11977820766256954,0.09189401398531179,0,0,,6.184876568685447,0.6625883713247439,2030 자취/거주성 높음,-0.2733009343548778,하락,-6.161934356799797
11140580,중구,장충동,39,202301,202603,-0.7319001636462519,-0.5487461086000249,-0.044578214619670695,10419.661025641026,11025.34,0.40825271475225877,0.3993795589898925,0.07561139553714595,0.07049669216550238,0,0,,3.206439857769251,0.5341878928217003,혼재형 (상권+거주),-0.329408221151565,하락,-6.955906577615609
11140615,중구,신당동,39,202301,202603,-0.6198359665371501,-0.9171486784690839,-0.04192351831770476,13027.203333333333,12419.789999999999,0.36992153740684997,0.3104272320770233,0.15150457170744555,0.15719669978316864,0,0,,4.045154685282571,0.4184124856376867,2030 자취/거주성 높음,-0.3751147500150436,하락,-7.28760552817469
11230740,동대문구,이문1동,39,202301,202603,-0.9680215731090771,-0.17297893789155339,-0.04760653443274059,19702.797948717947,31021.64,0.45657108023690146,0.5028049098524292,0.14665973657243486,0.12016482687569065,0,0,,6.143353025747161,0.6105865263819096,2030 자취/거주성 높음,-0.46833899743248164,하락,-7.567163096695515
11170640,용산구,이촌2동,39,202301,202603,0.676964422977262,0.11866645950481636,-0.06582232559962761,2866.4358974358975,1775.1599999999999,0.34043035720259557,0.26723189271945286,0.19030530071361534,0.20344644989747404,39,0,340.0,-2.0571415384849807,0.15408925318761385,방문성 검토,-1.10366340075831,하락,-9.326981846073934
11140605,중구,을지로동,39,202301,202603,-0.50379375288919,-1.304050382835894,-0.07245262077554607,20763.587692307694,18837.829999999998,0.417468663296584,0.34320814145593853,0.08357158392337505,0.06961895292610668,0,0,,3.889276960697531,0.6670677966101695,혼재형 (상권+거주),-0.2603356237735204,하락,-9.37944861280029
11740690,강동구,둔촌1동,39,202301,202603,-1.301477595706245,0.5361111940601063,-0.11281025697178616,5473.19717948718,11662.75,0.22537542772261057,0.2320092033815226,0.17659405682138915,0.19436325051981737,0,0,,1.0190285810715625,0.30419621175327827,2030 자취/거주성 높음,0.0957487452503929,유지/변동,-9.432733023776583
11230710,동대문구,회기동,39,202301,202603,-0.5370655432107709,-0.5931522498948092,-0.035521135013288074,14202.017948717947,18533.98,0.46087871781000556,0.4464675571135338,0.14789913965289292,0.11442820160591519,0,0,,5.239231928099233,0.5933548387096774,2030 자취/거주성 높음,-1.1534546322520534,하락,-9.616178937159292
11650550,서초구,반포본동,39,202301,202603,-0.8141655379588043,-0.9931343817898028,-0.12886145437334082,1150.5828205128205,1667.84,0.294619758234107,0.26994909644160653,0.19331497534040243,0.10882938411358403,39,0,368.0,-3.757645955259504,0.12368942731277534,방문성 검토,-0.905978814582475,하락,-16.198379770778477
